recipe_id,recipe_name,expiry_score
2,Maa Ki Dal Recipe - Punjabi Style Black Urad Dal Recipe,1.0
2224,Sorakkai Paruppu Kuzhambu Recipe - Tamil Nadu Style Lauki Curry,1.0
3940,Seer Fish Fry Recipe,1.0
12027,Tandoori Chickpea & Cauliflower Curry Recipe (Vegan Curry),1.0
1056,Sweet Potato & Oatmeal Kofta Curry (Non Fried),1.0
3984,Ajwaini Tamatar Bhindi Recipe,1.0
15555,Paneer Butter Masala Biryani Recipe,1.0
2181,Valor Muthia Nu Shaak Recipe - Flat Beans Stir Fry With Dumplings,1.0
15557,Andhra Style Davva Aava koora Recipe (Sweet and Spicy Banana Stem Peanut Curry Recipe),1.0
17198,Semiya Biryani Recipe,1.0
12012,Shahi Egg Curry Recipe In Tomato & Cashew Gravy,1.0
2177,Oriya Style Ambila Recipe - Sweet & Spicy Mixed Vegetable Sabzi,1.0
2175,Kadalai Puli Kuzhambu With Mangalore Cucumber & Drumstick Recipe,1.0
8783,Poondu Milagu Kuzhambu Recipe - Tamilnadu Style Garlic and Black Pepper Curry,1.0
3992,Kathirikai Gothsu / Gotsu Recipe - South Indian Style Spicy and Tangy Eggplant Curry,1.0
17164,Tangy Raw Beetroot & Tomato Chutney Recipe,1.0
2165,Karnataka Style Sorakaya Palya Recipe - Karnataka Style Bottle Gourd Sabzi,1.0
2164,Palak Paneer Recipe | Cottage Cheese In Spinach Gravy,1.0
1089,Khatti Meethi Palak Khichdi Recipe,1.0
4007,Hyderabadi Khatti Dal Recipe (Hyderabadi Tangy Lentil Curry),1.0
4009,Chettinad Style Kara Kuzhambu Recipe with Potato and Brinjal,1.0
1050,Khakhra Pizza Recipe With Cheese Spread & Roasted Vegetables,1.0
17271,Tomato Uttapam Recipe,1.0
2281,Batata Saragva Nu Shaak Recipe-Spicy Aloo & Drumstick Vegetable,1.0
3934,Kerala Style Brinjal Curry Recipe | Spicy Eggplant Curry in Coconut Milk,1.0
15491,Bharwa Karela Makhani Recipe - Stuffed Karela Masala Gravy,1.0
8702,Crispy Paneer Bars Recipe- Crispy Cottage Cheese Bars,1.0
8707,Meen Vevichathu Recipe - Kottayam Style Fish Curry,1.0
8709,Dahi Wali Singhare Ki Sabzi Recipe,1.0
8712,Chicken In A Foil Recipe,1.0
15494,Dal Palak Recipe With Moong & Masoor Dal,1.0
12152,Karnataka Style Sorakkai Palya (Recipe In Hindi),1.0
1009,Red Chilli and Tomato Pachadi Recipe,1.0
17327,Lau Chingri Recipe (Bottle Gourd And Shrimp Curry),1.0
17319,Punjabi Wadi Choliya Ki Sabzi Recipe,1.0
12112,Amritsari Murgh Makhani Recipe- Chicken Makhani Recipe,1.0
12108,Drumstick Leaves Fried Rice Recipe,1.0
3929,Hariyali Gobi Recipe - Palak Cauliflower Curry Recipe,1.0
3930,Arachuvitta Sambar Recipe - Sambar With Fresh Ground Spices,1.0
2232,Hesarukalu Bele Kosambari Recipe | Tangy Sprouted Green Moong Dal Salad,1.0
8745,Chettinad Thakkali Vengaya Kuzhambu Recipe,1.0
1037,Thakkali Gotsu Recipe | Thakkali Curry | Spicy & Tangy Tomato Gravy,1.0
15524,Paneer Makhani Recipe-Restaurant Style Recipe,1.0
2226,Bendakaya Pulusu Recipe - Andhra Style Tangy Ladies Finger Curry,1.0
15604,Kathirikai UrulaiKizhanghu Pachidi Recipe (Brinjals And Potatoes With Moong Dal),1.0
8801,Baby Potato Theeyal Recipe - Kerala Style Potatoes In Shallots And Roasted Coconut,1.0
5229,Mysore Rasam Recipe,1.0
1100,Paruppu Urundai Rasam Recipe - Dal Dumpling Rasam,1.0
1150,Kashmiri Style Gaad T Tamatar Recipe - Fish Curry,1.0
4034,Suran Ki Sabzi Recipe - Jimikand Masala Vegetable Recipe,1.0
11909,Paneer Stuffed Mushroom Masala Recipe,1.0
5158,Chettinadu Nandu Varuval Recipe (Crab Fry Dry With Baby Onions),1.0
1167,Kerala Style Varutharacha Mutton Curry Recipe,1.0
1172,Rajasthani Papad Ki Sabzi Recipe,1.0
15658,Amritsari Fish Gravy Recipe,1.0
2106,Gujarati Dal Recipe - Sweet Tangy and Spicy Dal,1.0
8958,Bharwa Lauki Recipe In No Onion No Garlic Makhani Gravy,1.0
2097,Gujarati Sev Tameta Nu Shaak | Sev Tamatar Ki Sabzi Recipe,1.0
11797,Baby Potato Theeyal Recipe - Kerala Style Potatoes In Shallots And Roasted Coconut,1.0
16925,Misa Maas Kordoi Tenga Recipe (Shrimp With Star Fruit Curry),1.0
8974,Delicious Butter Chicken Pani Puri Recipe,1.0
2090,Paalkatti Chettinad Curry Recipe -Chettinad Style Paneer Kurma Recipe,1.0
1190,Khatti Meethi Lauki Dal Recipe - Sweet & Spicy Bottle Gourd Dal,1.0
4113,Potala Rasa Recipe (Oriya Style Parval Sabzi),1.0
11655,Bharwa Lauki Recipe In No Onion No Garlic Makhani Gravy,1.0
1199,Smoked Dal Makhani Recipe - Dhaba Style,1.0
4126,Kollu Puli Kuzhambu Recipe - Horsegram In A Tangy Gravy,1.0
15632,Delicious Dal Makhani Recipe Without Onion and Garlic (Jain),1.0
1147,Murungai Keerai Kollu Kuzhambu - Drumstick Leaves Horse Gram Curry,1.0
8896,Chettinadu Kozhi Kuzhambu Recipe - Chettinadu Chicken Curry,1.0
15614,Kerala Kadala Curry Recipe - Spicy Chickpeas in Coconut Curry,1.0
15608,Uttarkhand Style Mixed Bhaddu Dal Recipe,1.0
15611,Chole Capsicum Masala Recipe,1.0
11960,Ande Ka Salan Recipe - Tangy Egg Masala in Peanut Gravy,1.0
17105,Radish Greens Poriyal Recipe (South Indian Style Radish Greens Stir Fry),1.0
2143,Chettinad Poondu Rasam Recipe | Spicy Garlic Rasam,1.0
5210,Tomato Rasam Recipe For Babies And Toddlers,1.0
8826,Hariyali Paneer Tikka Masala Gravy Recipe -No Onion No Garlic Recipe,1.0
8844,Khatti Meethi Tinda Masala Recipe,1.0
2139,Kerala Style Chemmeen Moilee Recipe - Prawn Curry,1.0
1143,Orange Rasam Recipe,1.0
1125,Tomato Jam Recipe,1.0
8853,Chow Chow Verkadalai Masala Curry Recipe - Chayote Peanut Poriyal Recipe,1.0
5192,Tamil Nadu Style Vengaya Sambar Recipe - Pearl Onion Sambar,1.0
8854,Mixed Vegetable Kurma Recipe - Vegetables in Spicy Coconut Curry,1.0
15622,Shahi Egg Curry Recipe In Tomato & Cashew Gravy,1.0
4020,Senai Kizhangu Gotsu Recipe - Spicy & Tangy Yam Curry Recipe,1.0
2124,Potala Rasa Recipe (Oriya Style Parval Sabzi),1.0
17059,Patta Gobi Matar Nu Shaak Recipe (Cabbage & Peas Sabzi Recipe),1.0
984,Calamari Roast Recipe (Kerala Style Squid),1.0
3885,Bengali Style Kanchkolar Kofta Curry Recipe | Raw Banana Kofta Recipe,1.0
12742,Chettinad Style Pepper Mushroom Recipe,1.0
12640,Delicious Dal Makhani Recipe Without Onion and Garlic (Jain),1.0
3689,Dhingri Matar Recipe,1.0
17577,Kondakadalai Puli Vengaya Kuzhambu Recipe (South Indian Style Spicy And Tangy Kala Chana),1.0
833,Lemon Thyme Rasam Recipe,1.0
12604,Khatti Meethi Tinda Masala Recipe,1.0
2396,Chutney Chilli Cheese Toast Recipe,1.0
3722,Radish Leaves Pachadi Recipe,1.0
842,Chettinad Special Steamed Lentil Dumplings Gravy - Kola Urundai Kuzhambu,1.0
8269,Karnataka Style Mixed Vegetable Pulao Recipe,1.0
12539,Dudhi Dal Gosht Recipe-Mutton With Bottle Gourd & Lentils,1.0
3725,Dal Chenchki ( Red Lentils with Shallots),1.0
5447,Kandathippili Rasam Recipe - Long Pepper Rasam,1.0
17558,Aar Macher Jhol Recipe - Bengali Fish Curry,1.0
17553,Karnataka Style Mixed Vegetable Pulao Recipe,1.0
8293,Aar Macher Jhol Recipe - Bengali Fish Curry,1.0
853,Andhra Style Sorakaya Kura Recipe - Bottle Gourd And Toor Dal Recipe,1.0
12536,Brinjal Capsicum Sabji Recipe,1.0
1599,Chettinad Style Tomato Vermicelli Upma Recipe,1.0
12535,Tawa Paneer Masala Recipe,1.0
12521,Tandoori Paneer Darts Masala Recipe,1.0
15324,Vankaya Ulli Karam Recipe - Eggplant In Spicy Onion Gravy,1.0
17583,Goan Chicken Vindaloo Recipe,1.0
15483,Dubki Wale Aloo Recipe - Potatoes In A Spicy North Indian Gravy,1.0
816,Chotti Aloor Dum Recipe - Baby Potatoes In Tomato Gravy,1.0
772,Kacche Aam Aur Lehsun Ki Dal Recipe -Curried Lentils With Mango & Garlic,1.0
17636,Chettinad Kozhi Rasam Recipe - Chettinad Chicken Rasam,1.0
12736,Sweet Corn And Capsicum Gravy Recipe,1.0
3653,Suran Kebab Masala Recipe - Yam In Tomato Onion Gravy,1.0
15287,Corn And Peas Curry Recipe,1.0
5480,Pudina Rasam Recipe - Mint Leaves Rasam,1.0
5479,Green Apple Rasam Recipe,1.0
5475,Elaneer Rasam Recipe - Tender Coconut Rasam,1.0
15310,Smoked Dal Makhani Recipe - Dhaba Style,1.0
12685,Murungai Keerai Thanni Saaru Recipe-Drumstick Leaves Soup,1.0
17604,Drumstick Leaves Fried Rice Recipe,1.0
8214,Dudhi Dhokli Nu Shaak Recipe - Bottle Gourd And Steamed Dumplings Curry,1.0
8219,Chettinad Kozhi Rasam Recipe - Chettinad Chicken Rasam,1.0
15319,Chettinad Style Pepper Mushroom Recipe,1.0
805,Kaju Butter Masala Recipe,1.0
17597,Palak Mushroom Makhani Recipe - Creamy Spinach & Mushroom,1.0
5466,Roasted Bell Pepper Rasam Recipe,1.0
12663,Andhra Style Mukkala Pulusu Recipe-Mixed Vegetable Sambar,1.0
8237,Eggplant In Coconut Milk Gravy Recipe -Baingan Masala Sabzi,1.0
12502,Baked Stuffed Baati With Churma And Panchratna Dal Recipe,1.0
17531,Eggplant In Coconut Milk Gravy Recipe -Baingan Masala Sabzi,1.0
3751,Radish Leaves Pachadi (Recipe In Hindi),1.0
5425,Veppam Poo Rasam Recipe (Neem flower Rasam),1.0
15430,Sprouted Horse Gram Thoran Recipe - No Onion No Garlic,1.0
17455,Assamese Machor Tenga Anja Recipe - Fish Curry With Kokum,1.0
15438,Lauki Chana Dal Recipe | Dudhi Chana Dal | High Protein Bottle Gourd Lentil Curry,1.0
15442,Bengali Kosha Mangsho Recipe-Slow Cooked Mutton Curry,1.0
15444,Lobia Masala Recipe (Black Eyed Bean Curry) - Roz Ka Khana With Figaro Olive Oil,1.0
12277,Oriya Style Ambila Recipe-Sweet & Spicy Mixed Vegetable Sabzi,1.0
15452,Spiced Onion Pulao Recipe - Pyaz Pulao Recipe,1.0
8561,Raw Mango Carrot Cucumber Salad Recipe With Peanuts,1.0
15455,Dim Posto Recipe - Bengali Egg Curry With Poppy Seeds,1.0
8587,Karnataka Style Bonda Soup Recipe-Urad dal Fritters in Spicy Dal Soup,1.0
15456,Sankara Meen Kuzhambu Recipe,1.0
17417,Dherosh Chingri Jhol Recipe (Bengali Style Prawn Curry With Ladies Finger),1.0
15459,Arbi Shimla Mirch Sabzi Recipe – Colocasia Capsicum Sabzi,1.0
12264,Traditional Maharashtrian Bhakarwadi Recipe,1.0
961,Sprouted Kollu Sambar Recipe - Horse Gram Sambar With Vegetables,1.0
2302,Milagu Rasam Recipe - Miriyala Charu | Pepper Rasam With Fresh Ground Rasam Powder,1.0
8597,Sweet and Spicy Tomato Chutney Recipe,1.0
15480,Lagan Ki Machli Recipe - Delicious Pomfret Curry,1.0
12220,Corn and Peas Curry Recipe - Corn And Peas Curry Recipe,1.0
922,Dangar Pachadi With Grated Carrots Recipe (Urad Dal Raita),1.0
3829,Jain Style Paneer Butter Masala Recipe | No Onion No Garlic Paneer Makhani,1.0
12310,Chettinad Kozhi Rasam Recipe - Chettinad Chicken Rasam,1.0
8411,Classic Grilled Tomato Cucumber Chutney Sandwich Recipe,1.0
2364,Sundakkai And Methi Leaves Sambar Recipe,1.0
17529,Amritsari Ajwaini Paneer Recipe,1.0
875,Masala Wali Turai Ki Sabzi Recipe - Ridge Gourd Masala Curry,1.0
876,Jaipuri Aloo Pyaz Ki Sabzi Recipe Using Preethi Electric Pressure Cooker,1.0
3753,Mughlai Style Chicken Changezi Recipe,1.0
15395,Kohlrabi Recipe (Knol Khol Poriyal),1.0
12426,Cheesy Paneer Masala Curry Recipe,1.0
5411,No Onion No Garlic Lauki Paneer Kofta Curry Recipe,1.0
8429,Pumpkin Dal with Garlic Tadka Recipe,1.0
12319,Kala Chana Masala Curry Recipe,1.0
896,Dhaba Style Green Moong Dal Tadka Recipe,1.0
3777,Palak Mushroom Makhani Recipe - Creamy Spinach & Mushroom,1.0
8447,Andhra Style Mukkala Pulusu Recipe-Mixed Vegetable Sambar,1.0
2345,Dhingri Matar Recipe (Mushrooms and Peas Spicy Curry),1.0
3814,Saunf Wali Hari Gobi Sabzi Recipe - Cauliflower Spiced with Fennel and Green Chutney,1.0
2333,Tamil Nadu Style Grinded Rasam Recipe,1.0
5376,Tulsi And Betel Leaves Rasam Recipe,1.0
5375,Tomato Jeera & Paruppu Rasam Recipe,1.0
15727,Saag Tofu Recipe (Tofu Simmered in Spiced Mustard & Spinach Leaves),1.0
16894,Roasted Garlic Tomato Chutney Recipe,1.0
11593,Goan Chicken Vindaloo Recipe,1.0
10646,Palak Mushroom Makhani Recipe - Creamy Spinach & Mushroom,1.0
9819,Dal Palak Recipe With Moong & Masoor Dal,1.0
1773,Bharwa Karela With Sweet Potato Filling Recipe,1.0
4458,Drumstick Fennel Spinach Sambar Recipe-Drumstick & Greens Sambar,1.0
16256,Hesarukalu Bele Kosambari Recipe | Tangy Sprouted Green Moong Dal Salad,1.0
16249,Sorakkai Paruppu Kuzhambu Recipe - Tamil Nadu Style Lauki Curry,1.0
1764,Matar Masala Tofu Recipe,1.0
16241,Ajwaini Tamatar Bhindi Recipe,1.0
4472,Green Moong Sprout Salad Recipe With Vegetables- No Onion No Garlic,1.0
9854,Kathal Masaledar Sabzi Recipe - Jackfruit Masala Sabzi,1.0
9871,Kandathippili Rasam Recipe - Long Pepper Rasam,1.0
16010,Andhra Style Vendakaya Charu Recipe - Ladies Finger Rasam,1.0
1740,Chettinad Style Nattu Kozhi Varuval Recipe,1.0
1732,Mixed Vegetable Akki Roti Recipe,1.0
4755,Tomato Garlic Chutney Recipe,1.0
9903,Dhaba Style Green Moong Dal Tadka Recipe (Dhaba Style Green Moong Dal Tadka),1.0
10535,Kashmiri Style Paneer Masala Recipe,1.0
10522,Classic Grilled Tomato Cucumber Chutney Sandwich Recipe,1.0
9948,Pudina Rasam Recipe - Mint Leaves Rasam,1.0
10521,Aloo Bhey Ki Sabzi Recipe (Potato Lotus Stem Curry),1.0
10642,And fish soup recipe - Bengali fish curry,1.0
9771,Lagan Ki Machli Recipe - Delicious Pomfret Curry,1.0
11566,Palak Paneer Recipe - Palak Paneer Recipe,1.0
10653,Dahi Wale Paneer Recipe - Paneer In A Curd Gravy,1.0
15932,Paruppu Urundai Rasam Recipe - Dal Dumpling Rasam,1.0
15937,Aloo Bhey Ki Sabzi Recipe (Potato Lotus Stem Curry),1.0
15938,Khatti Meethi Palak Khichdi Recipe,1.0
9655,Spicy Pickled Paneer Gravy (Recipe In Hindi),1.0
9657,Kongunadu Cucumber Juice Recipe - Spicy & Tonji Eggplant Juice,1.0
16330,Carrot and Capsicum Mix Dal Recipe,1.0
16328,Cabbage Tomato Pachadi Recipe,1.0
1801,Maharashtrian Tomato Saar Recipe,1.0
15946,Raw Jackfruit Kofta Curry Recipe - Kathal Kofta Curry Recipe,1.0
10680,Meen Vevichathu Recipe - Kottayam Style Fish Curry,1.0
15958,Reshmi Kofta Recipe in Rich Cashew Gravy,1.0
16298,Kadalai Puli Kuzhambu With Mangalore Cucumber & Drumstick Recipe,1.0
9693,Chole Capsicum Masala Recipe,1.0
9700,Paneer Kofta Curry Recipe - Paneer Kofta Curry Recipe,1.0
1412,Bengali Dhokar Dalna Recipe,1.0
1794,Kollu Puli Kuzhambu Recipe - Horsegram In A Tangy Gravy,1.0
16291,Palak Paneer Recipe | Cottage Cheese In Spinach Gravy,1.0
15965,Mughlai Style Chicken Changezi Recipe,1.0
9759,Raw Jackfruit Kofta Curry Recipe - Kathal Kofta Curry Recipe,1.0
10507,Veg Makhanwala Recipe - North Indian Mixed Vegetables Gravy,1.0
10499,Dherosh Chingri Jhol Recipe (Bengali Style Prawn Curry With Ladies Finger),1.0
16028,Restaurant Style Chettinad Style Fish Curry Recipe,1.0
16029,Turai Moong Dal Recipe - Turia Mag Ni Dal,1.0
16145,Kadai Chole Recipe- Dry Chickpeas Masala with Capsicum,1.0
16074,Eerulli Palya Recipe - Vengaya Poriyal Recipe,1.0
10401,Chicken Tariwala Recipe - Punjabi Murgh Tariwala Recipe,1.0
16081,Murungai Keerai Thanni Saaru Recipe-Drumstick Leaves Soup,1.0
10383,Hyderabadi Khatti Dal Recipe (Hyderabadi Tangy Lentil Curry),1.0
1568,Spicy Tomato Rice - Tomato Pulihora Recipe,1.0
16082,Cauliflower Kurma (Tamil Nadu Restaurant Style Cauliflower Chops) Recipe,1.0
4583,Lemon Thyme Rasam Recipe,1.0
10338,Chicken Mapas Recipe - Chicken in Coconut Milk Curry,1.0
16122,Kollu Puli Kuzhambu Recipe - Horsegram In A Tangy Gravy,1.0
16120,Hyderabadi Khatti Dal Recipe (Hyderabadi Tangy Lentil Curry),1.0
10306,Chanar Dalna (Recipe In Hindi),1.0
16114,Chettinad Pattani Kurma Recipe - Chettinad Peas Curry,1.0
16090,Paneer Kofta Curry Recipe -Non Fried,1.0
10250,Lau Chingri Recipe (Bottle Gourd And Shrimp Curry),1.0
10258,Soya Chunks Pepper Curry Recipe,1.0
16108,Moringa Masoor Dal Recipe - Drumstick Leaves Dal,1.0
10298,Misa Maas Kordoi Tenga Recipe (Shrimp With Star Fruit Curry),1.0
1611,Karnataka Style Tamarind Gojju Recipe,1.0
1551,Mini Rava Idli With Tomato Chutney Recipe,1.0
1550,Broccoli Malai Kofta Recipe,1.0
10408,Tadkewali Masoor Dal Khichdi Recipe With Garlic & Onions,1.0
4537,Vegetable Ragi & Oats Uttapam Recipe,1.0
10498,Roasted Onion Gosht Recipe - Mutton Curry with Roasted Onion & Spices,1.0
16179,Bengali Style Kanch kolar Kofta Curry Recipe (Green Plantain Kofta Curry Recipe),1.0
1518,Andhra Style Peanut Chutney Recipe With Tomatoes,1.0
16040,Oriya Style Ghanta Tarkari Recipe (Mixed Vegetables Curry),1.0
10025,Dhaba Style Green Moong Dal Tadka Recipe,1.0
10483,Spiked Onion Casserole Recipe - Onion Casserole Recipe,1.0
1689,Thelivu Rasam Recipe,1.0
16170,Matar Masala Tofu Recipe,1.0
10062,Nihari Gosht Recipe,1.0
16061,Kashmiri Style Chokh Vangun Recipe - Baingan Masala,1.0
10097,Veg Makhanwala Recipe,1.0
16046,Spicy Seafood Stew Casserole With Tomatoes And Lime Recipe,1.0
10473,Andhra Style Davva Aava koora Recipe (Sweet and Spicy Banana Stem Peanut Curry Recipe),1.0
10142,Mixed Vegetable Akki Roti Recipe,1.0
1540,Vegetable Ragi & Oats Uttapam Recipe,1.0
16156,Mixed Vegetable Akki Roti Recipe,1.0
10161,Dhaba Style Dal Fry Recipe,1.0
10164,Broccoli Cream Kofta Recipe,1.0
10729,Tulsi and Betel Leaves Rasam Recipe - Tulsi and Betel Leaves Rasam Recipe,1.0
9626,Raw Mango Carrot Cucumber Salad Recipe With Peanuts,1.0
16369,Cauliflower Coconut Milk Stew Recipe,1.0
9301,Tandoori Paneer Tikka Masala Recipe - Tandoori Paneer Tikka Masala (Recipe in Hindi),1.0
9207,Tamil Nadu Style Paneer Kurma Recipe,1.0
1241,Kala Chana Masala Curry Recipe,1.0
1988,One Pot Aloo Gobi Sabzi Recipe Using Preethi Electric Pressure Cooker,1.0
9213,Aava Pettina Majjiga Pulusu Recipe - Andhra Style Mor Kuzhambu,1.0
11393,Veppam Poo Rasam Recipe (Neem flower Rasam),1.0
16701,Prawn Masala Rice Recipe,1.0
15811,Butter Chicken Recipe - The Classic Indian Chicken Gravy,1.0
9216,Attirachi Kuzhambu Recipe - Spicy Mutton Gravy,1.0
11387,Dal Banjara Recipe - Langar Wali Dal,1.0
4231,Dal Palak Recipe - Dal Palak,1.0
1260,Baked Stuffed Baati With Churma And Panchratna Dal Recipe,1.0
11350,Cauliflower Coconut Milk Stew (Recipe In Hindi),1.0
9241,Karnataka Style Mixed Vegetable Pulao Recipe,1.0
11333,Punjabi Wadi Choliya Ki Sabzi Recipe,1.0
15821,Kerala Style Chemmeen Moilee Recipe - Prawn Curry,1.0
16657,Tomato Garlic Chutney Recipe,1.0
15825,Paalkatti Chettinad Curry Recipe -Chettinad Style Paneer Kurma Recipe,1.0
11251,Restaurant Style Chettinad Style Fish Curry Recipe,1.0
4271,Oriya Style Parval Sabzi (Recipe In Hindi),1.0
1996,Thakkali Vengaya Sambar Recipe - Tomato Onion Sambar,1.0
1237,Potato And Cauliflower In Peanut Curry Recipe,1.0
2001,Dal Palak Recipe With Moong & Masoor Dal,1.0
2023,Suran Kofta Curry Recipe - Yam Kofta Curry,1.0
11554,Prawns Fried Rice Recipe,1.0
11538,Palak Pulao Recipe,1.0
4163,Maharashtrian Style Bhogichi Bhaji Recipe - Mixed Vegetable Curry,1.0
9106,Chatpatti Makai Masala Recipe - Spicy Steamed Corn Masala,1.0
2032,Aar Macher Jhol Recipe - Bengali Style Fish In Tomato Gravy,1.0
11489,Egg Pulao Recipe,1.0
11477,Chole Capsicum Masala Recipe - Chole Capsicum Masala Recipe,1.0
2025,Kashmiri Style Paneer Masala Recipe,1.0
9137,Spicy Chettinad Fish Fry Recipe,1.0
11422,Tomato Jam Recipe,1.0
4198,Vazhaithandu Lemon Rasam Recipe - Banana Stem Lemon Rasam,1.0
11458,Goan Kaju Curry Recipe,1.0
16825,Kakrar Jhal (Bengali Crab Korma Recipe),1.0
9154,Sorakkai Puli Kuzhambu Recipe - Tangy Bottle Gourd Curry,1.0
9155,Murungakkai Puli Kuzhambu Recipe -Spicy Drumstick Curry,1.0
4203,Seer Fish Fry Recipe,1.0
11449,Patiala Aloo Recipe,1.0
4211,Dum Murgh Aatishi Recipe - Spicy Smoked Chicken Recipe,1.0
1945,Dubki Wale Aloo Recipe - Potatoes In A Spicy North Indian Gravy,1.0
15845,Gujarati Dal Recipe - Sweet Tangy and Spicy Dal,1.0
4399,Serial recipe of radish leaves - South Indian Style Radish Greens Stir Fry (Recipe in Hindi),1.0
9378,Kerala Style Chemmeen Moilee Recipe - Prawn Curry,1.0
10987,And fish soup recipe - Bengali style fish in tomato gravy,1.0
4352,Kerala Kadala Curry Recipe - Spicy Chickpeas in Coconut Curry,1.0
1867,Chettinad Pattani Kurma Recipe - Chettinad Peas Curry,1.0
4358,Reshmi Kofta Recipe in Rich Cashew Gravy,1.0
10795,Bengali Aloo Potol er Dalna Recipe - A Traditional Vegetable Side Dish,1.0
9547,Spicy Coconut Peanut Stuffed Baby Brinjal Recipe,1.0
9560,Dal Banjara (Recipe In Hindi),1.0
9570,Prawn Masala Rice Recipe,1.0
10792,Moringa Masoor Dal Recipe - Drumstick Leaves Dal,1.0
16507,Soya Chunks Pepper Curry Recipe,1.0
1846,Paneer Kofta Curry Recipe -Non Fried,1.0
4877,Sundakkai And Methi Leaves Sambar Recipe,1.0
15913,Kashmiri Style Paneer Masala Recipe,1.0
10769,Andhra Style Bendakaya Charu Recipe - Ladies Finger Rasam,1.0
9573,Kashmiri Style Chokh Vangun Recipe - Baingan Masala,1.0
15914,Radish Leaves Pachadi Recipe,1.0
9580,Karnataka Style Sorakkai Palya Recipe - Karnataka Style Bottle Gourd Sabzi,1.0
1837,Moringa Masoor Dal Recipe - Drumstick Leaves Dal,1.0
15919,Aar Macher Jhol Recipe - Bengali Style Fish In Tomato Gravy,1.0
1338,Kashmiri Style Apple Tamatar Sabzi Recipe - No Onion No Garlic,1.0
10990,Spicy Crunchy Masala Idli Recipe,1.0
9517,Roasted Bell Pepper Rasam Recipe,1.0
9438,Batata Nu Shaak Recipe,1.0
11206,Poondu Milagu Kuzhambu Recipe - Tamilnadu Style Garlic and Black Pepper Curry,1.0
1932,North Indian Chawli ki Sabzi Recipe | Yard Long Beans | Barbati | Karamani,1.0
15853,Potala Rasa Recipe (Oriya Style Parval Sabzi),1.0
11186,Corn And Peas Curry Recipe,1.0
4298,Honey Paneer Recipe - Honey Paneer Recipe,1.0
1927,Kabuli Chana Rasam Recipe,1.0
9416,Vankaya Ulli Karam Recipe - Eggplant In Spicy Onion Gravy,1.0
11053,Sundakkai and Methi Leaves Sambar Recipe - Sundkai Methi Sambar Recipe,1.0
9441,Carrot And Capsicum Mix Dal Recipe,1.0
9513,Sorakkai Puli Kuzhambu Recipe - Tangy Bottle Gourd Curry,1.0
1319,Kasuri Methi Chole Recipe,1.0
1896,Arbi Shimla Mirch Sabzi Recipe – Colocasia Capsicum Sabzi,1.0
1321,Turai Moong Dal Recipe - Turia Mag Ni Dal,1.0
4328,Green Apple Rasam Recipe,1.0
16549,Bengali Aloo Potol er Dalna Recipe - A Traditional Vegetable Side Dish,1.0
11030,Andhra Steel Tomato Knock Recipe (Tomato Chutney),1.0
4341,Turai Moong Dal Recipe - Turia Mag Ni Dal,1.0
10991,Cauliflower Leaves Chutney (Recipe in Hindi),1.0
770,Nellikai Rasam Recipe - Whole Gooseberry Rasam,1.0
3731,Onion Palya Recipe - Vengaya Poriyal Recipe,1.0
12765,Spinach Rice Recipe - Palak Pulao,1.0
3395,Spiced Watermelon Curry Recipe With Carrots & Peppers,1.0
14711,Mini Rava Idli With Tomato Chutney Recipe,1.0
7146,Murungakkai Vendhaya Keerai Sambar Recipe-Drumstick & Fenugreek Greens Sambar,1.0
7151,Chaal Kopi Recipe - Bengali Style Cauliflower Stir Fry,1.0
7153,"Kala Chana Salad Recipe With Carrots, Cucumber & Tomatoes",1.0
14712,Cheesy Paneer Masala Curry Recipe,1.0
13782,Chettinad Style Pepper Mushroom (Recipe In Hindi),1.0
14726,Red Capsicum Chutney Recipe - Red Bell Pepper Chutney,1.0
13780,Green Tomato Vegetable Recipe - Raw Tomato Curry,1.0
13778,Neem Flower Rasam (Recipe In Hindi),1.0
14738,Ande Ka Salan Recipe - Tangy Egg Masala in Peanut Gravy,1.0
2757,Achari Paneer Mini Bread Bowl With Cheesy Twist Recipe,1.0
7220,Mixed Vegetable Sambar Recipe - Tangy Lentil Curry With Vegetables,1.0
18141,Chicken Tikka Masala Recipe,1.0
7223,Tangy Red Purifier - Tomato Beetroot Juice Recipe,1.0
18129,Sundakkai And Methi Leaves Sambar Recipe,1.0
14742,Vegetable Ragi & Oats Uttapam Recipe,1.0
14770,Karnataka Style Tamarind Gojju Recipe,1.0
3275,Cabbage Tomato Pachadi Recipe,1.0
365,Pata Gobi Aur Kele Kofta Curry Recipe - No onion No Garlic,1.0
7121,Spicy Tomato Uttapam With Garlic Recipe,1.0
14710,Broccoli Malai Kofta Recipe,1.0
312,Pesara Pappu Pulusu Recipe,1.0
13850,Saag Tofu Recipe (Tofu Simmered in Spiced Mustard & Spinach Leaves),1.0
18272,Roasted Bell Pepper Rasam Recipe,1.0
7019,Spinach Rice Recipe - Palak Pulao,1.0
18270,Pudina Rasam Recipe - Mint Leaves Rasam,1.0
7044,Spiced Watermelon Curry Recipe With Carrots & Peppers,1.0
18268,Elaneer Rasam Recipe - Tender Coconut Rasam,1.0
13892,Kadai Chole Recipe- Dry Chickpeas Masala with Capsicum,1.0
14659,Lemon Thyme Rasam Recipe,1.0
13882,Shahi Tindora Recipe - Tindora In Cashew Nut Gravy,1.0
3204,Murgh Masala Recipe - Chicken Tangdi Masala,1.0
7119,Manga Rasam Recipe - Raw Mango Rasam Recipe,1.0
18233,Murgh Masala Recipe - Chicken Tangdi Masala,1.0
292,Sprouted Horse Gram Thoran Recipe - No Onion No Garlic,1.0
18231,Brinjal Prawns Masala Curry Recipe - Baingan Prawn Masala,1.0
2787,Kerala Style Varutharacha Mutton Curry Recipe,1.0
7088,Tomato Quinoa Recipe - With A South Indian Twist,1.0
14675,Rajasthani Papad Ki Sabzi Recipe,1.0
3229,Patta Gobi Matar Nu Shaak Recipe (Cabbage & Peas Sabzi Recipe),1.0
2775,Tomato Rasam Recipe For Babies And Toddlers,1.0
3279,Chicken In A Foil Recipe,1.0
18081,Sindhi Pulao Recipe,1.0
7241,Suran Ki Sabzi Recipe - Jimikand Masala Sabzi Recipe,1.0
13556,Cauliflower Kurma (Tamil Nadu Restaurant Style Cauliflower Chops) Recipe,1.0
7332,Kashmiri Style Tamatar Chaman Recipe -Paneer Cooked With Tomatoes,1.0
14856,Suran Kebab Masala Recipe - Yam In Tomato Onion Gravy,1.0
13576,Assamese Machor Tenga Anja Recipe - Fish Curry With Kokum,1.0
2691,Amla Rasam Recipe,1.0
14862,Suran Ki Sabzi Recipe - Jimikand Masala Sabzi Recipe,1.0
17981,Arachuvitta Sambar Recipe - Sambar With Fresh Ground Spices,1.0
7361,Turia Muthia Nu Shaak Recipe - Gujarati Style Turai Sabzi,1.0
13561,Elaneer Rasam Recipe - Tender Coconut Rasam,1.0
7426,Punjabi Chana Masala Recipe-North Indian Chole Masala,1.0
7314,Parwal Masala Recipe - No Onion No Garlic Recipe,1.0
13482,Kerala Chicken Curry Recipe - Nadan Kozhi Curry,1.0
13470,Palakatti Chettinad Curry Recipe -Chettinad Style Paneer Kurma Recipe,1.0
3372,Bengali Style Kanch kolar Kofta Curry Recipe (Green Plantain Kofta Curry Recipe),1.0
17963,Aava Pettina Majjiga Pulusu Recipe - Andhra Style Mor Kuzhambu,1.0
3383,Kondakadalai Puli Vengaya Kuzhambu Recipe (South Indian Style Spicy And Tangy Kala Chana),1.0
14921,Matar Chi Usal Recipe - Green Peas In A Onion Tomato Gravy,1.0
476,Patta Gobi Sabzi Recipe - Cabbage Tomato Sabzi,1.0
14923,Paneer Peshawari Recipe - Cottage Cheese In Rich Gravy,1.0
7315,Kashmiri Style Veth Chaman Recipe-Paneer in Yogurt & Tomato Curry,1.0
18018,Green Moong Sprout Salad Recipe With Vegetables- No Onion No Garlic,1.0
14792,Pita Saga Bati Basa Recipe,1.0
12776,Spicy Pepper Chicken Recipe,1.0
13659,Arachuvitta Sambar Recipe - Sambar With Fresh Ground Spices,1.0
13657,Cauliflower Leaves Chutney Recipe,1.0
13647,Dubki Wale Aloo Recipe - Potatoes In A Spicy North Indian Gravy,1.0
18065,Tadkewali Masoor Dal Khichdi Recipe With Garlic & Onions,1.0
18061,तुलसी और पान के पत्तो का रसम रेसिपी - Tulsi And Betel Leaves Rasam Recipe,1.0
14810,Dahi Wale Paneer Recipe - Paneer In A Curd Gravy,1.0
13646,Paruppu Urundai Rasam Recipe - Dal Dumpling Rasam,1.0
5807,Roasted Garlic Tomato Chutney Recipe,1.0
3306,Tomato Onion Gravy Sabzi Recipe,1.0
18022,Hare Tamatar Ki Sabzi Recipe - Raw Tomato Curry,1.0
13630,Matar Masala Tofu Recipe,1.0
13597,Cashmere Steel Fried Tomato Recipe - Fish Curry,1.0
7291,Kashmiri Paneer Gravy Recipe,1.0
3326,Grated Carrot Cucumber Tomato Raita Recipe,1.0
3331,Shahi Bhindi Recipe in Cashew Nut Gravy - Okras in Cashew Nut Curry,1.0
18028,Dal Banjara Recipe - Langar Wali Dal,1.0
14853,Hariyali Gobi Recipe - Palak Cauliflower Curry Recipe,1.0
424,Long Brinjal Poriyal Masala Recipe - Green Baingan Sabzi,1.0
5949,Khatte Baingan Recipe,1.0
14656,Ringna Batata Nu Shaak Recipe- Aloo Baingan Ki Sabzi Recipe,1.0
13899,Uttarkhand Style Mixed Bhaddu Dal Recipe,1.0
6561,Cabbage Tomato Pachadi Recipe,1.0
57,Kollu Rasam Recipe - Healthy Horse Gram Rasam,1.0
6441,Soya Chunks Pepper Curry Recipe,1.0
2910,Karnataka Style Tamarind Gojju Recipe,1.0
65,Kondakadalai Puli Vengaya Kuzhambu Recipe (South Indian Style Spicy And Tangy Kala Chana),1.0
14241,Kakrar Jhal (Bengali Crab Korma Recipe),1.0
6515,Suva Methi Baingan Sabzi Recipe ( Eggplant in Dill and Methi leaves Curry Recipe),1.0
18479,Andhra Style Mukkala Pulusu Recipe-Mixed Vegetable Sambar,1.0
6540,Carrot and Capsicum Mix Dal Recipe,1.0
6580,Kasuri Methi Aur Aloo Rasedar Recipe,1.0
2982,Jaipuri Potato Onion Vegetable Recipe Using Preeti Electric Pressure Cooker,1.0
18469,Dudhi Dal Gosht Recipe-Mutton With Bottle Gourd & Lentils,1.0
6058,Rajasthani Khoya Matar Sabzi Recipe,1.0
6586,Potato Paneer Curry Without Onion And Garlic Recipe (Vrat Wale Aloo Paneer),1.0
18464,Shahi Tindora Recipe - Tindora In Cashew Nut Gravy,1.0
14232,Khatti Meethi Lauki Dal Recipe - Sweet & Spicy Bottle Gourd Dal,1.0
14230,Paneer in Yogurt Tomato Curry (Recipe In Hindi),1.0
18421,Chicken Tariwala Recipe - Punjabi Murgh Tariwala Recipe,1.0
6047,Rajasthani Dal Baaple Churma Recipe,1.0
14311,Vazhaithandu Lemon Rasam Recipe - Banana Stem Lemon Rasam,1.0
6345,Radish Greens Poriyal Recipe (South Indian Style Radish Greens Stir Fry),1.0
2895,Sour Sweet Pudla Recipe - Gujarati Steel Sweet & Savory Panke,1.0
14371,Brinjal Capsicum Sabji Recipe,1.0
6135,South Indian Vazhakkai Puli Kootu Recipe (Plantain In Tamarind Based Curry),1.0
14393,Vendakkai Puli Kuzhambu,1.0
14390,Papad er Dalna Recipe - Bengali Papad Curry,1.0
22,Andhra Style Tamati Pachadi Recipe (Tomato Chutney),1.0
6167,Patta Gobi Matar Nu Shaak Recipe (Cabbage & Peas Sabzi Recipe),1.0
14372,Spicy Coconut Peanut Stuffed Baby Brinjal Recipe,1.0
6207,Assamese Bilahir Tok Recipe,1.0
2936,Dal Chingri (Bengali Style Channa Dal And Prawns) Recipe,1.0
6262,Chutney Chilli Cheese Toast Recipe,1.0
14463,Kumbh Makai Masala Recipe - Baby Corn And Mushroom Tikka Masala,1.0
35,Soya Chunk And Green Peas Sabzi Recipe,1.0
2966,Masala Vadai Kuzhambu Recipe (Mudaliar Style Curried Fritters In Spicy Tamarind Gravy),1.0
2929,Butter Chicken Recipe - The Classic Indian Chicken Gravy,1.0
41,Rase Wale Aloo Recipe (Boiled Potato in Tangy Tomato Sauce),1.0
2974,Spinach Mushroom Chickpea Curry Recipe,1.0
2924,Dal Makhani Without Onion And Garlic (Recipe In Hindi),1.0
14453,Keema Bhindi Masala Recipe - Okra & Minced Meat Curry,1.0
14328,Tamil Nadu Style Arachuvitta Rasam Recipe,1.0
6608,Bengali Aloo Potol er Dalna Recipe - A Traditional Vegetable Side Dish,1.0
2893,Tangy Raw Beetroot & Tomato Chutney Recipe,1.0
227,Butter Chicken Recipe - The Classic Indian Chicken Gravy,1.0
18301,Nihari Gosht Recipe,1.0
18338,Vegetable Rice Upma Recipe,1.0
14605,Jaipuri Aloo Pyaz Ki Sabzi Recipe Using Preethi Electric Pressure Cooker,1.0
5977,Lau Chingri Recipe (Bottle Gourd And Shrimp Curry),1.0
18328,Kongunadu Kathirikai Rasam Recipe - Spicy & Tangy Eggplant Rasam,1.0
184,Chow Chow Thakkali Kootu Recipe - Chayote Squash In Dal Coconut Curry,1.0
18327,Veppam Poo Rasam Recipe (Neem flower Rasam),1.0
14606,Sweet & Spicy Stuffed Paneer In Kofta Curry Recipe,1.0
6931,Tangy Raw Beetroot & Tomato Chutney Recipe,1.0
14628,Khatti Meethi Lauki Dal Recipe - Sweet & Spicy Bottle Gourd Dal,1.0
6868,No Onion No Garlic Raw Tomato Sabzi Recipe,1.0
13933,Matar Chi Usal Recipe - Green Peas In A Onion Tomato Gravy,1.0
13913,Keema Bhindi Masala Recipe - Okra & Minced Meat Curry,1.0
18298,Kandathippili Rasam Recipe - Long Pepper Rasam,1.0
211,Lauki Chana Dal Recipe | Dudhi Chana Dal | High Protein Bottle Gourd Lentil Curry,1.0
213,Kerala Style Varutharacha Mutta Curry Recipe,1.0
214,Lehsuni Moong Dal Tadka Recipe,1.0
3164,Paneer Kofta Curry Recipe - Non Fried,1.0
14653,Lauki Ke Kofta Curry Flavoured With Kasuri Methi,1.0
14598,Paneer Stuffed Mushroom Masala Recipe,1.0
14016,Stuffed Butter Recipe - Stuffed Spice Gravy,1.0
109,Mysore Style Avarekalu Rasam Recipe,1.0
14113,Khatti Meethi Palak Khichdi Recipe,1.0
6619,Cauliflower Coconut Milk Stew Recipe,1.0
14535,Dangar Pachadi With Grated Carrots Recipe (Urad Dal Raita),1.0
14135,Rajasthani Papad Ki Sabzi Recipe,1.0
18387,Kashmiri Style Rajma Recipe,1.0
14545,Spicy Tomato Pickle Recipe - South Indian Thakkali Thokku,1.0
18376,Tulsi And Betel Leaves Rasam Recipe,1.0
14124,Red Capsicum Chutney Recipe - Red Bell Pepper Chutney,1.0
2870,Manga Rasam Recipe - Raw Mango Rasam Recipe,1.0
14091,Spicy Chettinad Fish Fry Recipe,1.0
6828,Cauliflower Leaves Chutney Recipe,1.0
149,Kongunadu Kathirikai Rasam Recipe - Spicy & Tangy Eggplant Rasam,1.0
14566,Kala Chana Masala Curry Recipe,1.0
14567,Baked Stuffed Baati With Churma And Panchratna Dal Recipe,1.0
6738,Punjabi Wadi Choliya Ki Sabzi Recipe,1.0
161,Murungai Keerai Thanni Saaru Recipe-Drumstick Leaves Soup,1.0
6777,Karnataka Style Bele Saaru Recipe,1.0
2854,Hariyali Gobi Recipe - Palak Cauliflower Curry Recipe,1.0
14595,Nawabi Kofta Curry Recipe,1.0
14924,Sweet Corn And Capsicum Gravy Recipe,1.0
3303,Tangy Red Purifier - Tomato Beetroot Juice Recipe,1.0
13060,"Beetroot, Amla And Pudina Juice Recipe",1.0
7908,Tomato Dosa Recipe,1.0
13020,Gongura Chicken Curry Recipe,1.0
3539,Chettinad Style Paneer Kurma (Recipe In Hindi),1.0
5600,Carrot Cucumber Tomato Salad with Lemon and Coriander Recipe,1.0
15066,Manga Rasam Recipe - Raw Mango Rasam Recipe,1.0
622,Beetroot Rice Recipe - Beetroot Pulao,1.0
15070,Murungakkai Vendhaya Keerai Sambar Recipe-Drumstick & Fenugreek Greens Sambar,1.0
2544,Gujarati Dal Recipe - Gujarati Dal (Recipe In Hindi),1.0
629,Spicy & Masaledar Aloo Gobi & Beans Tawa Sabzi Recipe,1.0
17876,Bharwa Lauki Recipe In No Onion No Garlic Makhani Gravy,1.0
3552,Mini Rava Idli With Tomato Chutney Recipe,1.0
15082,Bhune Pyaz Ka Gosht Recipe - Mutton Curry With Roasted Onion & Spices,1.0
636,Delicious Dal Makhani Recipe Without Onion and Garlic (Jain),1.0
641,Jain Style Dal Makhani Recipe,1.0
12991,Prawns Kuzhambu Recipe - Tangy Prawns In Tamarind And Coconut Gravy,1.0
2538,Carrot and Capsicum Mix Dal Recipe,1.0
12967,Dudhi Dhokli Nu Shaak Recipe - Bottle Gourd And Steamed Dumplings Curry,1.0
608,Brinjal Capsicum Sabji Recipe,1.0
485,Palak Makhana Recipe (Navratri Fasting/Vrat Recipe),1.0
601,Hare Tamatar Ki Sabzi Recipe - Raw Tomato Curry,1.0
17797,Prawns Kuzhambu Recipe - Tangy Prawns In Tamarind And Coconut Gravy,1.0
7789,Jain Style Corn Palak Recipe,1.0
17831,Murg Anardana Recipe - Pomegranate Chicken In Yogurt Gravy,1.0
15018,Spinach Mushroom Chickpea Curry Recipe,1.0
17826,Chicken In A Foil Recipe,1.0
7792,Spicy Coconut Peanut Stuffed Baby Brinjal Recipe,1.0
13151,Delicious Butter Chicken Pani Puri Recipe,1.0
17821,Meen Vevichathu Recipe - Kottayam Style Fish Curry,1.0
7805,Bhindi Tomato Sabzi with Panch Phoran Masala,1.0
5623,Bottle Gourd Peel Chutney Recipe,1.0
7833,One Pot Tomato Rice Recipe Using Preethi Electric Pressure Cooker - Thakkali Sadam,1.0
2575,Sprouted Kollu Sambar Recipe - Horse Gram Sambar With Vegetables,1.0
13092,Bengali Kosha Mangsho Recipe-Slow Cooked Mutton Curry,1.0
13069,Arbi Shimla Mirch Sabzi Recipe – Colocasia Capsicum Sabzi,1.0
7860,Chettinad Eral Thokku Recipe - Prawn Masala,1.0
7877,Grated Carrot Cucumber Tomato Raita Recipe,1.0
15104,Kathal Masaledar Sabzi Recipe - Jackfruit Masala Sabzi,1.0
12947,Radish Greens Poriyal Recipe (South Indian Style Radish Greens Stir Fry),1.0
15142,Masala Wali Turai Ki Sabzi Recipe - Ridge Gourd Masala Curry,1.0
15223,Veg Makhanwala Recipe - North Indian Mixed Vegetables Gravy,1.0
8074,Tomato Onion Chutney Recipe - Thakkali Vengayam Chutney,1.0
8079,Kumbh Makai Masala Recipe - Baby Corn And Mushroom Tikka Masala,1.0
728,Kathirikai UrulaiKizhanghu Pachidi Recipe (Brinjals And Potatoes With Moong Dal),1.0
17681,Egg Pulao Recipe,1.0
8091,Kathiyawadi Adad Dal Recipe- Spicy Urad Dal,1.0
17662,Dudhi Dhokli Nu Shaak Recipe - Bottle Gourd And Steamed Dumplings Curry,1.0
15226,Dhaba Style Green Moong Dal Tadka Recipe,1.0
15237,Punjabi Chana Masala Recipe-North Indian Chole Masala,1.0
8096,Thakkali Rasam Recipe - South Indian Tomato Rasam,1.0
2475,Cauliflower Coconut Milk Stew Recipe,1.0
15240,Bharva Baingan Masala Recipe - Stuffed Brinjal Masala,1.0
5509,Green Moong Sprout Salad Recipe With Vegetables- No Onion No Garlic,1.0
5506,Dal Banjara Recipe - Langar Wali Dal,1.0
12794,Karnataka Style Bonda Soup Recipe-Urad dal Fritters in Spicy Dal Soup,1.0
8133,Khatta Meetha Pudla Recipe - Gujarati Style Sweet & Savoury Pancake,1.0
721,Misa Maas Kordoi Tenga Recipe (Shrimp With Star Fruit Curry),1.0
2493,Sprouted Horse Gram Thoran Recipe - No Onion No Garlic,1.0
7988,Spicy Tomato Pickle Recipe - South Indian Thakkali Thokku,1.0
15215,Spiced Watermelon Curry Recipe With Carrots & Peppers,1.0
12907,Ajwaini Tomato Okra Recipe,1.0
12905,Gujarati Style Save Tomato Vegetable Recipe - Sev Tamatar Ki Sabzi (Recipe In Hindi),1.0
15161,Grated Carrot Cucumber Tomato Raita Recipe,1.0
684,Pineapple Rasam Recipe,1.0
2512,Patiala Aloo Recipe,1.0
686,Assamese Machor Tenga Anja Recipe - Fish Curry With Kokum,1.0
15173,Shahi Bhindi Recipe in Cashew Nut Gravy - Okras in Cashew Nut Curry,1.0
17718,Poondu Milagu Kuzhambu Recipe - Tamilnadu Style Garlic and Black Pepper Curry,1.0
17712,Baby Potato Theeyal Recipe - Kerala Style Potatoes In Shallots And Roasted Coconut,1.0
698,Andhra Style Vendakaya Charu Recipe - Ladies Finger Rasam,1.0
8025,Methi Khakhra Recipe - Gujarati Savory Crispy Flat Bread,1.0
15185,Mughlai Bhindi Recipe - Spicy Okra Curry,1.0
15190,Spinach Rice Recipe - Palak Pulao,1.0
12868,Paneer Peshawari Recipe - Cottage Cheese In Rich Gravy,1.0
15205,Kacche Aam Aur Lehsun Ki Dal Recipe -Curried Lentils With Mango & Garlic,1.0
13206,Tomato Jam Recipe,1.0
10286,Lobia Masala (Recipe In Hindi),1.0
3434,Kacche Aam Aur Lehsun Ki Dal Recipe -Curried Lentils With Mango & Garlic,1.0
3429,Kathirikai UrulaiKizhanghu Pachidi Recipe (Brinjals And Potatoes With Moong Dal),1.0
14998,Kashmiri Style Veth Chaman Recipe-Paneer in Yogurt & Tomato Curry,1.0
13348,Dhaba Style Dal Fry Recipe (Dhaba Style Dal Fry),1.0
13392,Tulsi And Betel Leaves Rasam Recipe,1.0
14990,Khatti Meethi Tinda Masala Recipe,1.0
7496,Lahsuni Dal Tadka -Moong Dal with Pumpkin,1.0
13304,Roasted Garlic Tomato Chutney Recipe,1.0
14976,Patiala Aloo Recipe,1.0
495,Uttarkhand Style Mixed Bhaddu Dal Recipe,1.0
7699,Red Capsicum Chutney Recipe - Red Bell Pepper Chutney,1.0
17901,Seer Fish Fry Recipe,1.0
7666,Vendakkai Puli Kuzhambu,1.0
7616,Ellu Kuzhambu Recipe- Sesame Seeds Kuzhambu,1.0
5703,तुलसी और पान के पत्तो का रसम रेसिपी - Tulsi And Betel Leaves Rasam Recipe,1.0
7571,Lemon Rasam Recipe - Nimbe Saaru Recipe,1.0
17915,Sorakkai Puli Kuzhambu Recipe - Tangy Bottle Gourd Curry,1.0
7572,Tamil Nadu Style Arachuvitta Rasam Recipe,1.0
17937,Kashmiri Style Gaad T Tamatar Recipe - Fish Curry,1.0
5681,Dhaba Style Tomato Chutney Recipe,1.0
14961,Mixed Vegetable Kurma Recipe - Vegetables in Spicy Coconut Curry,1.0
13337,Andhra Style Zucchini Tomato Chutney Recipe,1.0
7543,Vazhaithandu Lemon Rasam Recipe - Banana Stem Lemon Rasam,1.0
3412,Aava Pettina Majjiga Pulusu Recipe - Andhra Style Mor Kuzhambu,1.0
14959,Sprouted Kollu Sambar Recipe - Horse Gram Sambar With Vegetables,1.0
17914,Murungakkai Puli Kuzhambu Recipe -Spicy Drumstick Curry,1.0
17950,Chicken Mapas Recipe - Chicken in Coconut Milk Curry,1.0
3418,Murungakkai Puli Kuzhambu Recipe -Spicy Drumstick Curry,1.0
13223,Soya Pilaf / Pulav Recipe,1.0
17955,Munthiri Masala Kurma Recipe - Kaju Masala Kurma Recipe,1.0
17877,Spicy Chettinad Fish Fry Recipe,1.0
15055,Paneer Matar Keema Recipe,0.9333333333333332
9336,Stuffed Chicken Recipe With Mixed Vegetables,0.9333333333333332
8703,Stuffed Chicken Recipe With Mixed Vegetables,0.9333333333333332
8921,Fried Barnyard Millet Recipe -Fried Samvat Rice,0.9
12043,Enchorer Torkari Recipe - Bengali Style Raw Jackfruit in Semi-gravy,0.9
125,Karnataka Style Avarekalu Huli Saru Recipe (Field Beans in a Coconut based Gravy Recipe),0.9
9210,Tirunelveli Sodhi Kuzhambu Recipe - Mixed Vegetable Stew,0.9
11787,Oriya Style Ghanta Tarkari (Recipe In Hindi),0.9
197,Potato Stuffed Dal Dhokli Recipe,0.9
4037,Pumpkin Kofta Curry Recipe,0.9
12150,Bengali Style Dhokar Dalna Recipe (Spiced Lentil Cakes in Tomato Gravy Recipe),0.9
1836,Chettinad Vegetable Biryani Recipe,0.9
16055,Pumpkin Kofta Curry Recipe,0.9
6907,Odia Chatu Besara Recipe (Mushrooms in Spicy Mustard Curry),0.9
189,Kathirikai Urulai Kizhangu Kara Kuzhambu Recipe,0.9
12415,Mixed Vegetable Noodle Cutlet Recipe,0.9
17103,Karnataka Style Avarekalu Huli Saru Recipe (Field Beans in a Coconut based Gravy Recipe),0.9
10682,Potato Stuffed Dal Dhokli Recipe,0.9
16305,Fried Barnyard Millet Recipe -Fried Samvat Rice,0.9
17737,Chanar Dalna Recipe -Bengali Style Paneer & Potato Gravy,0.9
1017,Kerala Style Varutharacha Sambar Recipe - Tangy Coconut Sambar Recipe,0.9
9689,Karnataka Style Avarekalu Huli Saru Recipe (Field Beans in a Coconut based Gravy Recipe),0.9
7943,Healthy Soya Sabudana Kebabs Recipe With Spicy Tomato Chutney,0.9
14511,Kerala Style Varutharacha Sambar Recipe - Tangy Coconut Sambar Recipe,0.9
160,Chanar Dalna Recipe -Bengali Style Paneer & Potato Gravy,0.9
14572,Kathirikai Urulai Kizhangu Kara Kuzhambu Recipe,0.9
15963,Bengali Style Dhokar Dalna Recipe (Spiced Lentil Cakes in Tomato Gravy Recipe),0.9
1616,Bisi Bele Bath Recipe - A Spicy Mixed Vegetable Sambar Rice,0.9
9723,Eggplant Potato Alkaline Broth Recipe,0.9
14398,Potato Stuffed Dal Dhokli Recipe,0.9
2499,Vaangi Shimla Mirchi Bhaji Recipe - Brinjal Capsicum Gravy,0.9
16278,Kongunadu Urulai Kurma Recipe (Curried Potatoes from Kongunadu),0.9
8403,Barnyard Millet Bisi Bele Bath Recipe,0.9
17431,Pabda Macher Kalo Jeera Diye Recipe - Bengali Pabda Fish Curry,0.9
15523,One Pot Mixed Vegetable Curry Recipe Using Preethi Electric Pressure Cooker,0.9
11040,Chanar Dal Recipe - Bengali Steel Paneer & Potato Gravy,0.9
4327,Kerala Style Varutharacha Sambar Recipe - Tangy Coconut Sambar Recipe,0.9
13081,Tirunelveli Sodhi Kuzhambu Recipe - Mixed Vegetable Stew,0.9
18237,Enchorer Torkari Recipe - Bengali Style Raw Jackfruit in Semi-gravy,0.9
4179,Fried Barnyard Millet Recipe -Fried Samvat Rice,0.9
5614,Sama Khichdi Recipe - Barnyard Millet Khichdi -Navratri Fasting - Vrat Recipe,0.9
11485,Odiya Style Chana Dal With Potato & Pumpkin Curry Recipe,0.9
13801,Sabsige Millet Pulav Recipe,0.9
17959,Tirunelveli Sodhi Kuzhambu Recipe - Mixed Vegetable Stew,0.9
17824,Stuffed Chicken Recipe With Mixed Vegetables,0.9
16972,Sabsige Millet Pulav Recipe,0.9
18210,Sama Khichdi Recipe - Barnyard Millet Khichdi -Navratri Fasting - Vrat Recipe,0.9
10010,Sama Khichdi Recipe - Barnyard Millet Khichdi -Navratri Fasting - Vrat Recipe,0.9
15019,Vaangi Shimla Mirchi Bhaji Recipe - Brinjal Capsicum Gravy,0.9
14193,Sago Khichdi Recipe (Savory Tapioca Pearls Stir Fry),0.9
6050,Sabsige Millet Pulav Recipe,0.9
9849,Papad er Dalna Recipe - Bengali Papad Curry,0.9
4040,Bandhakopir Ghonto Recipe (Bengali Style Cabbage Fry),0.8666666666666667
15365,Bandhakopir Ghonto Recipe (Bengali Style Cabbage Fry),0.8666666666666667
5386,Kashmiri Style Nadru Ke Kabab Recipe-Lotus Stem in Spicy Gravy,0.86
15097,Matar Mushroom Curry Recipe,0.8333333333333334
16591,Chettinad Prawn Curry Recipe,0.8333333333333334
17704,Kabuli Chana Kofta Biryani Recipe - Chickpea Kofta Biryani,0.8333333333333334
14908,Punjabi Style Tinda Sabzi Recipe,0.8333333333333334
13800,Punjabi Style Tinda Sabzi Recipe,0.8333333333333334
18541,Vegetable Uttapam Recipe,0.8333333333333334
15025,Methi Paneer Bhurji Recipe in Creamy Gravy,0.8333333333333334
4447,Chicken Jalfrezi Recipe - Chicken And Bell Peppers In Tomato Gravy,0.8333333333333334
1970,Paneer Jalfrezi Recipe,0.8333333333333334
15021,Aloo Matar Paneer Curry Recipe,0.8333333333333334
4604,Paneer Bhurji Gravy Recipe,0.8333333333333334
6202,Iyengar Bakery Style Masala Bread Recipe,0.8333333333333334
6143,Spicy Crunchy Masala Idli Recipe,0.8333333333333334
18394,Chicken Jalfrezi Recipe - Chicken And Bell Peppers In Tomato Gravy,0.8333333333333334
2428,Chettinad Prawn Curry Recipe,0.8333333333333334
7228,Methi Paneer Bhurji Recipe in Creamy Gravy,0.8333333333333334
7202,Matar Mushroom Curry Recipe,0.8333333333333334
7262,Palak Paneer Kathi Roll Recipe -High Protein Spinach Cottage Cheese Wraps Recipe,0.8333333333333334
15177,Delicious One Pot Butter Chicken Khichdi Recipe,0.8333333333333334
7272,Paneer Bhurji Gravy Recipe,0.8333333333333334
924,Goan Chicken Vindaloo Recipe,0.8333333333333334
9944,Punjabi Style Tinda Sabzi Recipe - Punjabi Style Tinda Sabzi Recipe,0.8333333333333334
8486,Chicken Jalfrezi Recipe - Chicken And Bell Peppers In Tomato Gravy,0.8333333333333334
12740,Matar Mushroom Curry Recipe,0.8333333333333334
3201,Iyengar Bakery Style Masala Bread Recipe,0.8333333333333334
17690,Khara Bhath Recipe-South Indian Rava Bhath,0.8333333333333334
2671,Palak Paneer Kathi Roll Recipe -High Protein Spinach Cottage Cheese Wraps Recipe,0.8333333333333334
15807,Paneer Jalfrezi Recipe,0.8333333333333334
13690,Paneer Jalfrezi Recipe,0.8333333333333334
12646,Delicious One Pot Butter Chicken Khichdi Recipe,0.8333333333333334
7927,Delicious One Pot Butter Chicken Khichdi Recipe,0.8333333333333334
7312,Paneer Matar Keema Recipe,0.825
11744,Paneer Matar Keema Recipe,0.825
4512,Aloo Paneer Kebab Recipe,0.8
16013,Rajgira Paneer Paratha Recipe (Navratri Fasting/Vrat Recipe),0.8
3419,Konkani Style Sungta Ambat Aani Tallel Sungta Recipe- Fried Prawns & Curry,0.8
15007,Methi Shakarkand Aloo Sabzi Recipe - Sweet Potato & Fenugreek Leaves Sabzi,0.8
15352,Dappalam Recipe- Andhra Vegetable Stew Recipe,0.8
4529,Healthy Soya Sabudana Kebabs Recipe With Spicy Tomato Chutney,0.8
2445,Thekera Tenga Recipe,0.8
3393,Hari Dhania Ki Sabzi ( Fresh Coriander leaves Dry Curry) Recipe,0.8
2469,Creamy Beetroot and Potato Puree Recipe - Baby Food,0.8
10368,Bisi Bele Bath Recipe - A Spicy Mixed Vegetable Sambar Rice,0.8
12718,Shukto Recipe - Bengali Mixed Vegetable in Mustard and Poppy Seed Gravy,0.8
3667,Bengali Style Mixed Vegetable (Recipe In Hindi),0.8
16080,Aloo Masala Puri Recipe,0.8
13445,Chapor Ghonto Recipe (Bengali Mix Vegetable With Lentils Patties),0.8
15616,Mulakushyam Recipe - A Mixed Vegetable Lentil Curry,0.8
12667,Karwar Style Valval Recipe (Mixed Vegetables In Coconut Milk),0.8
15596,Pepe Ghonto Recipe -Bengali Style Raw Papaya Sabzi,0.8
12819,Kaju Karela Recipe - Bitter Gourd And Cashew Nuts Stir Fry,0.8
10439,Mulakushyam Recipe - A Mixed Vegetable Lentil Curry,0.8
6148,Soya Beans Paniyaram Recipe (Pan Fried Soy Fritters),0.8
14289,Kolkata Style Vegetable Chop Recipe,0.8
13515,Sweet Potato Kheer Recipe,0.8
2907,Maharashtrian Style Sheng Sola Recipe (Vegetable Stew),0.8
4541,Andhra Style Pindi Miriyam Recipe,0.8
12846,Baby Corn Stew Recipe,0.8
14943,Aloo Patta Gobi Sabzi Recipe - Potato Cabbage Sabzi,0.8
14864,No Onion No Garlic Kadamba Sambar Sadam - Kovil Sadam Recipe,0.8
12875,Baby Potatoes In Tomato Gravy (Recipe In Hindi),0.8
2202,Niramish Shobji Chapor Jhol - Bengali Style Vegetable Curry with Lentil Patties,0.8
15639,Thekera Tenga Recipe,0.8
2771,Rajma Cutlet (Kidney Beans Patties) Recipe,0.8
15750,Mixed Vegetable Koora Recipe - Mixed Vegetable Poriyal,0.8
4325,No Onion No Garlic Kadamba Sambar Rice - Temple Ritual Recipe,0.8
15873,Aloo Gobi Matar Ki Sabzi Recipe,0.8
11491,Chole Biryani Recipe - Spicy Chana Biryani Recipe,0.8
4311,Bengali Phool Gobhir Paturi (Recipe In Hindi),0.8
4309,Moong Cheese Kachori Recipe,0.8
2778,Bengali Sukto Recipe - Mixed Vegetable Curry,0.8
15477,Layered Vegetable Tricolor Biryani Recipe,0.8
3870,Karwar Style Valval Recipe (Mixed Vegetables In Coconut Milk),0.8
11201,Bhel Puri Recipe - Bhel Puri Recipe,0.8
13240,Bhogichi Bhaji Recipe (Bhogichi Bhaji Recipe),0.8
11208,Aloo Masala Puri Recipe,0.8
11216,Odia Chatu Besara Recipe (Mushrooms in Spicy Mustard Curry),0.8
3469,Kerala Special Vegetable Stew Recipe,0.8
3027,Kabuli Chana Chaat - High Protein Snack of Chikki Chaat,0.8
3891,Till Wale Aloo Recipe - Sesame Potato Sabzi,0.8
13681,Maharashtrian Style Kolhapuri Khichdi Recipe,0.8
12155,Rajgira Puri Recipe (Navratri Fasting/Vrat Recipe),0.8
11471,Rajgira Paneer Paratha Recipe (Navratri Fasting/Vrat Recipe),0.8
13205,Bengali Chapor Ghonto Recipe-Moong Dal With Vegetables,0.8
2594,Sabudana Tikki Recipe ( Spiced Tapioca Pearls Patties Recipe),0.8
2755,Karnataka Style Alugadde and Mentye Pakoda Recipe (Potato and fenugreek leaves fritters),0.8
15511,Kerala Style Pacha Mango Avial Recipe,0.8
14744,Till Wale Aloo Recipe - Sesame Potato Sabzi,0.8
13691,Aloo Bhajit Recipe - Potato Bajji,0.8
11441,Beetroot Chicken Cutlets Recipe,0.8
14772,Bisi Bele Bath Recipe - A Spicy Mixed Vegetable Sambar Rice,0.8
15512,Broccoli and Paneer Paratha Recipe,0.8
3507,Restaurant Style Hara Bhara Kebab Recipe - Vegetarian Green Patties,0.8
2563,Shakarkandi Ka Halwa Recipe (Sweet Potato Halwa),0.8
3833,Kaju Karela Recipe - Bitter Gourd And Cashew Nuts Stir Fry,0.8
13907,Chettinad Vegetable Biryani Recipe,0.8
10555,Baby Corn Cigar Recipe,0.8
1748,Aam Panna Pani Puri Recipe,0.8
10564,Aam Panna Pani Puri Recipe,0.8
1753,Aloo Masala Puri Recipe,0.8
16002,Chole Biryani Recipe - Spicy Chana Biryani Recipe,0.8
14138,Poha Stars Recipe (Poha Potato Fritters Flavoured With Kasuri Methi),0.8
4048,Andhra Style Mukkala Pulusu Recipe-Sweet Tangy Vegetable Stew,0.8
12524,Sabsige Soppu Kootu (Dill Leaf Curry) Recipe,0.8
15975,Maharashtrian Aloo Bhujne Recipe - Potato Stir Fry,0.8
12912,Mixed Vegetable Koora Recipe - Mixed Vegetable Poriyal,0.8
1784,Bhogichi Bhaji Recipe - Maharashtrian Mixed Vegetable Sabzi,0.8
11858,Beetroot Chicken Cutlets Recipe,0.8
12924,Mochar Ghonto Recipe (Traditional Banana Blossom Curry From West Bengal),0.8
10670,Kerala Style Pacha Mango Avial Recipe,0.8
3982,Mulakushyam Recipe - A Mixed Vegetable Lentil Curry,0.8
4428,Fenugreek Vegetable Lu Vegetable Recipe - Sweet Own & Fangrik Layaves Vegetable,0.8
14046,Bangaladumpa Thalimpu Recipe - Potato Stir Fry,0.8
12456,Golgappa Chaat Recipe,0.8
15398,Karwar Style Khatkhate Recipe (Mixed Vegetable Curry With Toor Dal & Coconut),0.8
4087,Sweet & Spicy Pineapple Pani Puri Recipe,0.8
10753,Till Wale Aloo Recipe - Sesame Potato Sabzi,0.8
13949,Dappalam Recipe- Andhra Vegetable Stew Recipe,0.8
11740,Baked Cauliflower Samosa Recipe,0.8
3806,Andhra Style Pindi Miriyam Recipe,0.8
15690,Sweet Potato Thepla/Paratha Recipe,0.8
11691,Vrat Ki Kachori Recipe (Savory Buckwheat Paneer Pastry),0.8
3959,Mixed Vegetable Koora Recipe - Mixed Vegetable Poriyal,0.8
15610,Karwar Style Valval Recipe (Mixed Vegetables In Coconut Milk),0.8
2946,Pulao Recipe in Cataract Chail - Vegetable Reese Topped with Paneer Balas,0.8
4612,Baked Chinese Potato Recipe,0.8
16262,Niramish Shobji Chapor Jhol - Bengali Style Vegetable Curry with Lentil Patties,0.8
17085,Shakarkandi Ke Gulab Jamun Recipe (Sweet Potato Gulab Jamun),0.8
8818,Stuffed Capsicum With Sweet Potato Recipe,0.8
8807,Kolkata Style Vegetable Chop Recipe,0.8
166,Methi Shakarkand Aloo Sabzi Recipe - Sweet Potato & Fenugreek Leaves Sabzi,0.8
7729,Shikampuri Kebab Recipe - Kebabs made with Brown Chickpeas,0.8
17171,Odia Chatu Besara Recipe (Mushrooms in Spicy Mustard Curry),0.8
9799,Shakarkandi Ke Gulab Jamun Recipe (Sweet Potato Gulab Jamun),0.8
16280,Hari Dhania Ki Sabzi ( Fresh Coriander leaves Dry Curry) Recipe,0.8
17829,Kaju Karela Recipe - Bitter Gourd And Cashew Nuts Stir Fry,0.8
17193,Maharashtrian Style Sheng Sola Recipe (Vegetable Stew),0.8
9813,Buttered Potato Cubes Recipe - Finger Food For Babies Above 9 Months,0.8
6714,Rajma Cutlet (Kidney Beans Patties) Recipe,0.8
6639,Shakarkandi Ka Halwa Recipe (Sweet Potato Halwa),0.8
578,Kerala Style Pacha Mango Avial Recipe,0.8
6698,Maharashtrian Style Sheng Sola Recipe (Vegetable Stew),0.8
9837,Shikampuri Kebab Recipe - Kebabs made with Brown Chickpeas,0.8
7883,Sabudana Vada Recipe - Deep Fried Sago Patties/Cutlets,0.8
9875,Sweet Potato & Methi Stuffed Paratha Recipe,0.8
17274,Baby Corn Stew Recipe,0.8
9879,Stuffed Capsicum With Sweet Potato Recipe,0.8
17279,Maize Daliya Khichri Recipe,0.8
18390,Shukto Recipe - Bengali Mixed Vegetable in Mustard and Poppy Seed Gravy,0.8
8742,Andhra Style Mukkala Pulusu Recipe-Sweet Tangy Vegetable Stew,0.8
17302,Maharashtrian Style Kolhapuri Khichdi Recipe,0.8
17081,Bajra Ka Kheech Recipe,0.8
17911,Aloo Ka Halwa Recipe,0.8
9640,Barnyard Millet Bisi Bele Bath Recipe,0.8
16361,Shakarkandi Ka Halwa Recipe (Sweet Potato Halwa),0.8
7137,Aloo Bhajia Recipe - Potato Bajji,0.8
16600,Sabsige Soppu Kootu (Dill Leaf Curry) Recipe,0.8
5844,Baby Corn Cigar Recipe,0.8
9449,Delhi Style Fruit Chaat Recipe -Homemade Kulle Chaat Of North India,0.8
9271,Moong Sprouts And Sweet Potato Cutlet Recipe,0.8
5827,Poha Stars Recipe (Poha Potato Fritters Flavoured With Kasuri Methi),0.8
5015,Baked Cauliflower Samosa Recipe,0.8
372,Dappalam Recipe- Andhra Vegetable Stew Recipe,0.8
1335,Rajgira Paneer Paratha Recipe (Navratri Fasting/Vrat Recipe),0.8
16540,Aloo Kulcha Recipe (Spiced Potato Stuffed Indian Flat Bread),0.8
16539,Potato Vindaloo Recipe (Spicy Goan Potato Curry),0.8
382,Broccoli and Paneer Paratha Recipe,0.8
9181,Aloo Ka Halwa Recipe,0.8
9159,Delhi Style Fruit Chaat Recipe -Homemade Kulle Chaat Of North India,0.8
7263,No Onion No Garlic Kadamba Sambar Sadam - Kovil Sadam Recipe,0.8
9135,Golgappa Chaat Recipe,0.8
9125,Aloo Paneer Kebab Recipe,0.8
449,Pepe Ghonto Recipe -Bengali Style Raw Papaya Sabzi,0.8
9046,Sweet Potato Kheer Recipe,0.8
9591,Sweet Potato & Peas Cutlet Recipe,0.8
8972,Beetroot Chicken Cutlets Recipe,0.8
201,Chapor Ghonto Recipe - Bengali Mix Vegetable With Lentils Patties,0.8
509,Sweet Potato Thepla/Paratha Recipe,0.8
17754,Andhra Style Mukkala Pulusu Recipe-Sweet Tangy Vegetable Stew,0.8
16261,Chapor Ghonto Recipe - Bengali Mix Vegetable With Lentils Patties,0.8
4647,Vrat Ki Kachori Recipe (Savory Buckwheat Paneer Pastry),0.8
6636,Moong Sprouts And Sweet Potato Cutlet Recipe,0.8
16173,Bhogichi Bhaji Recipe - Maharashtrian Mixed Vegetable Sabzi,0.8
17703,Barnyard Millet Bisi Bele Bath Recipe,0.8
17418,Kadali Bhanda O Chingudi Tarkari Recipe (Odia Style Banana Blossom & Prawn Curry),0.8
17434,Sweet Potato Flatbread Recipe - Sweet Potato Chapati,0.8
17440,Sweet Potato & Methi Stuffed Paratha Recipe,0.8
17698,Motiya Chilman Pulao Recipe - Vegetable Rice Topped With Paneer Balls,0.8
8488,Shukto Recipe - Bengali Mixed Vegetable in Mustard and Poppy Seed Gravy,0.8
10176,Sweet Potato Flatbread Recipe - Sweet Potato Chapati,0.8
6543,Karnataka Style Alugadde and Mentye Pakoda Recipe (Potato and fenugreek leaves fritters),0.8
10208,Maize Daliya Khichri Recipe,0.8
6194,Sabudana Tikki Recipe ( Spiced Tapioca Pearls Patties Recipe),0.8
10138,Bhogichi Bhaji Recipe (Maharashtrian Mixed Vegetable Stir Fry),0.8
30,Sweet Potato & Methi Stuffed Paratha Recipe,0.8
5362,Creamy Beetroot and Potato Puree Recipe - Baby Food,0.8
10155,Sabudana Vada Recipe - Deep Fried Sago Patties/Cutlets,0.8
17508,Bengali Sukto Recipe - Mixed Vegetable Curry,0.8
6292,Shakarkandi Ke Gulab Jamun Recipe (Sweet Potato Gulab Jamun),0.8
16113,Konkani Style Sungta Ambat Aani Tallel Sungta Recipe- Fried Prawns & Curry,0.8
857,Motiya Chilman Pulao Recipe - Vegetable Rice Topped With Paneer Balls,0.8
17512,Sweet Potato Kheer Recipe,0.8
8311,Sweet Potato Flatbread Recipe - Sweet Potato Chapati,0.8
7928,Crispy Sweet Potato Recipe,0.8
20,Maharashtrian Style Kolhapuri Khichdi Recipe,0.8
8358,Buttered Potato Cubes Recipe - Finger Food For Babies Above 9 Months,0.8
7978,Sweet & Spicy Pineapple Pani Puri Recipe,0.8
5316,Bangaladumpa Thalimpu Recipe - Potato Stir Fry,0.8
966,Maize Daliya Khichri Recipe,0.8
16107,Chettinad Vegetable Biryani Recipe,0.8
18418,Bangaladumpa Thalimpu Recipe - Potato Stir Fry,0.8
4709,Sabsige Soppu Kootu (Dill Leaf Curry) Recipe,0.8
8273,Bengali Sukto Recipe - Mixed Vegetable Curry,0.8
11492,Mixed Vegetable Sagu Recipe - Karnataka Style Vegetable Kurma Recipe,0.7666666666666666
4138,Hariyali Pav Bhaji Recipe,0.7666666666666666
9144,Hariyali Pav Bhaji Recipe,0.7666666666666666
391,One Pot Mixed Vegetable Curry Recipe Using Preethi Electric Pressure Cooker,0.7666666666666666
11584,Navratan Korma Recipe,0.7666666666666666
7347,Vaangi Shimla Mirchi Bhaji Recipe - Brinjal Capsicum Gravy,0.7666666666666666
4167,Karnataka Style Avarekalu Sagu Recipe-Hyacinth Beans/ Mochai Kurma,0.7666666666666666
13000,Poha Breakfast Bowl Recipe With Sprouts & Crunchy Peanuts,0.7666666666666666
844,"Sweet Potato, Broccoli And Tofu Curry Recipe",0.7666666666666666
5834,Poha Breakfast Bowl Recipe With Sprouts & Crunchy Peanuts,0.7666666666666666
8234,Turai Aloo Ki Sabzi Recipe - Ridge Gourd Potato Curry,0.7666666666666666
18147,Spicy & Tangy Goan Chicken Stew Recipe With Vegetables,0.7666666666666666
3680,Spicy & Tangy Goan Chicken Stew Recipe With Vegetables,0.7666666666666666
11242,Kathiri Urulai Masala Kuzhambu Recipe - Brinjal And Potato Masala Gravy,0.7666666666666666
802,Mixed Vegetable Sagu Recipe - Karnataka Style Vegetable Kurma Recipe,0.7666666666666666
1953,Layered Vegetable Tricolor Biryani Recipe,0.7666666666666666
16649,Kerala Style Rich Creamy Egg Cashew Curry Recipe,0.7666666666666666
2395,Railway Mutton Curry Recipe,0.7666666666666666
1267,Bajra Matar Ki Khichdi (Gluten Free Breakfast Recipe),0.7666666666666666
8206,Bengali Egg Curry Recipe,0.7666666666666666
5104,Kerala Style Rich Creamy Egg Cashew Curry Recipe,0.7666666666666666
9208,Kathiri Urulai Masala Kuzhambu Recipe - Brinjal And Potato Masala Gravy,0.7666666666666666
8200,Aromatic Vegetable Pulao Recipe,0.7666666666666666
14795,Vaalachi Rassa Bhaaji Recipe - Maharashtrian Style Aloo And Vaal Sabzi,0.7666666666666666
9212,Karnataka Style Avarekalu Sagu Recipe-Hyacinth Beans/ Mochai Kurma,0.7666666666666666
11892,Bajra Matar Ki Khichdi (Recipe In Hindi),0.7666666666666666
8319,Pabda Macher Kalo Jeera Diye Recipe - Bengali Pabda Fish Curry,0.7666666666666666
4088,Aloo Methi Masala Recipe - Potato & Fenugreek Leaves Gravy,0.7666666666666666
2155,Kumror Chokka Recipe - Kaddu Kala Chana Sabzi | Pumpkin Chickpea Curry,0.7666666666666666
13212,Kongunadu Urulai Kurma Recipe (Curried Potatoes from Kongunadu),0.7666666666666666
2592,Honey Glazed Corn Fritters Recipe,0.7666666666666666
15867,Kumror Chokka Recipe - Kaddu Kala Chana Sabzi | Pumpkin Chickpea Curry,0.7666666666666666
12870,Navratan Korma (Recipe In Hindi),0.7666666666666666
2189,Kongunadu Urulai Kurma Recipe (Curried Potatoes from Kongunadu),0.7666666666666666
8047,Bhakri Chaat Recipe With Green Moong Sprouts And Aloo,0.7666666666666666
15030,Mixed Vegetable Sagu Recipe - Karnataka Style Vegetable Kurma Recipe,0.7666666666666666
8764,Sweet Potato And Carrot Sabzi Recipe,0.7666666666666666
7847,Chatpata Aloo Moong Sprouts Recipe With Buttered Pav Buns,0.7666666666666666
8752,Kala Chana Chaat Recipe-Chatpata Healthy Street food,0.7666666666666666
8750,Kabuli Chana Chaat - High Protein Snack of Chickpea Chaat,0.7666666666666666
2264,Aloo Bhindi Masala Gravy Recipe,0.7666666666666666
17739,Sweet Potato And Carrot Sabzi Recipe,0.7666666666666666
8737,Chettinad Mint Potato Biryani Recipe,0.7666666666666666
720,Pita Saga Bati Basa Recipe,0.7666666666666666
13275,Millet Pea Khichdi (Gluten Free Breakfast Recipe),0.7666666666666666
8802,Kolhapuri Misal Pav Recipe,0.7666666666666666
2639,Baked Mini Bread Cups Recipe,0.7666666666666666
2096,Banarasi Tamatar Chaat Recipe - Spicy Tomato Chaat,0.7666666666666666
8967,Horsegram Tikki Recipe,0.7666666666666666
17957,Kathiri Urulai Masala Kuzhambu Recipe - Brinjal And Potato Masala Gravy,0.7666666666666666
13407,Pabda Macher Kalo Jeera Diye Recipe - Bengali Pabda Fish Curry,0.7666666666666666
8945,Honey Glazed Corn Fritters Recipe,0.7666666666666666
17948,Karnataka Style Avarekalu Sagu Recipe-Hyacinth Beans/ Mochai Kurma,0.7666666666666666
12763,Spicy Broken Wheat Khichdi With Vegetables Recipe,0.7666666666666666
1108,Mumbai Style Tawa Pulao Recipe With Moong Sprouts,0.7666666666666666
7567,Spicy Chickpeas Aloo Salad Chaat Recipe,0.7666666666666666
8425,Stuffed Capsicum Makhani Recipe,0.7666666666666666
15629,Mint Vegetables Moilee Recipe (Mixed Vegetables Cooked In Minty Coconut Milk),0.7666666666666666
15247,Aloo Methi Masala Recipe - Potato & Fenugreek Leaves Gravy,0.7666666666666666
17658,Bengali Egg Curry Recipe,0.7666666666666666
17659,Aromatic Vegetable Pulao Recipe,0.7666666666666666
5911,Assamese Boror Tenga Recipe (Vegetarian Sour Curry With Masoor Dal Fritters),0.7666666666666666
1209,Railway Mutton Curry Recipe,0.7666666666666666
3117,Sweet Potato And Carrot Sabzi Recipe,0.7666666666666666
4383,Healthy Vegetable Paratha Rolls Recipe,0.7666666666666666
4826,Enchorer Torkari Recipe - Bengali Style Raw Jackfruit in Semi-gravy,0.7666666666666666
14677,Spicy Broken Wheat Khichdi With Vegetables Recipe,0.7666666666666666
9705,Matar Keema Recipe,0.7666666666666666
10043,Kumror Chokka Recipe - Kaddu Kala Chana Sabzi | Pumpkin Chickpea Curry,0.7666666666666666
4837,Onion Tomato Podi Masala Dosa Recipe,0.7666666666666666
1366,Chole Biryani Recipe - Spicy Chana Biryani Recipe,0.7666666666666666
4776,Spicy & Tangy Goan Chicken Stew Recipe With Vegetables,0.7666666666666666
14630,Railway Mutton Curry Recipe,0.7666666666666666
51,Hurali Saaru Recipe - Healthy Horse Gram and Coconut Curry,0.7666666666666666
14618,Bajra Matar Ki Khichdi (Gluten Free Breakfast Recipe),0.7666666666666666
6961,Aloo Methi Masala Recipe - Potato & Fenugreek Leaves Gravy,0.7666666666666666
13865,Kerala Style Rich Creamy Egg Cashew Curry Recipe,0.7666666666666666
7046,Jhal Muri/Moodi Recipe -Spicy Puffed Rice,0.7666666666666666
1486,Vaalachi Rassa Bhaaji Recipe - Maharashtrian Style Aloo And Vaal Sabzi,0.7666666666666666
2904,Kala Chana Chaat Recipe-Chatpata Healthy Street food,0.7666666666666666
10536,Aromatic Vegetable Pulao Recipe,0.7666666666666666
14077,Spicy Chickpeas Aloo Salad Chaat Recipe,0.7666666666666666
14384,Spicy Chickpeas Aloo Salad Chaat Recipe,0.7666666666666666
6134,Baked Mini Bread Cups Recipe,0.7666666666666666
1354,Pumpkin Kofta Curry Recipe,0.7666666666666666
9430,Pita Saga Bati Basa Recipe,0.7666666666666666
6589,Potato and Chickpea Salad Recipe,0.7666666666666666
14407,Hurali Saaru Recipe - Healthy Horse Gram and Coconut Curry,0.76
2840,Kashmiri Style Nadru Ke Kabab Recipe-Lotus Stem in Spicy Gravy,0.76
14219,Khakara Vegetable Pizza Recipe,0.75
7905,Tomato Onion Tadka Raita Recipe,0.75
5590,Andhra Style Chicken Fry Recipe,0.75
7996,Gobi Biryani Recipe - Spiced Cauliflower Rice,0.75
6615,North Indian Style Green Raw Papaya Curry Recipe,0.75
7986,सोया पालक करी रेसिपी - Soya And Spinach Curry Recipe,0.75
14182,Vegetable Rice Upma Recipe,0.75
5558,Chicken Tariwala Recipe - Punjabi Murgh Tariwala Recipe,0.75
7893,Awadhi Style Chickpea Kofta Biryani Recipe,0.75
12993,Masoor Dal Makhni Recipe,0.75
12914,Andhra Style Pappu Charu Recipe - Andhra Style Pappu Charu Recipe,0.75
5587,Chicken Bharta Recipe - Dhaba Style Chicken Masala,0.75
7976,Keema Bhindi Masala Recipe - Okra & Minced Meat Curry,0.75
14196,Safed Achari Baingan (Recipe In Hindi),0.75
3039,Hyderabadi Shahi Mixed Vegetable Curry Recipe,0.75
12916,Tawa Paneer Masala (Recipe In Hindi),0.75
7939,Baby Corn And Paneer Kathi Roll Recipe,0.75
3033,Achari Aloo Parwal Sabzi (Recipe In Hindi),0.75
7959,Avalakki Bisi Bele Bhat Recipe,0.75
5573,Snake Gourd Salan Recipe (Snake Gourd Cooked In Tangy Spicy Peanut Sesame Curry),0.75
14173,Spicy And Tangy Bread Upma Recipe,0.75
3582,Drumstick Dal Soup Recipe,0.75
3571,Peanut Bhel Recipe,0.75
3231,Goan Style Empada De Camarao Recipe (Prawn Pie),0.75
14136,Kabuli Chana & Moongphali Salad Recipe,0.75
5602,"Cucumber, Red Radish, Tomatoes & Onion Salad Recipe",0.75
13091,Traditional Amritsari Chole Recipe | Punjabi Chole Masala,0.75
6744,Alasande Kaalu Saaru Recipe (Malnad Style Black Eyed Beans Curry),0.75
5639,Thalassery Chicken Biriyani Recipe,0.75
6734,ब्रेड उपमारेसिपी - Quick and Easy Bread Upma (Recipe In Hindi),0.75
7800,Moong Sprouts Usal Recipe,0.75
3096,North Indian Style Green Raw Papaya Curry Recipe,0.75
13144,Chikkudukaya Vepudu Recipe-Broad Beans Masala Poriyal,0.75
7813,Egg Roast Masala Dosa Recipe - With Moong Dal Dosa Batter,0.75
13133,Prawn Masala Kozhukattai Recipe - Prawn Masala Dumplings,0.75
13107,Chole Pindi Recipe (Spicy Chickpea Curry),0.75
6694,Semiya Biryani Recipe,0.75
3488,Kashmiri Style Rajma Recipe,0.75
7834,Onion Pakora Roll Recipe,0.75
6686,Dahi Turai Ki Sabzi Recipe (Ridge Gourd Simmered In Yogurt Curry Recipe),0.75
3079,Fusion Spinach Parathas With Onion Tomato Salsa Recipe,0.75
7849,Classic Indian Sliced Salad Recipe,0.75
14167,Kerala Mutton Roast Recipe - Kerala Mutton Masala,0.75
7850,Paneer Masala Dosa Recipe-Paneer Bhurji Dosa,0.75
5611,Kadai Chicken Recipe - Chicken Cooked With Onion And Capsicum,0.75
5608,Methi Moong Dal Palak Recipe,0.75
13057,Indian Style Kala Chana Salad Recipe,0.75
13048,Tomato Onion Chutney Recipe With Coconut And Mint,0.75
5607,Horsegram Dal Recipe - Kulith/Kollu Dal,0.75
13031,Baby Corn Paneer Kathi Roll Recipe - Baby Corn Paneer Kathi Roll Recipe,0.75
6678,Stuffed Mussels Recipe,0.75
6659,Cauliflower Rice and Lentil Curry Recipe,0.75
6654,Shrimp Spinach Cheese Swirl Recipe,0.75
13022,Lauki Tamatar Ki Sabzi Recipe,0.75
8001,Vegetable Oats Upma Recipe,0.75
5603,Chickpea Salad Recipe With Raw Mango,0.75
13012,Cheese Masala Omelette Recipe,0.75
5557,One Pot Pressure Cooker Chicken Curry Recipe,0.75
6594,Chana Aur Aloo Ki Sookhi Sabzi Recipe,0.75
5555,Kongunadu Chicken Curry Recipe,0.75
8161,"Gujarati Badshahi Pulao Recipe - A Rich Preparation Of Rice, Vegetables, Nuts And Spices",0.75
6304,Masoor Moong Phali Ki Dal Recipe (Masoor Dal With Peanuts Recipe),0.75
3648,Vegan Chickpeas And Broccoli Curry Recipe,0.75
8170,Kolhapuri Palak Egg Curry Recipe,0.75
6319,Masoor Dal Aur Rajma Masala Recipe,0.75
8169,Saoji Egg Curry Recipe,0.75
8168,Quick And Simple Egg Curry Recipe,0.75
12750,Cabbage Palya Recipe,0.75
14338,Kathirikai Poondu Pirattal Recipe - South Indian Style Brinjal Stir Fry With Garlic,0.75
6330,Harive Soppina Saaru Recipe (Karnataka Style Amaranth Leaves Cooked with Lentils),0.75
14318,Ulava Charu Recipe - Spicy Andhra Horse Gram Rasam,0.75
8151,Masala Mixed Sprouts Sandwich Recipe,0.75
8137,Muttai Kuzhambu Recipe - South Indian Egg Curry,0.75
12780,Rajasthani Dal Bati Churma Recipe | Dhaba Style recipe,0.75
6362,Whole Wheat Vegetable Chilla (Cheela) Recipe,0.75
3650,Gahat Rasmi Badi Recipe (Uttaranchal Kulith Koftas In Tomato Onion Gravy),0.75
5489,Instant Rava Pizza Uttapam Recipe,0.75
12899,Potato And Peas Curry Recipe In Coconut Milk Gravy,0.75
12696,Spicy Paneer Frankie Recipe,0.75
12662,Mocha Chingri Manohara Recipe (Shrimps Stuffed Banana Flower Kofta Curry),0.75
5465,Lauki Bharta Recipe - Spiced & Mashed Bottled Gourd Recipe,0.75
6158,Mumbai Style Spicy Murmura Recipe (Spicy Roasted Puffed Rice),0.75
14378,Oriya Special Dalma Recipe - Lentils Cooked With Vegetables & Raw Papaya,0.75
6257,Masala Khichia Recipe (Spicy Corn Flour Papad),0.75
6265,Kollu Pachadi Recipe (Sprouted Horse gram Raita Recipe),0.75
8198,Egg Curry Masala Recipe With Sunny Side Up Eggs,0.75
6297,Cheese Salad Wrap Recipe,0.75
12699,Masoor Moong Phali Ki Dal Recipe,0.75
8171,Achari Chicken Tikka Wrap Recipe,0.75
14348,Dhaba Style Egg Curry Recipe in Electric Pressure Cooker,0.75
5487,Matki Kala Chana Salad Recipe,0.75
5488,Chatpata Kabuli Chana Salad - Chickpea Salad Recipe,0.75
3654,Navrang Dal Recipe ( Spicy Mixed Lentils),0.75
12785,Cabbage Palya (Recipe In Hindi),0.75
12789,Phalguni Dal Recipe - Phalguni Dal Recipe,0.75
6426,Kalonji Gobi Aloo Recipe (Cauliflower & Potato Stir Fry with Nigella Seeds),0.75
5530,Jowar & Tomato Cheela Recipe - Sorghum Cheela With Tomatoes,0.75
8053,Chatpata Rajma Salad Recipe - Kidney Beans Salad Recipe,0.75
6511,Prawns Coconut Curry Recipe,0.75
3608,Pumpkin Curry With Chicken Recipe,0.75
6514,Vegan Baingan Makhani Recipe (Eggplant In Rich Coconut Gravy),0.75
8049,Chatpati Chana Dal Chaat Recipe,0.75
3600,Nawabi Kofta Curry Recipe,0.75
14236,Punjabi Style Moth Beans Dal Recipe (Matki),0.75
5505,Madurai Spicy Tomato Chutney Recipe- Thakkali Vengayam Chutney,0.75
7790,Spicy Matar Masala Recipe,0.75
8041,Peanut Cucumber Salad Recipe,0.75
12871,Palak And Kala Chana Sukhi Sabzi Recipe,0.75
6042,Karnataka Style Hurali Kalu Saaru Recipe,0.75
5549,Tamil Nadu Style Chicken Salna Recipe,0.75
8005,Peppery Mushroom Biryani Recipe,0.75
8056,Sukha Bhel Recipe With Boiled Peanuts - Peanut Bhel Chaat,0.75
8057,Anda Bhurji Recipe,0.75
12828,Chatpata Kabuli Chana Salad - Chickpea Salad Recipe,0.75
3615,Paneer Bhurji Varpas Recipe,0.75
3017,Shahi Bhindi Recipe - Cashew Nut Gravy Recipe,0.75
3007,Khakra Chaat Recipe,0.75
6447,Punjabi Style Moth Beans Dal Recipe (Matki),0.75
8080,Kadai Paneer Recipe - Spiced Cottage Cheese With Green Bell Peppers,0.75
3618,Lau Er Kofta Curry Recipe (Bengali Style Doodhi Dumplings In Tomato Based Gravy),0.75
6442,Hyderabad Soy Biryani Recipe With Vegetables & Palak,0.75
12816,Kara Boondi Kurma Recipe - Boondi In Coconut Milk,0.75
14304,Masala Khichia Recipe (Spicy Corn Flour Papad),0.75
5513,Chicken Pasanda Recipe,0.75
8106,Kothu Kari Kuzhambu Recipe - Mutton Keema Curry,0.75
12804,Masala Puri Chaat Recipe,0.75
12802,Kerala Style Cauliflower Kurma Recipe,0.75
5507,Cucumber Tomato Corn Peanut Salad With Lemon Recipe,0.75
6779,Spicy Chana Chaat Frankie Recipe,0.75
13217,Goan Mushroom Xacuti Recipe,0.75
3104,Paneer Makhani (Recipe In Hindi),0.75
7045,Italian Oats Bread Upma Recipe,0.75
7274,Punjabi Mixed Vegetable Kadai Recipe,0.75
13638,Mumbai Style Spicy Murmura Recipe (Spicy Roasted Puffed Rice),0.75
6969,Healthy Vegetable Paratha Rolls Recipe,0.75
5951,Andhra Style Beerakaya Pappu Recipe (Ridge Gourd Dal Recipe),0.75
7251,Carrot Beans Sukhi Sabzi Recipe With Simple Masala,0.75
7249,Turai Pyaz Hari Mirch Ki Sabzi Recipe-Ridge Gourd Stir Fry With Green Chili And Onions,0.75
13658,Nawabi Mixed Vegetable Gravy Recipe,0.75
3166,Vegan Chickpeas And Broccoli Curry Recipe,0.75
5932,Croquettes Recipe With Bhetki Fish,0.75
7243,Palak Paneer Bhurji Recipe -Spiced Cottage Cheese Scramble With Spinach Recipe,0.75
13683,Kongunadu Style Arisi Bedding Sudden Recipe,0.75
5824,Quick Prawn Tikka Masala Recipe,0.75
13854,Goan Kaju Curry Recipe (Spicy Goan Cashew Nut Curry),0.75
7076,Mini Dal Samosa Curry/Sabzi Recipe,0.75
13636,Rajasthani Dal Recipe,0.75
5795,Baked Sweet Potato Boats Recipe,0.75
5643,Quick Pulao With Onions And Tomatoes Recipe,0.75
7299,Spiced Prune Chutney Recipe,0.75
7348,Baby Corn Butter Masala Recipe,0.75
5967,Warm Red Lentil Salad With Goat Cheese Recipe,0.75
8259,South Indian Style Fish Curry Recipe,0.75
7313,Sarson Chole Ka Saag Recipe - Kabuli Chana In Mustard Leaves Gravy,0.75
13579,Instant Rava Pizza Uttapam Recipe,0.75
6944,Corn And Peas Curry Recipe,0.75
3329,Mughlai Bhindi Recipe - Spicy Okra Curry,0.75
13634,Bhindi Masala Curry Recipe,0.75
7292,Dahi Wale Paneer Recipe - Paneer In A Curd Gravy,0.75
13592,Kathirikai Poondu Pirattal Recipe,0.75
3322,Chettinad Dry Pepper Chicken Recipe,0.75
6947,Cheesy Veg Paniyaram Recipe With Cheesy Tomato Chutney,0.75
7286,Kancha Peper Kofta Curry Recipe-Bengali Green Papaya Kofta Sabzi,0.75
5789,North Indian Style Mushroom Matar Masala Recipe,0.75
7240,Achari Gobi Shimla Mirch Ki Sabzi Recipe - Capsicum And Cauliflower Sabzi,0.75
7080,Green Moong Dal Pulao With Vegetables Recipe,0.75
3280,Karnataka Steel Awarekalu Pulao Recipe - Awarekalu Pulao,0.75
7203,One Pot Pav Bhaji Recipe Using Preethi Electric Pressure Cooker,0.75
3226,Masoor Dal With Scrambled Eggs Recipe - Lentil Curry With Eggs,0.75
7215,Mughlai Bhindi Recipe - Spicy Okra Curry,0.75
13768,Chettinad Style Urulai Roast Recipe - Baby Potato Roast,0.75
7094,One Pot Punjabi Rajma Masala Recipe In Preethi Electric Pressure Cooker,0.75
7213,Chicken Keema Dosa Recipe - Madurai Kari Dosa Recipe,0.75
5860,Paneer Stuffed Kuzhi Paniyaram Recipe,0.75
5864,Paneer Kolhapuri Recipe (Cottage Cheese In Maharashtrian Gravy With Kolhapuri Masala),0.75
5928,Kala Chana Masala Recipe,0.75
5922,Pachai Sundakkai Puli Kuzhambu Recipe (Turkey Berry Tamarind Based Gravy),0.75
7173,Tomato Poha With Peas Recipe,0.75
7169,Quick Cauliflower Sabzi Recipe - Phool Gobi Sabzi Recipe,0.75
3232,Maharashtrian Chavali Chi Usal Recipe - Black Eyed Peas Curry,0.75
7167,One Pot Vegetable Biryani Recipe In Preethi Electric Pressure Cooker,0.75
5901,Matki Chi Rassa Bhaji Recipe (Maharashtrian Style Moth Beans Cooked with Goda Masala),0.75
7227,Arhar Ki Dal with Lahsun Tadka,0.75
3214,Iyengar Style Masala Toast,0.75
3209,Chole Pindi Recipe,0.75
3208,Verusenaga Sambar Recipe (Fresh Groundnuts Sambar),0.75
13767,Tomato Onita d Kara,0.75
3258,Homemade Kanpe Papdi Chaat Recipe,0.75
7091,Matar Masala Recipe - Peas In Onion Tomato Gravy,0.75
13763,Dry Methi Malai Matar Recipe - Dry Methi Malai Matar (Recipe),0.75
13753,Chettinad Pattani Kurma Recipe (Chettinad Peas Curry),0.75
7085,Mushroom Curry Recipe,0.75
13732,Masoor Dal Makhani Recipe - Masoor Dal Makhani Recipe,0.75
7235,Suran Kebab Masala Recipe - Yam In Tomato Onion Gravy,0.75
5829,Spicy Paneer Frankie Recipe,0.75
7236,Spinach Corn Sabzi Recipe,0.75
13695,Dadpe Pohe Recipe (Maharashtrian Poha),0.75
13694,Spicy Minced Chicken Keema Balls Curry Recipe,0.75
13844,Chickpea Salad Recipe With Raw Mango,0.75
13571,Chicken In White Gravy Recipe,0.75
7349,Aloo Matar Paneer Curry Recipe,0.75
5754,Tadkewali Masoor Dal Khichdi Recipe With Garlic & Onions,0.75
5682,Palak Chana Dal Recipe - Healthy Spinach Gram Dal Recipe,0.75
13311,Spicy Quinoa Upma Recipe,0.75
13997,Chana Pulao Recipe - Spicy Chickpea Pulao,0.75
7645,Dhaba Style Egg Curry Recipe in Electric Pressure Cooker,0.75
13314,Bengali Bhetki Begum Bahar Recipe (Spicy Fish Fillets Curry),0.75
7625,Kolkata Club Style Baked Kachori Aloo Recipe,0.75
13985,Brinjal Prawns Masala Curry Recipe - Baingan Prawn Masala,0.75
5978,Lau Er Kofta Curry Recipe (Bengali Style Doodhi Dumplings In Tomato Based Gravy),0.75
13971,Jaipuri Potato Onion Vegetable Recipe - Jaipuri Aloo Pyaz Ki Sabzi (Recipe In Hindi),0.75
7610,Achari Paneer Recipe -Spicy Pickled Paneer Gravy,0.75
6891,Indian Spiced Brussel Sprouts Sabzi Recipe (Brussel Sprouts Stir Fry),0.75
7565,Spicy Dalia Pulao Recipe - Broken Wheat Pulao,0.75
13349,Cucumber Tomato Corn Peanut Salad With Lemon Recipe,0.75
7563,Egg Biryani Recipe With Coconut Milk,0.75
13973,One Pot Vegetable Biryani Recipe In Preethi Electric Pressure Cooker,0.75
7703,Mushroom Methi Brown Rice Recipe,0.75
6886,Chickpea Tikka Masala Recipe,0.75
7721,Dal Fry Recipe,0.75
13288,Spinach Dal (Recipe In Hindi),0.75
7727,Aloo Gajar Matar Sabzi Recipe,0.75
6830,Dadpe Pohe Recipe (Maharashtrian Poha),0.75
3446,Muttai Kuzhambu Recipe - South Indian Egg Curry,0.75
6799,Tomato Uttapam Recipe,0.75
14035,Fenugreek Paneer Bhurji Recipe in Creamy Gravy,0.75
7742,Kerala Style Prawns & Shrimp Biryani -Chemmeen Biryani Recipe,0.75
7750,Indian Style Kala Chana Salad Recipe,0.75
7104,Kathal Masaledar Sabzi Recipe - Jackfruit Masala Sabzi,0.75
7752,Kumbakonam Kadappa Recipe - South Indian Style Lentil and Potato Stew,0.75
14036,Lentil Dal with Coconut Milk Recipe,0.75
13207,Awadhi Moong Dal Ki Goli Recipe - Lentil Dumplings In Tomato Gravy,0.75
7758,Aloo Subz Dum Biryani Recipe,0.75
5644,Sindhi Pulao Recipe,0.75
13374,"Fenugreek Makhana Matar Korma Recipe - Fenugreek, Green P & Lotus Seeds Curry",0.75
7538,Kathirikai Poondu Pirattal Recipe - South Indian Style Brinjal Stir Fry With Garlic,0.75
13566,Shahi Paratha Recipe,0.75
13512,Murgh Palak Recipe - Chicken In A Palak Gravy,0.75
3370,Kakrar Jhal Recipe - Bengali Style Crab Curry,0.75
7442,Kerala Style Tomato Fry Recipe,0.75
3148,Hara Chana Masala Recipe,0.75
5732,Thalapakattu Chicken Biryani Recipe,0.75
13495,Semiya Biryani Recipe,0.75
7414,Bharva Baingan Masala Recipe - Stuffed Brinjal Masala,0.75
3155,Methi Aur Kache Kele Ki Sabzi Recipe-Fenugreek Greens & Raw Banana Stir Fry,0.75
13388,Vegetarian Chinese Samosa Recipe,0.75
13531,Moong Sprouts Usal Recipe,0.75
13555,Brinjal Tomato Vegetable - Brinjal / Eggplant Masala Recipe,0.75
7405,Veg Makhanwala Recipe - North Indian Mixed Vegetables Gravy,0.75
5744,Kala Chana Amti Recipe - Maharashtrian Black Chickpea Curry,0.75
7353,Chicken Curry With Sweet Potatoes Recipe,0.75
13916,Raw Mango Dal Fry Recipe - Raw Mango Dal Fry Recipe,0.75
6940,Masala Pav Recipe With Cheese,0.75
7444,Matar Chi Usal Recipe - Green Peas In A Onion Tomato Gravy,0.75
7451,Paneer Peshawari Recipe - Cottage Cheese In Rich Gravy,0.75
7452,Paneer Bhurji Wraps Recipe,0.75
3382,Andhra Style Potato Korma Recipe,0.75
7454,Sweet Corn And Capsicum Gravy Recipe,0.75
7464,Paneer Stuffed Bhindi In Ajwain Tomato Gravy Recipe,0.75
6915,Amritsari Dal Recipe,0.75
13950,White Chickpeas In Spicy Gravy (Recipe In Hindi),0.75
13961,Meat Masala Stuffed Bharwa Baingan Recipe,0.75
5713,Dhaba Style Tawa Pulao Recipe - Masala Brown Rice Tawa Pulao,0.75
7472,Punjabi Style Tinda Sabzi Recipe,0.75
7478,Paneer Shashlik Recipe,0.75
13402,Chilli Paneer Recipe -Indo Chinese,0.75
13963,Onion Pakora Roll Recipe,0.75
3139,Quick Pulao With Onions And Tomatoes Recipe,0.75
7520,Ulava Charu Recipe - Spicy Andhra Horse Gram Rasam,0.75
8250,Kashmiri Style Yakhni Pulao With Chicken Recipe,0.75
8460,Karela Masala Sabzi Recipe,0.75
8260,Vegetarian Kabuli Pulao Recipe - Rice Layered With Chickpea Curry,0.75
9401,Konkan Style Modachia Mangachi MT Recipe-Sprouted Mong Bean Curry,0.75
11048,Mini Dal Samosa Curry / Sabzi Recipe,0.75
4943,Kabuli Chana & Moongphali Salad Recipe,0.75
9429,Aloo Matar Sabzi Recipe - Potato Pea Vegetable Recipe,0.75
9423,Sprouted Moong Chaat Recipe,0.75
11060,Palakottai Kujambu Recipe-Kongunad Style Jackfruit Seeds Curry,0.75
11061,Baingan Bharta Recipe - Brinjal Bharta Recipe,0.75
4299,Varutharacha Mutta Curry Recipe,0.75
9406,Masala Dosa Recipe With Vegetable Filling Recipe,0.75
9398,Indian Spiced Brussel Sprouts Sabzi Recipe (Brussel Sprouts Stir Fry),0.75
11038,Spicy Seafood Stew Casserole With Tomatoes And Lime Recipe,0.75
9395,Andhra Style Pappu Charu Recipe (Lentil Soup Style Curry),0.75
11187,Kala Vatana Amti Recipe - Kala Vatana Amti Recipe,0.75
9381,Chettinad Beetroot Kurma Recipe,0.75
9380,Palak Chole Recipe (Spinach & Chickpea Curry),0.75
9374,Posto Chicken Recipe - Bengali Chicken In Poppy Seed Paste,0.75
9330,Sour Sweet Gourd Curry Recipe - Tangy and Sweet Bottle Gourd Curry,0.75
9303,Lauki Wadi Tarkari Recipe - Bengali Style Moong Dal Dumplings & Bottle Gourd Sabzi,0.75
9296,Rabodi capsicum vegetable recipe - Rajasthani Curry with Corn Papad (Recipe in Hindi),0.75
4315,Mushroom Tikka Masala Recipe (Mushroom & Bell Peppers In Spicy Tomato Gravy),0.75
9451,Mamidikaya Pappu Recipe - Andhra Pappu - Raw Mango Dal,0.75
9571,Chicken Keema Paratha Recipe - Minced Chicken Flat Bread,0.75
4896,Baby Corn & Tomato Masala Bath-Rice Spiced With Pav Bhaji Masala,0.75
10771,Chettinad Pakora Curry Recipe,0.75
10780,Palak Paneer Bhurji Recipe - Palak Paneer Bhurji Recipe,0.75
4879,Paniyaram Muttai Masala Recipe - Spicy Egg Curry Made In Paniyaram Pan,0.75
4377,Chole Pindi Recipe,0.75
4376,Boondi And Spring Onion Greens Sabzi Recipe,0.75
9544,Palak Kichadi Recipe,0.75
10808,Tofu Bhurji Recipe - Spicy Scrambled Tofu,0.75
9536,Aloo Subz Dum Biryani Recipe,0.75
10815,Spicy Paneer Bhurji Pav Sandwich Recipe - Breakfast Recipe,0.75
9456,Panchmel Dal Recipe | Rajasthani Dal | Panchkuti Dal,0.75
10818,Phalguni Dal (Recipe),0.75
9490,Punjabi Style Lobia Masala Recipe (Black Eyed Peas Masala),0.75
9486,Andhra Style Munakkada Masala Kura Recipe - Drumstick Dry Curry Recipe,0.75
10996,Andhra Style Alam Pachadi Recipe - Adrak Chutney (Recipe),0.75
11005,Gongura Chicken Curry Recipe - Andhra Style Gongura Chicken,0.75
9479,Methi Sprouts Salad Recipe - Healthy & Tasty Diabetic Snack,0.75
9477,Kadai Egg Masala Recipe,0.75
9464,Bhut Jolokia Murgh Recipe,0.75
4278,Boondi And Spring Onion Greens Sabzi (Recipe in Hindi),0.75
4277,Restaurant Style Phool Cabbage Masala Recipe,0.75
4270,Chicken Curry With Sweet Potatoes Recipe,0.75
5064,Bengali Style Dimer Torka Recipe (Egg Tadka Dal Recipe),0.75
9156,Arbi Gosht Masala Recipe - Mutton Arbi Curry In Electric Pressure Cooker,0.75
11457,Chettinad Muttai Masala Recipe - Chettinad Style Egg Curry,0.75
9145,Homemade Canape Papdi Chaat Recipe,0.75
9141,Delhi Style Matar Chaat Recipe - Spicy & Tangy Green Peas Chaat,0.75
5055,Egg Lifafa Paratha Recipe,0.75
9134,Mirchi And Aloo Curry Recipe - Long Green Chilli And Potato Curry,0.75
9133,Masaura And Potato Tarkari Recipe,0.75
9111,Achari Paneer Mini Bread Bowl With Cheesy Twist Recipe,0.75
9110,Cheesy Chicken Tikka Recipe,0.75
9260,Andhra Style Allam Pachadi (Ginger Chutney Recipe),0.75
11505,Raw Tomato Chutney Recipe,0.75
5067,Kadai Egg Masala Recipe,0.75
11516,Raw Mango Dal Fry Recipe,0.75
4169,Methi Matar Malai (Recipe In Hindi),0.75
9103,Chatpata Lobia Chaat Recipe - Healthy Black Eyed Bean Snack,0.75
4162,Goan Masoorchi Usali Recipe (Black Lentil Stir Fry),0.75
5073,Peshawari Chole Recipe,0.75
9102,Chana Jor Garam Chaat Recipe,0.75
4206,Egg Lifafa Paratha Recipe,0.75
4207,Thotakura Pappu Recipe (Toor Dal with Amaranth Leaves),0.75
9169,Spicy Soya Bhurji Recipe - North Indian Soya Matar Bhurji,0.75
11433,Paneer Bhurji Recipe With Capsicum (Recipe In Hindi),0.75
11289,Kohlrabi Recipe (Knol Khol Poriyal),0.75
11308,Konkan Style Vali Bhajji Ambat Recipe-Spiced Malabar Spinach Dal,0.75
9253,Masala Vada Curry Recipe - Chana Dal Vada Curry Recipe,0.75
11341,Brinjal Methi Bharta Recipe With Pomagrams,0.75
9235,Iyengar Style Masala Toast Recipe,0.75
4241,Baingan Bharta Recipe - Smoked Roasted Eggplant with Green Chillies and Ginger,0.75
9231,Chicken Mapas Recipe - Chicken in Coconut Milk Curry,0.75
11378,Tattha Poyaru Sambar Recipe - Black Eyed Beans Sambar,0.75
9221,Kara Boondi Kurma Recipe - Boondi In Coconut Milk,0.75
9217,Palakottai Kuzhambu Recipe-Kongunad Style Jackfruit Seeds Curry,0.75
9215,Munthiri Masala Kurma Recipe - Kaju Masala Kurma Recipe,0.75
11397,Goan Masoorchi Usali Recipe,0.75
11411,Dim Posto Recipe - Bengali Egg Curry With Poppy Seeds,0.75
9203,Cuban Inspired Bheja Fry With Stir Fried Onion And Pepper,0.75
11420,Tawa Mushroom Recipe,0.75
9195,Khakra Chaat Recipe,0.75
9193,Goan Style Salada De Cavalas Salgadas Recipe - Salted Mackerel Salad,0.75
4878,Healthy Tomato Carrot Onion Soup Recipe,0.75
10768,Navrang dal recipe - Navrang Dal (Recipe),0.75
5459,Sukhi Dahi Wali Lauki Recipe - Yogurt Based Bottle Gourd Sabzi,0.75
4708,"Sweet Corn, Methi & Tomato Rice Recipe",0.75
10148,Mushroom Curry Recipe,0.75
4543,Spinach Corn Sabzi Recipe,0.75
10111,Kashmiri Style Rista Recipe - Mutton Kofta Curry,0.75
10075,Soya Chunks Sabzi (Recipe In Hindi),0.75
4533,Soya Methi Palak Ki Sabzi Recipe,0.75
10033,Kathirikai Poondu Pirattal Recipe - South Indian Style Brinjal Stir Fry With Garlic,0.75
10481,Methi & Pudina Aloo Sabzi Recipe,0.75
4,Punjabi Sabut Moong Ki Dal Recipe (Whole Green Lentils Cooked With Punjabi Spices),0.75
4528,Nargisi Kofta Curry Recipe - Spicy Scotched Egg Curry,0.75
4563,Achari Chicken Tikka Wrap Recipe,0.75
10013,Besan Bread Toast Recipe On Tawa - Vegetarian French Toast,0.75
10004,Arhar Ki Dal Recipe - Arhar Ki Dal with Lahsun Tadka,0.75
4728,Prawn Masala Rice Recipe,0.75
10504,Rawalpindi Style Chole Recipe,0.75
9975,Kancha Peper Kofta Curry Recipe-Bengali Green Papaya Kofta Sabzi,0.75
9970,Murg Anardana Recipe - Pomegranate Chicken In Yogurt Gravy,0.75
9961,Methi Soya Chunks Vegetable Recipe - Methi & Soya Chunks Dry Sabzi Recipe,0.75
4746,Vegetable Uttapam Recipe,0.75
10416,Mushroom and Prawn Malai Curry Recipe,0.75
4652,One Pot Masala Vegetable Rice Recipe,0.75
4874,Knol Khol Gravy Recipe - Kohlrabi In A Yogurt Based Gravy,0.75
4584,Gawar pods fenugreek vegetable recipe - cluster beans fenugreek vegetable,0.75
10283,"Rava Upma Recipe With Peanuts, Peas & Corn",0.75
10280,Methi Masoor Dal Recipe With Whole Masoor,0.75
10299,Karnataka Style Menthya Soppu Hesaru Kaalu Palya Recipe,0.75
10273,Dal Kabila Recipe,0.75
10212,Kadai Mushroom Recipe,0.75
4591,Alasande Kalu Saaru Recipe (Malnad Style Black Eyed Beans Curry),0.75
4632,Mooli Aur Kaccha Kela Kofta Recipe (Grated Radish And Raw Banana Dumplings In Gravy),0.75
4586,Kadai Vegetable Sabzi Recipe (Mixed Vegetable Saute with Spices),0.75
10189,Konaseema Kodi Kura Recipe - Andhra Style Chicken Curry,0.75
10415,Karnataka Style Hurali Kalu Saaru Recipe,0.75
10182,Horsegram Dal Recipe - Kulith/Kollu Dal,0.75
10171,Spicy Chana Chaat Frankie Recipe,0.75
10398,One Pot Masala Vegetable Rice Recipe,0.75
4575,Puffed Rice Upma Recipe - Murmura Upma,0.75
10403,Hyderabadi Laziz Lamb Handi Recipe,0.75
4570,Sorakkai Paruppu Kuzhambu Recipe - Tamil Nadu Style Lauki Curry,0.75
10166,Chana Methi Dal (Recipe In Hindi),0.75
4651,Andhra Style Pesarattu Upma Recipe,0.75
10534,Cauliflower Matar Bhurji (Recipe in Hindi),0.75
4747,Egg Dosa Recipe With Cheesy Garlic Mayo,0.75
9883,Moong Sprouts Pulao Recipe,0.75
10710,Sweet Potato Dal Recipe,0.75
9688,Raw Tomato Chutney Recipe - Raw Tomato Chutney (Recipe In Hindi),0.75
9678,Mutton Dak Bungalow Curry Recipe,0.75
4421,Dry fenugreek cream only recipe,0.75
9663,One Pot Pav Bhaji Recipe Using Preethi Electric Pressure Cooker,0.75
4845,Verusenaga Sambar Recipe (Fresh Groundnuts Sambar),0.75
4413,Fenugreek & Soy Chunks Dry Vegetable Recipe,0.75
10691,Kurkuri Bhindi With Spicy Tomato Yogurt Gravy Recipe,0.75
9629,Pacha Payir Kulambu Recipe (South Indian Style Green Gram Curry),0.75
4409,Chicken Wings With Bhuna Masala Recipe,0.75
10539,Bengali Aloo Dum Recipe - Bengali Aloo Dum Recipe,0.75
10713,Chickpea Coconut Milk Curry Recipe,0.75
4860,Masoor Dal With Scrambled Eggs Recipe - Lentil Curry With Eggs,0.75
10743,Mixed Sprouts Sabzi Recipe,0.75
9612,Lobia Masala Recipe,0.75
10755,Sweet & Spicy Stuffed Paneer In Kofta Curry Recipe,0.75
10759,Chettinad Dry Pepper Chicken Recipe,0.75
9593,Amritsari Fish Gravy Recipe,0.75
9589,Dhaba Style Egg Curry Recipe in Electric Pressure Cooker,0.75
10673,Peeled Moong Dal Curry Recipe,0.75
9716,Lugai Gosht Recipe - Mutton In Spicy Tomato Onion Gravy,0.75
4816,Kakrar Jhal Recipe - Bengali Style Crab Curry,0.75
9740,Palak Paneer Bhurji Recipe -Spiced Cottage Cheese Scramble With Spinach Recipe,0.75
10548,Stuffed Bhindi With Paneer (Recipe In Hindi),0.75
4763,Chole Pindi Recipe (Spicy Chickpea Curry),0.75
10550,Vegan Chickpea Omelette Recipe (Spiced Chickpea Flour Pancakes),0.75
4772,Masala Dosa Recipe With Vegetable Filling Recipe,0.75
10584,Gram and Potato Dry Vegetable Recipe,0.75
4777,Chicken Tikka Masala Recipe,0.75
4475,Dhania Murgh Makhani Recipe,0.75
9828,Palak Chana Dal Recipe,0.75
4467,Paneer Masala Dosa Recipe-Paneer Bhurji Dosa,0.75
10611,Matar Paneer Kachori Korma Recipe - Green Peas And Paneer Kachori Curry,0.75
4786,Chicken Dum Biryani Recipe,0.75
4459,Spiced Prune Chutney Recipe,0.75
10643,Stem Lettuce Tamarind Broth Recipe - Surri left behind by Amarnath Greens,0.75
9808,Iyengar Style Masala Toast Recipe,0.75
4799,Murgh Masala Recipe - Chicken Tangdi Masala,0.75
10648,Palak Chana Dal Recipe - Healthy Spinach Gram Dal Recipe,0.75
4803,Brinjal Prawns Masala Curry Recipe - Baingan Prawn Masala,0.75
5076,Kollu Vada Kurma Recipe (Horse Gram Fritters Spicy & Tangy Curry),0.75
4146,Stuffed Mussels Recipe,0.75
9084,Achari Chole Aloo Tikki Chaat Recipe,0.75
5339,Dhaba Mutton Recipe-Spicy Mutton Gravy,0.75
12223,Kerala Style Eggplant Curry Recipe - Kerala Style Eggplant Curry,0.75
12229,Paneer Stuffed Bhindi In Ajwain Tomato Gravy Recipe,0.75
12250,Bhel Puri With Raw Mango Recipe,0.75
8629,Baingan Tamatar Sabzi - Brinjal/ Eggplant Masala Recipe,0.75
8601,Dum Murgh Aatishi Recipe - Spicy Smoked Chicken Recipe,0.75
3869,Kolhapuri Akkha Masoor Dal Recipe (Masoor Dal in Kholapuri Masala),0.75
12258,Karnataka Style Sabbasige Rasam Recipe - Dill leave & Toor Dal Rasam,0.75
5338,Tamatar Gosht Recipe-Mutton In Tomato Curry,0.75
3856,Kerala Chicken Puttu Recipe,0.75
8655,"Kachumber Salad Recipe With Cucumber, Onion & Tomatoes",0.75
8590,Egg Pulao Recipe,0.75
3854,Restaurant Style Paneer Lababdar Recipe,0.75
8567,Khara Bhath Recipe-South Indian Rava Bhath,0.75
8550,Chana Pulao Recipe - Spicy Chickpea Pulao,0.75
8549,Moong Sprouts Pulao Recipe,0.75
8501,Tomato Upma Recipe,0.75
3849,Dosakaya Pappu Recipe-Andhra Style Yellow Cucumber Dal,0.75
3841,Hyderabadi Shahi Mixed Vegetable Curry Recipe,0.75
8650,Rabodi Simla Mirch Ki Sabzi (Rajasthani Curry with Corn Papad),0.75
8668,Methi Sprouts Salad Recipe - Healthy & Tasty Diabetic Snack,0.75
11619,Chatpata Rajma Salad Recipe - Kidney Beans Salad Recipe,0.75
3915,Tomato pulao Recipe,0.75
8734,Peanut Bhel Recipe,0.75
12115,Paneer Malai Makhani Biryani Recipe,0.75
12116,Semolina Vegetable Chilla Recipe,0.75
3921,Drumstick Dal Soup Recipe,0.75
12119,Methi Moong Dal Palak Recipe,0.75
8730,Chicken In Tomato Onion Gravy Recipe,0.75
12123,Shrimp Spinach Cheese Swirl Recipe,0.75
3917,Mixed Sprouts In Chettinad Masala Recipe,0.75
3914,Bengaluru Style Brinjal Gravy Recipe - For Biryani,0.75
3890,Smoked Dhaba Dal Recipe,0.75
12141,Karnataka Style Churumuri Recipe-Spicy Puffed Rice Recipe,0.75
8729,Quick and Healthy Pav Bhaji - Roz Ka Khana With Figaro Olive Oil,0.75
8718,Salem Thattu Vadai Set Recipe,0.75
8716,Murg Anardana Recipe - Pomegranate Chicken In Yogurt Gravy,0.75
8694,Konaseema Kodi Kura Recipe - Andhra Style Chicken Curry,0.75
8692,Kachi Tikya Recipe - Chicken In Tomato Gravy With Potatoes,0.75
3892,Chettinad Kathirikai Chops Recipe - Brinjal Curry for Biryani,0.75
8689,Chicken In White Gravy Recipe,0.75
3836,Andhra Style Munakkada Masala Kura Recipe - Drumstick Dry Curry Recipe,0.75
8495,Healthy Bharwa Karela Recipe - Stuffed Bitter Gourd,0.75
3831,Stuffed Kathal Recipe,0.75
8267,Aloo Gobi Sabzi Recipe - Spicy Potato Cauliflower Sabzi,0.75
12478,Thalapakattu Chicken Biryani Recipe,0.75
12486,Hariyali Machali Recipe - Carp Fish In Green Spinach And Coriander Gravy,0.75
5435,Nihari Gosht Recipe,0.75
3735,Spicy Baked Beans With Potato Cakes Recipe,0.75
8304,Amritsari Ajwaini Paneer Recipe,0.75
8299,Fenugreek Spiced Sardine Fish Curry Recipe,0.75
8277,Aloo Bilahi Maas Recipe - Assamese Fish Curry With Potatoes And Tomatoes,0.75
12537,Ulva Charu Recipe - Speci Andhra Horse Gram Rasam,0.75
12569,Coimbatore Style Drumstick Sambar Recipe,0.75
8473,Vegetable Rice Upma Recipe,0.75
3710,Healthy Bharwa Karela Recipe - Stuffed Bitter Gourd,0.75
8265,Lauki Tamatar Ki Sabzi Recipe,0.75
5455,Karnataka Style Sabbasige Rasam Recipe - Dill leave & Toor Dal Rasam,0.75
12602,Amritsari Dal Recipe,0.75
8263,Saoji Methi Pulao Recipe - Maharashtrian Style Fenugreek Leaves Pulao,0.75
12607,Masoor Moong Phali Ki Dal Recipe (Masoor Dal With Peanuts Recipe),0.75
12622,Bengali Aloo Dum Recipe,0.75
12633,Matki Kala Chana Salad Recipe,0.75
8376,Bharli Vangi Recipe - Maharashtrian Style Stuffed Brinjals,0.75
8388,Broken Barley Upma Recipe,0.75
12457,Vendaikai (Okra) Puli Kootu Recipe,0.75
8391,Quick and Easy Bread Upma Recipe,0.75
10292,Amritsari Ajwaini Paneer (Recipe In Hindi),0.75
3815,Parshe Macher Jhal Recipe - Mullet In Mustard Sauce,0.75
5377,Madras Lamb Curry Recipe,0.75
8456,Uggani Recipe - Puffed Rice Upma,0.75
8451,Spicy Quinoa Upma Recipe,0.75
3802,Masala Vada Curry Recipe - Chana Dal Vada Curry Recipe,0.75
12373,Tomato Chutney (Recipe In Hindi),0.75
12385,Spiced Prune Chutney Recipe,0.75
3789,Traditional Amritsari Chole Recipe | Punjabi Chole Masala,0.75
5394,Kashmiri Style Rajma Recipe,0.75
3787,Sarson Ka Saag Recipe - Classic North Indian Saag Recipe,0.75
12399,Cheesy Chicken Tikka Recipe,0.75
8444,Kolkata Style Egg Roll Recipe (Wrap or Frankie Recipe) - Roz Ka Khana With Figaro Olive Oil,0.75
12428,Chicken Tikka Masala Recipe,0.75
12435,Gujarati Trevti Dal Recipe (Creamy Lentils Cooked In Mild Spices),0.75
8393,Puffed Rice Upma Recipe - Murmura Upma,0.75
12448,Bhuna Murgh Recipe,0.75
5284,Choto Aloor Dum Recipe - Bengali Style Baby Potato Stir Fry,0.75
3931,Roasted Eggplant And Chickpea Curry Flavored With Curry Leaves And Mustard Seeds,0.75
8743,Andhra Style Urlugadda Munagakaya Charu Recipe - Potato And Drumstick Gravy,0.75
5151,Instant Rava Appam With Vegetables Recipe,0.75
11861,Kala Chana Amti Recipe - Maharashtrian Black Chickpea Curry,0.75
4054,"Rava Upma Recipe With Peanuts, Peas & Corn",0.75
8957,Green Chilli Chicken Fry Recipe,0.75
4053,Mint Vegetables Moilee Recipe (Mixed Vegetables Cooked In Minty Coconut Milk),0.75
4049,Tomato Chutney Recipe,0.75
8940,Prawns Kuzhambu Recipe - Tangy Prawns In Tamarind And Coconut Gravy,0.75
11890,Manathakkali Kootu Recipe,0.75
11896,Awadhi Style Dal Masoor Mussallam Recipe,0.75
8930,Sukhe Methi Chole Recipe,0.75
4019,Coimbatore Style Drumstick Sambar Recipe,0.75
8914,Posto Chicken Recipe - Bengali Chicken In Poppy Seed Paste,0.75
5167,Bhuna Murgh Recipe,0.75
8903,Sookha Bhujia Bhel Recipe,0.75
8902,Goan Gawar Bhaji Recipe,0.75
8892,Bhut Jolokia Murgh Recipe,0.75
11918,Kala Chana Masala Recipe,0.75
11921,Green zucchini tamarind broth recipe (turkey berry yummy pastry),0.75
8880,Jodhpuri style Gulab Jamun Ki Sabzi Recipe,0.75
8966,Indian Chicken Keema Sliders Recipe,0.75
11835,Fish Tikka Masala Gravy Recipe,0.75
4069,Nawabi Kofta Curry Recipe,0.75
8986,Paneer Bhurji Recipe With Capsicum - Spicy Cottage Cheese Crumble,0.75
4127,Soya Chunks And Beetroot Biryani Recipe,0.75
9083,Calcutta Style Paneer Egg Frankie Recipe -Wrap or Roll Recipe,0.75
11651,Jeera Miri Kolambi Recipe - Cumin & Black Pepper Prawns,0.75
5086,Dimer Malai Curry Recipe (Bengali Style Egg Curry In Coconut Milk),0.75
4116,Kumbakonam Kadappa Recipe - South Indian Style Lentil and Potato Stew,0.75
11662,Dhaba Style Tawa Pulao Recipe - Masala Brown Rice Tawa Pulao,0.75
5100,Mocha Chingri Manohara Recipe (Shrimps Stuffed Banana Flower Kofta Curry),0.75
11667,Khara Bhath Recipe-South Indian Rava Bhath,0.75
11672,Chana Methi Dal Recipe - Fenugreek & Split Bengal Gram Curry,0.75
11688,Masala Palak Bhurji Recipe,0.75
4093,Egg Curry Masala Recipe With Sunny Side Up Eggs,0.75
9064,Scrambled Egg Bread Upma Recipe With Potatoes,0.75
9038,Prawn Masala Kozhukattai Recipe - Prawn Masala Dumplings,0.75
5122,Kakrar Jhal (Bengali Crab Korma Recipe),0.75
11751,Turai Pyaz Hari Mirch Ki Sabzi Recipe-Ridge Gourd Stir Fry With Green Chili And Onions,0.75
4082,Achari Paneer Recipe - Spec Pickled Paneer Gravy,0.75
9015,Mumbai Style Egg Bhurji Recipe,0.75
8874,Matki Dal Sabzi Recipe - Sprouted Moth Bean Sabzi Recipe,0.75
8849,Amla Methi Sukhi Sabzi Recipe - Healthy Diabetic Sabzi,0.75
8748,Indian Misal Bunny Chow Recipe,0.75
12023,Healthy Vegetable Paratha Rolls Recipe,0.75
5248,Kerala Style Mutton Stew Recipe,0.75
8776,Kabuli Chana Kofta Biryani Recipe - Chickpea Kofta Biryani,0.75
8771,Chicken Biryani With Coconut Milk with Basmati Rice,0.75
5254,Karnataka Style Obbattu Saaru Recipe - Sweet & Spicy Rasam Recipe,0.75
3979,Capsicum In Coconut And Peanut Gravy Recipe,0.75
3975,Konkan Style Vali Bhajji Ambat Recipe-Spiced Malabar Spinach Dal,0.75
3974,Bharwa Lauki Recipe - Stuffed Bottle Gourd,0.75
3971,Andhra Style Tomato Cauliflower Koora Recipe,0.75
5258,Kaleji Ka Faal Recipe-Mutton Liver Pepper Fry,0.75
4017,Chettinad Paruppu Urundai Kuzhambu (Steamed Lentil Balls Cooked in a Tangy Curry) Recipe,0.75
12030,Paneer Pav Bhaji Recipe - Wholesome Weeknight Dinner,0.75
3960,Bhindi Masala Gravy Recipe - Ladies Finger In Tomato Onion Gravy,0.75
5263,Mutton Dak Bungalow Curry Recipe,0.75
8760,Jeera Miri Kolambi Recipe - Cumin & Black Pepper Prawns,0.75
3953,One Pot Punjabi Rajma Masala Recipe In Preethi Electric Pressure Cooker,0.75
12056,Baby Corn & Tomato Masala Bath-Rice Spiced With Pav Bhaji Masala,0.75
8757,Chicken Kofta Curry Recipe,0.75
3937,Stuffed Bhindi Recipe With Peanuts,0.75
8782,Kerala Chicken Roast Recipe,0.75
3987,Matar Ki Tehri Recipe - Fragrant rice cooked with spices and fresh peas,0.75
5244,Andhra Style Mutton Curry Recipe,0.75
3990,Sweet Potato Dal Recipe,0.75
8805,Lauki Ka Salan Recipe - Bottle Gourd Salan Recipe,0.75
8800,Karnataka Style Churumuri Recipe-Spicy Puffed Rice Recipe,0.75
4013,Restaurant Style Paneer Butter Masala Recipe | Paneer Makhani Recipe,0.75
4011,Potato And Peas Curry Recipe In Coconut Milk Gravy,0.75
5232,Hariyali Mutton Curry Recipe,0.75
5234,Shahi Tindora Recipe - Tindora In Cashew Nut Gravy,0.75
11967,Happy Dahi Wali Gourd Recipe - Yogurt Based Bottle Gourd Vegetable,0.75
8789,Masala Puri Chaat Recipe,0.75
11988,Bharli Vangi Recipe - Maharashtrian Style Stuffed Brinjals,0.75
11991,Assamese Bilahi Boror Tenga Recipe (Sour Curry With Red Lentil Fritters),0.75
3999,Masala Palak Bhurji Recipe,0.75
8784,Chatpata Peanut Salad - Peanut Chaat Recipe,0.75
5241,Lugai Gosht Recipe - Mutton In Spicy Tomato Onion Gravy,0.75
12003,Dal Kabila Recipe - Diabetic Urad Dal Tadka,0.75
3995,Baked Fish In Coconut Milk Recipe,0.75
12006,Mirchi And Aloo Curry Recipe - Long Green Chilli And Potato Curry,0.75
5242,Attukal Mochai Kuzhambu Recipe-Mutton Leg & Field Beans Gravy,0.75
10190,Malai Kofta Curry Recipe - Creamy and Healthy Paneer Aloo Kofta Curry,0.75
6149,Tomato Chutney Recipe,0.75
1370,Punjabi Toor Dal Tadka Recipe Using Preethi Electric Pressure Cooker,0.75
1187,Karnataka Style Menthya Soppu Hesaru Kaalu Palya Recipe,0.75
2374,Milagai Bajji Stuffed with Masala Chicken Recipe,0.75
16035,Methi Aur Kache Kele Ki Sabzi Recipe-Fenugreek Greens & Raw Banana Stir Fry,0.75
15385,Andhra Style Potato Korma Recipe,0.75
604,Kohlrabi Recipe (Knol Khol Poriyal),0.75
17787,Posto Chicken Recipe - Bengali Chicken In Poppy Seed Paste,0.75
1702,Cheesy Pav Bhaji Recipe,0.75
2366,One Pot Punjabi Rajma Masala Recipe - One Pot Punjabi Rajma Masala Recipe,0.75
17781,Bhut Jolokia Murgh Recipe,0.75
15394,Paneer Stuffed Bhindi Masala Recipe,0.75
15396,Masala Vada Curry Recipe - Chana Dal Vada Curry Recipe,0.75
15399,Kurkuri Bhindi With Spicy Tomato Yogurt Gravy Recipe,0.75
628,Chettinad Style Urulai Roast Recipe - Baby Potato Roast,0.75
15401,Karnataka Style Avarekalu Pulao Recipe - Avarekalu Pulao,0.75
16023,Tawa Mushroom Recipe,0.75
16022,Andhra Style Allam Pachadi (Ginger Chutney Recipe),0.75
17744,Chicken Biryani With Coconut Milk with Basmati Rice,0.75
1188,High Protein Moong Dal Cheela Recipe With Stuffed Paneer,0.75
597,Odisha Style Dal Tadka Recipe,0.75
15372,Vegan Chickpeas And Broccoli Curry Recipe,0.75
595,Matar Paneer Kachori Korma Recipe - Green Peas And Paneer Kachori Curry,0.75
1197,Panchmel Dal Recipe | Rajasthani Dal | Panchkuti Dal,0.75
2413,Smoked Dhaba Dal Recipe,0.75
15320,Stuffed Ridge Gourd Recipe,0.75
17864,Goan Style Salada De Cavalas Salgadas Recipe - Salted Mackerel Salad,0.75
569,Dhaba Style Chana Masala From Deserts of Jaisalmer,0.75
2403,Kabuli Chana Kofta Biryani Recipe - Chickpea Kofta Biryani,0.75
1200,Mutton Varattiyathu Recipe - Malabar Mutton Roast,0.75
16048,Thotakura Pappu Recipe (Toor Dal with Amaranth Leaves),0.75
1684,Chettinad Muttai Masala Recipe - Chettinad Style Egg Curry,0.75
593,Red Lentil Curry Without Coconut Recipe,0.75
1196,Kerala Egg Roast Masala Recipe,0.75
1686,Egg Korma Recipe,0.75
584,Aloo Konir Dom Recipe (Assamese Egg & Potato Curry),0.75
15358,Chilke Wali Mung Dal Curry Recipe,0.75
2391,Masoor Dal Makhani (Recipe In Hindi),0.75
15360,Andhra Style Munakkada Masala Kura Recipe - Drumstick Dry Curry Recipe,0.75
592,Paneer Stuffed Bhindi Masala Recipe,0.75
637,Restaurant Style Phool Gobhi Masala Recipe,0.75
2343,Hara Chana Masala Recipe,0.75
15500,Corn Pulao Recipe,0.75
16018,Thandu Keerai Puli Kuzhambu Recipe - Amaranth Greens in Tangy Curry,0.75
707,Soya Methi Palak Ki Sabzi Recipe,0.75
2299,Chow Chow Sambar Recipe (Chayote Squash Sambar),0.75
710,Chettinad Prawn Curry Recipe,0.75
712,Shahi Egg Curry Recipe In Tomato & Cashew Gravy,0.75
2292,Shahi Dal Recipe,0.75
716,Kadai Chole Recipe- Dry Chickpeas Masala with Capsicum,0.75
1751,Dhingri Dolma Recipe -Awadhi Style Mushroom Paneer Masala,0.75
2288,Ambur Star Chicken Biryani Recipe,0.75
2286,Mudaliar Style Omelette Curry Recipe,0.75
1756,Spicy Crab Masala Recipe,0.75
2283,Methi Malai Paneer Recipe,0.75
15998,Malai Kofta Curry Recipe - Creamy and Healthy Paneer Aloo Kofta Curry,0.75
1760,Jhinga Gawar Recipe -Shrimps & Cluster Beans Sabzi,0.75
1174,Corn Methi Malai Gravy Recipe,0.75
747,Chole Aloo Tikki Chaat Recipe - An Indian Street Food Snack,0.75
755,Hyderabad Style Kuska Recipe (Biryani Rice Recipe),0.75
16959,Karnataka Style Hurali Kalu Saaru Recipe,0.75
15476,Chicken Wings With Bhuna Masala Recipe,0.75
16004,Bengali Aloo Dum Recipe,0.75
701,Rawalpindi Style Chole Recipe,0.75
671,Awadhi Moong Dal Ki Goli Recipe - Lentil Dumplings In Tomato Gravy,0.75
2340,Vegetable Uttapam Recipe (Vegetable Uttapam),0.75
1186,Feijoada Recipe - Spicy Goan Black Eyed Peas Stew,0.75
665,Quick Paneer Masala Recipe - 15 Minute Paneer Gravy,0.75
15413,Mushroom and Prawn Malai Curry Recipe,0.75
17728,Methi Sprouts Salad Recipe - Healthy & Tasty Diabetic Snack,0.75
670,Ambur Style Brinjal Curry Recipe,0.75
1729,Vankaya Pakodi Koora Recipe - Andhra Style Brinjal Pakora Curry,0.75
17726,Konaseema Kodi Kura Recipe - Andhra Style Chicken Curry,0.75
15437,Punjabi Style Lobia Masala Recipe (Black Eyed Peas Masala),0.75
15421,Kadai Mushroom Recipe,0.75
674,Vegetarian Chinese Samosa Recipe,0.75
15423,Hyderabadi Shahi Mixed Vegetable Curry Recipe,0.75
15425,Konkan Style Vali Bhajji Ambat Recipe-Spiced Malabar Spinach Dal,0.75
17722,Chicken In White Gravy Recipe,0.75
1738,Petha Wadi Sabzi Recipe,0.75
1745,Gujarati Trevti Dal Recipe (Creamy Lentils Cooked In Mild Spices),0.75
15315,Konkan Style Modachya Moongachi Amti Recipe-Sprouted Moong Bean Curry,0.75
15314,Lentil Dal with Coconut Milk Recipe,0.75
556,Kasuri Methi Paneer Sabzi Recipe,0.75
2425,Stuffed Ridge Gourd Recipe,0.75
16109,Kerala Mutton Roast Recipe - Kerala Mutton Masala,0.75
15061,One Pot Punjabi Rajma Masala Recipe In Preethi Electric Pressure Cooker,0.75
1592,Delicious Breakfast Anda Ghotala Recipe With Butter Pav,0.75
2555,Uggani Recipe - Puffed Rice Upma,0.75
464,Tofu Bhurji Recipe - Spicy Scrambled Tofu,0.75
468,Chinese Oats Paneer Manchurian Kathi Roll Recipe,0.75
16753,Pacha Payir Kulambu Recipe (South Indian Style Green Gram Curry),0.75
470,Dal Bukhara Recipe (Punjabi Style Black Urad Dal),0.75
16767,Paneer Malai Makhani Biryani Recipe,0.75
15085,Arhar Ki Dal with Lahsun Tadka,0.75
478,Chana Dal Pulao Recipe,0.75
17956,Kara Boondi Kurma Recipe - Boondi In Coconut Milk,0.75
2948,Chana Methi Dal Recipe - Chana Methi Dal Recipe,0.75
482,Dhania Murgh Makhani Recipe,0.75
1234,Drumstick Dal Recipe,0.75
1619,Nawabi Kofta Curry Recipe,0.75
16089,Nawabi Mixed Vegetable Gravy Recipe,0.75
17968,Palakottai Kuzhambu Recipe-Kongunad Style Jackfruit Seeds Curry,0.75
458,Gongura Chicken Curry Recipe - Andhra Style Gongura Chicken,0.75
455,Chettinad Chicken Recipe | Pepper Chicken Dry | South Indian,0.75
16685,One Pot Masala Vegetable Rice Recipe,0.75
16148,Pumpkin Curry With Chicken Recipe,0.75
1558,Cheesy Paneer Masala Curry Recipe,0.75
16144,Navrang Dal Recipe ( Spicy Mixed Lentils),0.75
16143,Chicken Keema Paratha Recipe - Minced Chicken Flat Bread,0.75
15026,Chicken Curry With Sweet Potatoes Recipe,0.75
1265,Fusion Style Paneer Malai Makhani Recipe,0.75
16137,Methi Masoor Dal Recipe With Whole Masoor,0.75
2577,Spicy Soya Bhurji Recipe - North Indian Soya Matar Bhurji,0.75
16110,Assamese Bilahi Boror Tenga Recipe (Sour Curry With Red Lentil Fritters),0.75
1257,Mughlai Aloo Lajawab Recipe - Mughlai Aloo Sabzi Recipe,0.75
17980,Broken Barley Upma Recipe,0.75
2573,Sukha Bhel Recipe With Boiled Peanuts - Peanut Bhel Chaat,0.75
1255,Baingan Bharta Recipe - Smoked Roasted Eggplant with Green Chillies and Ginger,0.75
445,Thatta Payaru Sambar Recipe - Black Eyed Beans Sambar,0.75
17975,Spicy Soya Bhurji Recipe - North Indian Soya Matar Bhurji,0.75
1242,Spicy Paneer Bhurji Pav Sandwich Recipe - Breakfast Recipe,0.75
15113,Mushroom Curry Recipe,0.75
498,Tomato Kurma Recipe - Thakkali Kurma For Biryani & Parotta,0.75
1632,Bhel Puri With Raw Mango Recipe,0.75
2454,Paneer Bake Pit Paniyaram Recipe,0.75
15242,Chatpata Kabuli Chana Salad - Chickpea Salad Recipe,0.75
1645,Sprouted Moong Chaat Recipe,0.75
1217,Tamatar Pyaz Ki Sabzi Recipe -Tomato Onion Sabzi,0.75
16857,Instant Rava Appam With Vegetables Recipe,0.75
15271,One Pot Vegetable Biryani Recipe In Preethi Electric Pressure Cooker,0.75
17199,Indian Spiced Brussel Sprouts Sabzi Recipe (Brussel Sprouts Stir Fry),0.75
1656,Aloo Amritsari Recipe,0.75
543,Nimki Aloo Anardana Curry Recipe - Potato And Nimki Curry,0.75
17906,Paneer Bhurji Recipe With Capsicum - Spicy Cottage Cheese Crumble,0.75
15276,Chicken Keema Dosa Recipe - Madurai Kari Dosa Recipe,0.75
17890,Shahi Paneer Recipe,0.75
1214,Dhaba Style Dal Palak Recipe,0.75
16869,Paneer Stuffed Kuzhi Paniyaram Recipe,0.75
545,Karnataka Style Badanekayi Palya Recipe - Long Brinjal In Spicy Coconut Recipe,0.75
16071,Hyderabadi Laziz Lamb Handi Recipe,0.75
548,Aloo Raswala Sabzi Recipe,0.75
2470,Instant Rava Appam With Vegetables Recipe,0.75
2483,Kolhapuri akha masoor dal recipe (masoor dal in kholpuri masala),0.75
502,Mutta Salna Recipe (South Indian Style Egg Drop Gravy),0.75
15198,Mini Dal Samosa Curry/Sabzi Recipe,0.75
15156,Tomato Onion Tadka Raita Recipe,0.75
16815,Teekha Murgh Recipe,0.75
16816,Bhuna Murgh Recipe,0.75
1225,Sweet & Spicy Stuffed Paneer In Kofta Curry Recipe,0.75
16830,Palak Chole Recipe (Spinach & Chickpea Curry),0.75
512,Halli Style Mutton Saaru Recipe - South Indian Mutton Curry,0.75
17918,Mirchi And Aloo Curry Recipe - Long Green Chilli And Potato Curry,0.75
519,Spicy Soya Keema Masala Recipe,0.75
2485,Dhaba Style Dal Palak Recipe,0.75
1221,Dal Kabila Recipe - Diabetic Urad Dal Tadka,0.75
524,Fish Tikka Masala Gravy Recipe,0.75
2492,Creamy Dal Makhani Recipe,0.75
15218,Spiced Prune Chutney Recipe,0.75
532,Palak And Kala Chana Sukhi Sabzi Recipe,0.75
533,Spicy Pressure Cooker Mutton Curry Recipe,0.75
16833,Kabuli Chana & Moongphali Salad Recipe,0.75
15991,Kerala Style Cauliflower Kurma Recipe,0.75
2262,Hariyali Machali Recipe - Carp Fish In Green Spinach And Coriander Gravy,0.75
18027,Cucumber Tomato Corn Peanut Salad With Lemon Recipe,0.75
15871,Milagai Bajji Stuffed with Masala Chicken Recipe,0.75
15741,Palak And Kala Chana Sukhi Sabzi Recipe,0.75
17112,Chettinad Beetroot Kurma Recipe,0.75
17405,Masala Palak Bhurji Recipe,0.75
1892,Dim Posto Recipe - Bengali Egg Curry With Poppy Seeds,0.75
1097,Besan Bread Toast Recipe On Tawa - Vegetarian French Toast,0.75
969,Usal Pav Recipe -A Delicious Mumbai Street Food,0.75
1093,Nadan Kozhi Recipe | Kerala Chicken Curry | Nadan Chicken Curry,0.75
970,Simple Mutton Curry With Coconut Recipe,0.75
2036,Pohala Jhola Recipe (Pohala Fish Curry),0.75
1901,Indian Style Beetroot Soup Recipe,0.75
1903,Aloo Matar Sabzi Recipe - Potatoes Peas In Tomato Gravy,0.75
976,Paneer In Coconut Gravy Recipe,0.75
15752,Chettinad Chicken Recipe | Pepper Chicken Dry | South Indian,0.75
15756,Gongura Chicken Curry Recipe - Andhra Style Gongura Chicken,0.75
978,Aloo Bhey Ki Sabzi Recipe (Potato Lotus Stem Curry),0.75
15760,Tofu Bhurji Recipe - Spicy Scrambled Tofu,0.75
15881,Healthy Methi Matar Malai (No Cream) Recipe,0.75
15739,Cauliflower Curry With Bell Peppers And Carrots In Spiced Milk Gravy,0.75
951,Lauki Wadi Tarkari Recipe - Bengali Style Moong Dal Dumplings & Bottle Gourd Sabzi,0.75
2047,Dry Navratan Korma Recipe,0.75
1872,Chicken Keema Paratha Recipe - Minced Chicken Flat Bread,0.75
15698,Coimbatore Style Drumstick Sambar Recipe,0.75
912,Spiced Onion Pulao Recipe - Pyaz Pulao Recipe,0.75
15712,Fish Tikka Masala Gravy Recipe,0.75
915,Gajar Pulao Recipe - Spiced Carrot Rice,0.75
917,Khatte Chole Recipe - A Delicious North Indian Chana Masala,0.75
919,Andhra Style Vegetarian Biryani with Soya Chunks Recipe,0.75
15899,Mushroom Tikka Masala Recipe (Mushroom & Bell Peppers In Spicy Tomato Gravy),0.75
17099,Masoor Moong Phali Ki Dal Recipe (Masoor Dal With Peanuts Recipe),0.75
1110,Mutton Keema Recipe,0.75
1878,Bhindi Masala Curry Recipe,0.75
15894,Raw Mango Dal Fry Recipe,0.75
940,Broccoli Egg Bhurji Recipe,0.75
945,Spicy Minced Chicken Keema Balls Curry Recipe,0.75
17419,Stuffed Mussels Recipe,0.75
2051,Bhindi Masala Recipe - Bhindi Tamatar Ki Sabzi,0.75
1889,Kadhai Tofu Sabji Recipe,0.75
980,Paneer Malai Makhani Biryani Recipe,0.75
981,Chicken Keema Biryani Recipe,0.75
2261,Mushroom Tikka Masala Recipe (Mushroom & Bell Peppers In Spicy Tomato Gravy),0.75
17370,Shrimp Spinach Cheese Swirl Recipe,0.75
1025,Spinach Mushroom Chickpea Curry Recipe,0.75
1028,Palak Matar Recipe - Spinach And Green Peas Curry,0.75
1925,Paneer Butter Masala Biryani Recipe,0.75
15823,Soya Methi Palak Ki Sabzi Recipe,0.75
17283,Dadpe Pohe Recipe (Maharashtrian Poha),0.75
1929,Butter Chicken With Tandoori Mayo Recipe,0.75
1042,Rajasthani Dal Bati Churma Recipe | Dhaba Style recipe,0.75
1961,Prawns In Mashed Green Grams Soup Recipe,0.75
1049,Goan Style Chicken Vindaloo With Vegetables,0.75
17176,Amritsari Dal Recipe,0.75
1935,Fish Molee Recipe - Kerala Style Fish Curry,0.75
1960,Tamatar Wali Arbi Sabzi Recipe,0.75
15826,Manathakkali Kootu Recipe,0.75
1065,Kerala Style duck curry with Coconut Milk Recipe,0.75
1948,Lagan Ki Machli Recipe - Delicious Pomfret Curry,0.75
15844,Ringna No Olo Recipe - A Kathiyawadi Gujarati Style Roasted Eggplant,0.75
1064,Bharwa Karela Makhani Recipe - Stuffed Karela Masala Gravy,0.75
1967,Pumpkin Curry With Chicken Recipe,0.75
1968,Mixed Vegetable Handi Recipe,0.75
17297,Alasande Kaalu Saaru Recipe (Malnad Style Black Eyed Beans Curry),0.75
1001,Methi Masoor Dal Recipe With Whole Masoor,0.75
15868,Chikkudukaya Vepudu Recipe-Broad Beans Masala Poriyal,0.75
15793,Karnataka Style Badanekayi Palya Recipe - Long Brinjal In Spicy Coconut Recipe,0.75
992,Paneer Stuffed Mushroom Masala Recipe,0.75
993,Chilli Paneer Recipe -Indo Chinese,0.75
994,Tamatari Chole Recipe,0.75
15855,Kongunadu Style Arisi Paruppu Sadam Recipe,0.75
17352,Sweet Potato Dal Recipe,0.75
1003,Oriya Special Dalma Recipe - Lentils Cooked With Vegetables & Raw Papaya,0.75
1016,Aratikaya Tomato Koora Recipe - Andhra Style Plantains With Tomato,0.75
17338,Lau Er Kofta Curry Recipe (Bengali Style Doodhi Dumplings In Tomato Based Gravy),0.75
1990,Lobia Masala Recipe (Black Eyed Bean Curry) - Roz Ka Khana With Figaro Olive Oil,0.75
1987,Bengali Kosha Mangsho Recipe-Slow Cooked Mutton Curry,0.75
17337,Kala Chana Masala Recipe,0.75
15816,Rajasthani Dal Recipe,0.75
1011,Mushroom Do Pyaza Recipe,0.75
1082,Chettinad Pakora Curry Recipe,0.75
1118,Gujarati Dal Dhokli Recipe-Sweet & Spicy Tangy Dal Curry with Whole Wheat Strips,0.75
905,Vegetable Handi Biryani Recipe,0.75
904,Paneer Biryani Recipe,0.75
2078,Mixed Vegetable Curry Roll Recipe,0.75
2205,Nargisi Kofta Curry Recipe - Spicy Scotched Egg Curry,0.75
797,Muttai Parotta Recipe ( Ande Ka Paratha / Egg Filled Flat Bread),0.75
2195,Spicy Egg Biryani Recipe with Figaro Olive Oil,0.75
17606,Puffed Rice Upma Recipe - Murmura Upma,0.75
15559,Lauki Wadi Tarkari Recipe - Bengali Style Moong Dal Dumplings & Bottle Gourd Sabzi,0.75
1153,Gawar Phali Masala Sabzi Recipe - Cluster Beans Gravy Sabzi,0.75
15959,Meat Masala Stuffed Bharwa Baingan Recipe,0.75
15581,Dhania Murgh Makhani Recipe,0.75
803,Hyderabadi Khadi Masoor Dal Recipe - Hyderabadi Style Lentil Curry,0.75
2169,Chickpea Coconut Milk Curry Recipe,0.75
17593,Chana Pulao Recipe - Spicy Chickpea Pulao,0.75
17592,Moong Sprouts Pulao Recipe,0.75
15955,Soya Chunks And Beetroot Biryani Recipe,0.75
17588,Baingan Tamatar Sabzi - Brinjal/ Eggplant Masala Recipe,0.75
823,Milagai Bajji Stuffed with Masala Chicken Recipe,0.75
15945,Gawar Phali Methi Ki Sabzi Recipe -Cluster Beans Methi Sabzi,0.75
1144,Vankaya Ulli Karam Recipe - Eggplant In Spicy Onion Gravy,0.75
16401,Kolhapuri Akkha Masoor Dal Recipe (Masoor Dal in Kholapuri Masala),0.75
15535,Bhindi Masala Curry Recipe,0.75
15534,Matar Paneer Kachori Korma Recipe - Green Peas And Paneer Kachori Curry,0.75
15988,Rajasthani Dal Bati Churma Recipe | Dhaba Style recipe,0.75
16970,Andhra Style Beerakaya Pappu Recipe (Ridge Gourd Dal Recipe),0.75
2256,Raw Mango Dal Fry Recipe,0.75
2252,Hyderabadi Vegetable Biryani Recipe | Vegetable Dum Biryani,0.75
2250,Masoor Dal Makhni Recipe,0.75
16979,Pachai Sundakkai Puli Kuzhambu Recipe (Turkey Berry Tamarind Based Gravy),0.75
1159,Lauki Ke Kofta Curry Flavoured With Kasuri Methi,0.75
15990,Punjabi Toor Dal Tadka Recipe Using Preethi Electric Pressure Cooker,0.75
15527,Gahat Rasmi Badi Recipe (Uttaranchal Kulith Koftas In Tomato Onion Gravy),0.75
17625,Awadhi Moong Dal Ki Goli Recipe - Lentil Dumplings In Tomato Gravy,0.75
15528,Palak Kichdi Recipe,0.75
15978,Punjabi Rajma Masala Recipe - Rajma Chawal/Spiced Red Kidney Beans Curry,0.75
768,Dhaba Style Green Moong Dal Makhani Recipe,0.75
773,Paneer Do Pyaza Recipe,0.75
17639,Egg Curry Masala Recipe With Sunny Side Up Eggs,0.75
776,Punjabi Style Egg Curry Recipe,0.75
2221,Vegan Kofta Curry Recipe,0.75
2158,Chikkudukaya Vepudu Recipe-Broad Beans Masala Poriyal,0.75
17570,Dum Murgh Aatishi Recipe - Spicy Smoked Chicken Recipe,0.75
2144,Kongunadu Style Arisi Paruppu Sadam Recipe,0.75
891,Amritsari Murgh Makhani Recipe- Chicken Makhani Recipe,0.75
878,Chicken Meatballs In A Makhni Gravy Recipe,0.75
879,Chana Methi Dal Recipe - Fenugreek & Split Bengal Gram Curry,0.75
1840,Healthy Lauki Kofta Curry Recipe | Non Fried Bottle Gourd Kofta Curry | Dhoodi Kofta,0.75
1842,Kashmiri Style Chokh Vangun Recipe - Baingan Masala,0.75
17064,Tomato Chutney Recipe,0.75
1129,Methi & Pudina Aloo Sabzi Recipe,0.75
15906,Smoked Dhaba Dal Recipe,0.75
15684,Thatta Payaru Sambar Recipe - Black Eyed Beans Sambar,0.75
1831,Matar Butter Masala Recipe,0.75
2082,Kashmiri Style Rista Recipe - Mutton Kofta Curry,0.75
15688,Creamy Dal Makhani Recipe,0.75
895,Chilke Wali Mung Dal Curry Recipe,0.75
1852,Hyderabadi Laziz Lamb Handi Recipe,0.75
1855,Kerala Mutton Roast Recipe - Kerala Mutton Masala,0.75
17490,Muttai Kuzhambu Recipe - South Indian Egg Curry,0.75
1859,Assamese Bilahi Boror Tenga Recipe (Sour Curry With Red Lentil Fritters),0.75
15661,Chettinad Pakora Curry Recipe,0.75
869,Meat Masala Stuffed Bharwa Baingan Recipe,0.75
839,Kadai Baby Corn Paneer Recipe,0.75
1136,Bhune Pyaz Ka Gosht Recipe - Mutton Curry With Roasted Onion & Spices,0.75
15619,Mutta Salna Recipe (South Indian Style Egg Drop Gravy),0.75
843,Goan Style Empada De Camarao Recipe (Prawn Pie),0.75
17569,Rabodi Simla Mirch Ki Sabzi (Rajasthani Curry with Corn Papad),0.75
2130,Rajasthani Dal Recipe,0.75
15936,Traditional Amritsari Chole Recipe | Punjabi Chole Masala,0.75
2129,Matar Paneer Recipe - Paneer in Peas Gravy,0.75
2122,Kaddu Simla Mirch Sabzi Recipe - Pumpkin Capsicum Sabzi,0.75
15930,Methi & Pudina Aloo Sabzi Recipe,0.75
1828,Eerulli Palya Recipe - Vengaya Poriyal Recipe,0.75
17538,Lauki Tamatar Ki Sabzi Recipe,0.75
2115,Tawa Mushroom Recipe,0.75
2114,Andhra Style Allam Pachadi (Ginger Chutney Recipe),0.75
15927,Chana Methi Dal Recipe - Fenugreek & Split Bengal Gram Curry,0.75
865,Vegan Chickpea Omelette Recipe (Spiced Chickpea Flour Pancakes),0.75
1818,Broccoli Paneer And Peanut Masala Recipe,0.75
866,Amritsari Fish Gravy Recipe,0.75
16152,Gujarati Trevti Dal Recipe (Creamy Lentils Cooked In Mild Spices),0.75
1655,Bhel Puri Recipe - An Indian Street Food And Tea Time Snack,0.75
415,Stuffed Ridge Gourd Recipe,0.75
14673,Karnataka Style Menthya Soppu Hesaru Kaalu Palya Recipe,0.75
1309,Spicy Seafood Stew Casserole With Tomatoes And Lime Recipe,0.75
18277,Sukhi Dahi Wali Lauki Recipe - Yogurt Based Bottle Gourd Sabzi,0.75
1311,Stuffed Bharwa Tinda Recipe (Stuffed Apple Gourd),0.75
14716,Spicy And Tangy Bread Upma Recipe,0.75
14713,"Rava Upma Recipe With Peanuts, Peas & Corn",0.75
2776,Achari Chole Aloo Tikki Chaat Recipe,0.75
1312,Thotakura Pappu Recipe (Toor Dal with Amaranth Leaves),0.75
16209,Baingan Methi Ka Bharta Recipe with Pomegranates,0.75
18317,Healthy Bharwa Karela Recipe - Stuffed Bitter Gourd,0.75
177,Shahi Paneer Recipe,0.75
18345,Uggani Recipe - Puffed Rice Upma,0.75
16212,Kerala Style duck curry with Coconut Milk Recipe,0.75
1307,Punjabi Black Chickpea Curry Recipe - Kale Chane Ki Sabzi,0.75
2791,Khatte Chole Recipe - A Delicious North Indian Chana Masala,0.75
167,Palak Chole Recipe (Spinach & Chickpea Curry),0.75
16216,Hariyali Machali Recipe - Carp Fish In Green Spinach And Coriander Gravy,0.75
165,Dhaba Style Dal Fry Recipe | Mixed Dal Tadka,0.75
158,Methi Murgh Recipe - Chicken with Fenugreek Leaves,0.75
146,Dudhi Dal Gosht Recipe-Mutton With Bottle Gourd & Lentils,0.75
14643,Dal Kabila Recipe - Diabetic Urad Dal Tadka,0.75
144,Ringna No Olo Recipe - A Kathiyawadi Gujarati Style Roasted Eggplant,0.75
139,Corn Pulao Recipe,0.75
14637,Dhaba Style Dal Palak Recipe,0.75
116,Royyala Kura Recipe (Andhra Style Prawn Curry),0.75
18276,Karnataka Style Sabbasige Rasam Recipe - Dill leave & Toor Dal Rasam,0.75
14765,Restaurant Style Phool Gobhi Masala Recipe,0.75
14611,Baingan Bharta Recipe - Smoked Roasted Eggplant with Green Chillies and Ginger,0.75
14826,Punjabi Mixed Vegetable Kadai Recipe,0.75
18192,Masala Dosa Recipe With Vegetable Filling Recipe,0.75
18193,Chickpea Salad Recipe With Raw Mango,0.75
323,Tomato Sheer Recipe -Tomato And Coconut Curry Recipe,0.75
16632,Mocha Chingri Manohara Recipe (Shrimps Stuffed Banana Flower Kofta Curry),0.75
322,Kadai Mushroom Recipe,0.75
2685,Mughlai Style Eggplant Simmered In Rich Tomato Curry (Recipe In Hindi),0.75
16629,Egg Lifafa Paratha Recipe,0.75
14857,Spinach Corn Sabzi Recipe,0.75
2700,Munthiri Masala Kurma Recipe - Kaju Masala Kurma Recipe,0.75
14841,Kancha Peper Kofta Curry Recipe-Bengali Green Papaya Kofta Sabzi,0.75
14836,Paneer Stuffed Bhindi In Ajwain Tomato Gravy Recipe,0.75
309,Baby Corn Capsicum Masala Recipe,0.75
1509,Paneer Pav Bhaji Recipe - Wholesome Weeknight Dinner,0.75
14825,Paneer Bhurji Gravy Recipe,0.75
296,Delicious Methi Chicken Curry - Murgh Methi Curry Recipe,0.75
14811,Methi Mushroom Masala Recipe,0.75
294,"Broccoli, Carrot And Capsicum Sabzi Recipe",0.75
18242,Kakrar Jhal Recipe - Bengali Style Crab Curry,0.75
14805,Chettinad Muttai Masala Recipe - Chettinad Style Egg Curry,0.75
16585,Kalonji Gobi Aloo Recipe (Cauliflower & Potato Stir Fry with Nigella Seeds),0.75
14794,Kadai Vegetable Sabzi Recipe (Mixed Vegetable Saute with Spices),0.75
2726,Nawabi Mixed Vegetable Gravy (Recipe In Hindi),0.75
254,Egg Kothu Paratha Recipe,0.75
234,Restaurant Style Green Peas Masala Recipe,0.75
16231,Masoor Dal Makhni Recipe,0.75
1460,Dahi Baingan Recipe - Brinjal In Curd Based Gravy,0.75
1529,"Rava Upma Recipe With Peanuts, Peas & Corn",0.75
16448,Chana Aur Aloo Ki Sookhi Sabzi Recipe,0.75
16295,Chickpea Coconut Milk Curry Recipe,0.75
2898,Baked Sweet Potato Boats Recipe,0.75
43,Soya Chunks Sabzi,0.75
14490,Chatpata Rajma Salad Recipe - Kidney Beans Salad Recipe,0.75
1349,Saragva Nu Shaak Recipe-Drumstick Masala Sabzi,0.75
1356,Restaurant Style Chettinad Style Fish Curry Recipe,0.75
18529,Palak Paneer Bhurji Recipe -Spiced Cottage Cheese Scramble With Spinach Recipe,0.75
34,Traditional Whole Gobi Musallam Recipe,0.75
1358,Dill Leaves Toor Dal Recipe - Shepu/ Suva Dal recipe,0.75
1395,Punjabi Rajma Masala Recipe - Rajma Chawal/Spiced Red Kidney Beans Curry,0.75
1381,Mughlai Style Chicken Changezi Recipe,0.75
14467,Paneer Masala Dosa Recipe-Paneer Bhurji Dosa,0.75
1348,Thandu Keerai Puli Kuzhambu Recipe - Amaranth Greens in Tangy Curry,0.75
1361,Malai Kofta Curry Recipe - Creamy and Healthy Paneer Aloo Kofta Curry,0.75
14444,Rawalpindi Style Chole Recipe,0.75
23,Dherosh Chingri Jhol Recipe (Bengali Style Prawn Curry With Ladies Finger),0.75
2928,Baingan Musallam Recipe (Mughlai Style Eggplant Simmered In Rich Tomato Curry),0.75
12,Shahi Bhindi Recipe in Cashew Nut Gravy - Okras in Cashew Nut Curry,0.75
16365,North Indian Style Green Raw Papaya Curry Recipe,0.75
9,Badami Paneer Masala Recipe -Paneer In Almond Gravy,0.75
14420,Aloo Subz Dum Biryani Recipe,0.75
14415,Kumbakonam Kadappa Recipe - South Indian Style Lentil and Potato Stew,0.75
8,Gawar Ki Sabzi Recipe - Cluster Beans Curry,0.75
14413,Indian Style Kala Chana Salad Recipe,0.75
1411,Soya Chunks And Beetroot Biryani Recipe,0.75
2887,Amritsari dal recipe - Amritsari Dal (Recipe in Hindi),0.75
102,Cheese Masala Omelette Recipe,0.75
2871,Andhra Style Beerakaya Pappu Recipe (Ridge Gourd Dal Recipe),0.75
16234,Potato And Peas Curry Recipe In Coconut Milk Gravy,0.75
1331,Methi Aur Kache Kele Ki Sabzi Recipe-Fenugreek Greens & Raw Banana Stir Fry,0.75
1334,Karnataka Style Kadle Kaalu Saru Recipe (Black Chickpea Curry Recipe),0.75
18473,Lugai Gosht Recipe - Mutton In Spicy Tomato Onion Gravy,0.75
16264,Nargisi Kofta Curry Recipe - Spicy Scotched Egg Curry,0.75
14574,Semolina Vegetable Chilla Recipe,0.75
77,Bhindi And Paneer Masala Recipe,0.75
18491,Mutton Dak Bungalow Curry Recipe,0.75
14554,Achari Paneer Recipe -Spicy Pickled Paneer Gravy,0.75
68,Tadkewali Masoor Dal Recipe - High Protein Masoor Dal Recipe,0.75
1439,Tomato Onion Cucumber Raita Recipe,0.75
1432,Egg Butter Masala Recipe,0.75
16511,Punjabi Style Moth Beans Dal Recipe (Matki),0.75
1429,Raw Jackfruit Kofta Curry Recipe - Kathal Kofta Curry Recipe,0.75
1428,Gawar Phali Methi Ki Sabzi Recipe -Cluster Beans Methi Sabzi,0.75
56,Shabnam Curry Recipe - Mughlai Style Mushroom And Peas Gravy,0.75
1426,Goan Prawns Vindaloo Recipe,0.75
1343,Bengali Aloo Dum Recipe,0.75
14538,Peppery Mushroom Biryani Recipe,0.75
16285,Hara Chana Masala Recipe,0.75
18508,Palak Chana Dal Recipe - Healthy Spinach Gram Dal Recipe,0.75
1415,Reshmi Kofta Recipe in Rich Cashew Gravy,0.75
2885,Oriya Special Dalma Recipe - Lentils Cooked With Vegetables & Raw Papaya,0.75
50,Chicken Wings With Bhuna Masala Recipe,0.75
18181,Verusenaga Sambar Recipe (Fresh Groundnuts Sambar),0.75
18342,Spicy Quinoa Upma Recipe,0.75
14951,Jodhpuri style Gulab Jamun Ki Sabzi Recipe,0.75
18082,Quick Pulao With Onions And Tomatoes Recipe,0.75
347,Andhra Style Potato Korma Recipe,0.75
18068,Amritsari Murgh Makhani Recipe- Chicken Makhani Recipe,0.75
18167,Baby Corn & Tomato Masala Bath-Rice Spiced With Pav Bhaji Masala,0.75
18069,Dhaba Style Tawa Pulao Recipe - Masala Brown Rice Tawa Pulao,0.75
14952,Matki Dal Sabzi Recipe - Sprouted Moth Bean Sabzi Recipe,0.75
2634,Colflower Pea Bhurji Recipe,0.75
2635,Drumstick Dal Soup Recipe,0.75
380,Gahat Rasmi Badi Recipe (Uttaranchal Kulith Koftas In Tomato Onion Gravy),0.75
14933,Turai Pyaz Hari Mirch Ki Sabzi Recipe-Ridge Gourd Stir Fry With Green Chili And Onions,0.75
364,Capsicum Curry Recipe,0.75
1533,Ande Ka Salan Recipe - Tangy Egg Masala in Peanut Gravy,0.75
18096,Kala Chana Amti Recipe - Maharashtrian Black Chickpea Curry,0.75
18150,Spicy Minced Chicken Keema Balls Curry Recipe,0.75
361,Mutton Dum Biryani Recipe,0.75
18120,Methi Moong Dal Palak Recipe,0.75
2650,Aloo Matar Paneer Curry Recipe,0.75
14922,"Methi Makhana Mutter Korma Recipe - Methi, Green Pea & Lotus Seeds Curry",0.75
16164,Goan Kaju Curry Recipe (Spicy Goan Cashew Nut Curry),0.75
355,Kashmiri Style Rajma Gogji Recipe - Kidney Beans & Turnip Curry,0.75
16635,Kadai Egg Masala Recipe,0.75
2626,Potato Fenugreek Leaves Stir Fry (Recipe in Hindi),0.75
18144,Chole Pindi Recipe (Spicy Chickpea Curry),0.75
1542,Spicy And Tangy Bread Upma Recipe,0.75
18172,Masoor Dal With Scrambled Eggs Recipe - Lentil Curry With Eggs,0.75
16157,Hyderabadi Khadi Masoor Dal Recipe - Hyderabadi Style Lentil Curry,0.75
18049,Thalapakattu Chicken Biryani Recipe,0.75
16159,Dhaba Style Green Moong Dal Makhani Recipe,0.75
14996,Bharli Vangi Recipe - Maharashtrian Style Stuffed Brinjals,0.75
14994,Chettinad Style Urulai Roast Recipe - Baby Potato Roast,0.75
18039,Matki Kala Chana Salad Recipe,0.75
18051,Horsegram Dal Recipe - Kulith/Kollu Dal,0.75
334,Karnataka Style Avarekalu Pulao Recipe - Avarekalu Pulao,0.75
1273,Ringna Batata Nu Shaak Recipe- Aloo Baingan Ki Sabzi Recipe,0.75
14971,Panchmel Dal Recipe | Rajasthani Dal | Panchkuti Dal,0.75
2618,Guar Fali Masala Vegetable Recipe - Gawar Phali Masala Sabzi Recipe,0.75
410,Cheesy Mushroom Masala Dosa Recipe,0.75
1272,Chettinad Mutton Chops Kuzhambu Recipe-Mutton Chops Curry,0.75
394,Cauliflower Paneer Kofta Curry Recipe,0.75
336,Bangalore Restaurant Style Sambar Recipe - For Idlis,0.75
4060,Hurali Saaru Recipe - Healthy Horse Gram and Coconut Curry,0.7166666666666667
14767,Bengali Style Khichuri Aar Labra Recipe-Khichdi And Mixed Vegetables,0.7000000000000001
11581,Masala Dosa Recipe With Red Chutney - Masala Dosa With Red Chutney Recipe,0.7000000000000001
10124,Bengali Style Khichuri Aar Labra Recipe-Khichdi And Mixed Vegetables,0.7000000000000001
1605,Bengali Style Khichuri Aar Labra Recipe-Khichdi And Mixed Vegetables,0.7000000000000001
17707,Chettinad Mint Potato Biryani Recipe,0.7
16938,Poha Breakfast Bowl Recipe With Sprouts & Crunchy Peanuts,0.7
12104,Chettinad Mint Potato Biryani Recipe,0.7
2565,Bengali Egg Curry Recipe,0.7
18389,Kashmiri Style Nadru Ke Kabab Recipe-Lotus Stem in Spicy Gravy,0.7
3089,Onion Tomato Podi Masala Dosa Recipe,0.7
11922,Kolhapuri Misal Pav Recipe,0.7
18174,Onion Tomato Podi Masala Dosa Recipe,0.7
2068,Bengali Style Kaddu Lobia ki Sabzi with Panch Phoran Masala,0.6666666666666666
16193,Dahi Achari Bhindi Recipe,0.6666666666666666
10628,North Indian Style Mushroom Matar Masala Recipe,0.6666666666666666
16084,Spicy Crab Masala Recipe,0.6666666666666666
3254,Matar Samosa Chaat Recipe - Delicious Evening Tea Time Snack,0.6666666666666666
8625,Chinese Egg Kathi Roll Recipe,0.6666666666666666
97,Tandoori Chicken Curry Recipe,0.6666666666666666
17552,Kashmiri Style Yakhni Pulao With Chicken Recipe,0.6666666666666666
14004,Ginger Garlic Tofu Curry Recipe,0.6666666666666666
13250,Palak Matar Recipe - Spinach And Green Peas Curry,0.6666666666666666
14276,Phalguni Dal Recipe - Bengali Style Red Lentils With Fresh Green Peas,0.6666666666666666
14282,Achari Aloo Parwal Sabzi Recipe (Pointed Gourd And Potato Stir Fry In Pickle Spices),0.6666666666666666
5175,Teekha Murgh Recipe,0.6666666666666666
13978,Spicy Matar Masala (Recipe In Hindi),0.6666666666666666
17743,Chicken Kofta Curry Recipe,0.6666666666666666
15799,Nimki Aloo Anardana Curry Recipe - Potato And Nimki Curry,0.6666666666666666
14295,Methi Mushroom Masala Recipe,0.6666666666666666
15053,Palak Matar Recipe - Spinach And Green Peas Curry,0.6666666666666666
15898,Khatte Chole Recipe - A Delicious North Indian Chana Masala,0.6666666666666666
92,Phalguni Dal Recipe - Bengali Style Red Lentils With Fresh Green Peas,0.6666666666666666
4395,Kashmiri Style Rajma Gogji Recipe - Kidney Beans and Turnip Curry,0.6666666666666666
15681,Phalguni Dal Recipe - Bengali Style Red Lentils With Fresh Green Peas,0.6666666666666666
14105,Masala Pav Recipe With Cheese,0.6666666666666666
9800,Kadai Chicken Recipe - Chicken Cooked With Onion And Capsicum,0.6666666666666666
10574,Safed Achari Baingan Recipe - White Aubergine in pickled spices,0.6666666666666666
202,Achari Gosht Recipe,0.6666666666666666
10553,Hyderabadi Vegetable Biryani Recipe - Hyderabadi Vegetable Biryani Recipe,0.6666666666666666
18477,Andhra Style Mutton Curry Recipe,0.6666666666666666
2426,Nimki Aloo Anardana Curry Recipe - Potato And Nimki Curry,0.6666666666666666
4396,Mudaliar Style Omelette Curry Recipe,0.6666666666666666
9809,Andhra Style Mutton Curry Recipe,0.6666666666666666
2275,Dahi Achari Bhindi Recipe,0.6666666666666666
9524,Goan Prawns Vindaloo Recipe,0.6666666666666666
14652,Maharashtrian Chavali Chi Usal Recipe - Black Eyed Peas Curry,0.6666666666666666
11873,Hot chicken recipe,0.6666666666666666
15404,Tamatari Chole Recipe,0.6666666666666666
4204,Chicken Kofta Curry Recipe,0.6666666666666666
10489,Spicy Matar Masala Recipe,0.6666666666666666
15393,Kashmiri Style Rajma Gogji Recipe - Kidney Beans & Turnip Curry,0.6666666666666666
7293,Methi Mushroom Masala Recipe,0.6666666666666666
9638,Masala Mixed Sprouts Sandwich Recipe,0.6666666666666666
13873,Mushroom Do Pyaza Recipe,0.6666666666666666
12511,Kerala Style Potatoes In Shallots And Roasted Coconut (Recipe In Hindi),0.6666666666666666
16615,Egg Dosa Recipe With Cheesy Garlic Mayo,0.6666666666666666
14370,Spicy Matar Masala Recipe,0.6666666666666666
15967,Mutton Varattiyathu Recipe - Malabar Mutton Roast,0.6666666666666666
1067,Lauki Aloo Sabzi Recipe - Bottle Gourd Potato Vegetable Curry,0.6666666666666666
9251,Croquettes Recipe With Bhetki Fish,0.6666666666666666
14650,Goan Style Empada De Camarao Recipe (Prawn Pie),0.6666666666666666
11226,Kashmiri Style Yakhni Pulao With Chicken Recipe,0.6666666666666666
18218,Kadai Chicken Recipe - Chicken Cooked With Onion And Capsicum,0.6666666666666666
3307,Dahi Achari Bhindi Recipe,0.6666666666666666
1374,Matar Samosa Chaat Recipe - Delicious Evening Tea Time Snack,0.6666666666666666
13180,Spicy Crab Masala Recipe,0.6666666666666666
7345,Achari Paneer Masala Recipe,0.6666666666666666
15903,Kashmiri Style Rista Recipe - Mutton Kofta Curry,0.6666666666666666
1320,Batata nu Shaak Recipe - Aloo Tamatar Ki Sabzi,0.6666666666666666
3686,Egg Dosa Recipe With Cheesy Garlic Mayo,0.6666666666666666
1215,Khatta Meetha Tamatar Sabzi Recipe - A Chutney Style Dry Sabzi,0.6666666666666666
16889,North Indian Style Mushroom Matar Masala Recipe,0.6666666666666666
17748,Mushroom Do Pyaza Recipe,0.6666666666666666
10181,Tomato Chole Recipe,0.6666666666666666
14070,Sweet Potato And Moong Sprouts Cutlet Recipe,0.65
11824,Aloo Patta Gobi Sabzi Recipe - Potato Cabbage Sabzi,0.65
17608,Stuffed Capsicum Makhani Recipe,0.65
17511,Chicken Sweet Potato & Dill Curry Recipe,0.65
9858,Soft Masala Dosa With Red Chutney Recipe,0.65
3668,Chatpata Aloo Moong Sprouts Recipe With Buttered Pav Buns,0.65
17871,Murunga Keerai Urula Poriyal Recipe - Moringa Aloo Sabzi,0.65
9857,"Sweet Potato, Broccoli And Tofu Curry Recipe",0.65
12017,Spicy Mixed Vegetables Rice Cutlet Recipe,0.65
1138,Kadali Bhanda O Chingudi Tarkari Recipe (Odia Style Banana Blossom & Prawn Curry),0.65
7754,South Indian One Pot Sambar Rice Recipe,0.65
837,Karwar NKGSB Style Bharli Vangi Recipe - Brinjal Curry,0.65
6521,Goan Style Podollim Recheado Com Batata Recipe (Snake Gourd Stuffed with Sweet Potato),0.65
9174,Murunga Keerai Urula Poriyal Recipe - Moringa Aloo Sabzi,0.65
4779,Kollu Masala Dosa Recipe - High Protein Horse Gram Dosa,0.65
16884,Assamese Boror Tenga Recipe (Vegetarian Sour Curry With Masoor Dal Fritters),0.65
16228,Cheesy Aloo Paratha Recipe,0.65
2105,South Indian Bajji Recipe - Onion Bajji | Raw Banana Bajji | Potato Bajji,0.65
8858,Sprouted Ragi Chicken Cutlet Recipe,0.65
12664,Kerala Style Chicken Stew Recipe,0.65
2543,Mixed Vegetable Paratha Recipe,0.65
14647,Quinoa Brown Rice and Vegetable Pulao Recipe,0.65
15600,Karwar NKGSB Style Bharli Vangi Recipe - Brinjal Curry,0.65
15095,Soft Masala Dosa With Red Chutney Recipe,0.65
14010,Banarasi Tomato Chart Recipe - Spicy Tomato Chaat,0.65
10742,Macher Chop Recipe (Bengali Style Fish Croquettes),0.65
8340,"Bread, Paneer & Potato Instant Vada Recipe",0.65
1808,Vegetarian Stuffed Bell Peppers with Spiced Potato Recipe (Stuffed Capsicum),0.65
6593,Aloo Methi Paratha Recipe,0.65
2153,Sabudana Khichdi Recipe - Sabudana Upma With Peanuts | Indian Breakfast,0.65
13633,Cheesy Aloo Paratha Recipe,0.65
2867,Palak Patta Chaat Recipe-Delhi style Spinach leaf Chaat,0.65
11370,Easy Potato Kurma Recipe,0.65
9681,South Indian One Pot Sambar Rice Recipe,0.65
4202,Drumstick Spinach Fry Recipe - Moringa Aloe Sabiji,0.65
10144,Awadhi Style Taheri (Recipe In Hindi),0.65
4637,Corn Stuffed Paratha Recipe,0.65
9665,Kollu Masala Dosa Recipe - High Protein Horse Gram Dosa,0.65
1391,Maharashtrian Aloo Bhujne Recipe - Potato Stir Fry,0.65
11144,Sweet Potato And Broccoli Sabzi Recipe,0.65
9661,Sprouted Ragi Chicken Cutlet Recipe,0.65
9233,Potato Onion Cheela Recipe,0.65
14471,Kanchipuram Masala Dosa Recipe With Soya Dosa Batter,0.65
16446,Aloo Methi Paratha Recipe,0.65
11483,Mixed Beans Vegetable Pulao Recipe,0.65
11168,Chicken Sweet Potato & Dill Curry Recipe,0.65
8738,Chicken Sweet Potato & Dill Curry Recipe,0.65
6130,Leftover Roti Cutlet Recipe,0.65
4252,Pakodi Koora Recipe - Pakodi Koora (Recipe In Hindi),0.65
1038,Punjabi Kadhi Pakora Recipe - Delicious Punjabi Kadhi,0.65
6164,Spinach Oats Vada Recipe,0.65
13211,Corn Stuffed Paratha Recipe,0.65
14417,South Indian One Pot Sambar Rice Recipe,0.65
8762,Dal And Vegetable Kebab Recipe,0.65
15839,Sabudana Khichdi Recipe - Sabudana Upma With Peanuts | Indian Breakfast,0.65
8682,Palak Patta Chaat Recipe-Delhi style Spinach leaf Chaat,0.65
6108,Paneer Stuffed Bread Fritters Recipe,0.65
13013,Sweet Potato And Bitter Gourd Kulambu (Recipe In Hindi),0.65
9752,"Bread, Paneer & Potato Instant Vada Recipe",0.65
8847,Aloo Patta Gobi Sabzi Recipe - Potato Cabbage Sabzi,0.65
3336,Dal And Vegetable Kebab Recipe,0.65
14125,Jodhpuri Kabuli Recipe,0.65
17881,Aloo Palak Sabzi Recipe - Sautéed Potatoes With Spinach,0.65
10130,Kadhi Pakora Recipe,0.65
17459,"Sweet Potato, Broccoli And Tofu Curry Recipe",0.65
16731,Jodhpuri Kabuli Recipe,0.65
17458,Turai Aloo Ki Sabzi Recipe - Ridge Gourd Potato Curry,0.65
15900,Aloo Bhindi Masala Gravy Recipe,0.65
11658,Corn Bhel Recipe,0.65
1863,Konkani Style Sungta Ambat Aani Tallel Sungta Recipe- Fried Prawns & Curry,0.65
7192,Soft Masala Dosa With Red Chutney Recipe,0.65
10813,Leftover Roti Cutlet Recipe,0.65
14149,Spinach Oats Vada Recipe,0.65
2062,Aloo Gobi Matar Ki Sabzi Recipe,0.65
6373,Mixed Vegetable Paratha Recipe,0.65
3658,Barnyard Millet And Mushroom Cutlet Recipe,0.65
14529,Avalakki Bisi Bele Bhat Recipe,0.65
8584,Mixed Beans Vegetable Pulao Recipe,0.65
6321,Spicy Mixed Vegetables Rice Cutlet Recipe,0.65
16721,Corn Stuffed Paratha Recipe,0.65
45,Kerala Style Chicken Stew Recipe,0.65
12024,Vegetarian Malai Kebab Recipe,0.65
8765,Murgh Aloo Tikki Recipe - Chicken & Potato Tikki,0.65
12599,Assamese Boror Tenga Recipe (Vegetarian Sour Curry With Masoor Dal Fritters),0.65
12143,Hare Chane Ka Pulav Recipe,0.65
2322,Lu methi paratha recipe,0.65
9897,Bengali style meat broth recipe-mutton curry,0.65
9257,Punjabi Kadhi Pakora Recipe - Delicious Punjabi Kadhi,0.65
6802,Baby Corn Stew Recipe,0.65
242,Sweet Potato And Broccoli Sabzi Recipe,0.65
12105,Thengai Paal Kurma Recipe - Mixed Vegetables In Coconut Gravy,0.65
5082,Macher Chop Recipe (Bengali Style Fish Croquettes),0.65
14777,Punjabi Kadhi Pakora Recipe - Delicious Punjabi Kadhi,0.65
13856,Mumbai Style Tawa Pulao Recipe With Moong Sprouts,0.65
2248,Cheesy Aloo Paratha Recipe,0.65
13425,Stuffed Capsicum Makhani Recipe,0.65
2795,Aloo Bhindi Masala Gravy Recipe,0.65
2511,Quinoa Brown Rice and Vegetable Pulao Recipe,0.65
17951,Potato Onion Cheela Recipe,0.65
13417,Turai Aloo Ki Sabzi Recipe - Ridge Gourd Potato Curry,0.65
2507,Potato Cabbage Pea Vegetable Recipe,0.65
1198,Quinoa Brown Rice and Vegetable Pulao Recipe,0.65
12282,Aloo Bhindi Masala Gravy Recipe,0.65
10503,Bhakri Chaat Recipe With Green Moong Sprouts And Aloo,0.65
16572,Mixed Vegetable Paratha Recipe,0.65
3390,Murgh Aloo Tikki Recipe - Chicken & Potato Tikki,0.65
1297,Bengali Style Mangsher Jhol Recipe-Mutton Curry,0.65
15174,Sweet Potato And Broccoli Sabzi Recipe,0.65
4956,Jodhpuri Kabuli Recipe,0.65
315,Thengai Paal Kurma Recipe - Mixed Vegetables In Coconut Gravy,0.65
683,Maharashtrian Masale Baath Recipe - Spicy Vegetable Rice with Goda Masala,0.65
15972,Mysore Masala Dosa Made With Ragi Dosa Batter,0.65
13809,Chicken Seekh Kebab Recipe,0.65
17697,Mumbai Style Tawa Pulao Recipe With Moong Sprouts,0.65
7963,Sweet Potato And Moong Sprouts Cutlet Recipe,0.65
15417,Thengai Paal Kurma Recipe - Mixed Vegetables In Coconut Gravy,0.65
13826,Paneer Stuffed Bread Fritters Recipe,0.65
13806,Goan Style Podollim Recheado Com Batata Recipe (Snake Gourd Stuffed with Sweet Potato),0.65
13602,Potato Onion Cheela Recipe,0.65
3733,Lilva's Vegetable Recipe - Lilva Ki Sabzi (Recipe In Hindi),0.65
15971,Bengali Style Mangsher Jhol Recipe-Mutton Curry,0.65
17682,Mixed Beans Vegetable Pulao Recipe,0.65
9157,Corn Bhel Recipe,0.65
9989,Mixed Vegetable Rice Cutlet Recipe - Spicy Mixed Vegetables Rice Cutlet Recipe,0.65
18138,Kollu Masala Dosa Recipe - High Protein Horse Gram Dosa,0.65
3179,So th injian badge repe onion badge ｜ la w badge badge ｜ potato badge,0.65
6771,Barnyard Millet And Mushroom Cutlet Recipe,0.65
8963,Vegetarian Malai Kebab Recipe,0.65
9965,Maharashtrian Masale Baath Recipe - Spicy Vegetable Rice with Goda Masala,0.65
16038,Maharashtrian Masale Baath Recipe - Spicy Vegetable Rice with Goda Masala,0.65
4535,Kadali Bhanda O Chingudi Tarkari Recipe (Odia Style Banana Blossom & Prawn Curry),0.65
3203,Baked Chinese Potato Recipe (Koorka Mezhukuperatti),0.65
16204,Mudaliar Style Omelette Curry Recipe,0.625
16541,Achari Aloo Parwal Sabzi Recipe (Pointed Gourd And Potato Stir Fry In Pickle Spices),0.625
16211,Goan Vegetable Curry Recipe,0.6
11042,Bengali radish potato vegetable recipe,0.6
12926,Pakodi Koora Recipes,0.6
14905,Bengali Mooli Aloo Ki Sabzi Recipe,0.6
11764,Lilve Ki Sabzi Recipe (Green Chickpea Curry),0.6
17723,Kerala Style Chicken Stew Recipe,0.6
14157,Karwar NKGSB Style Bharli Vangi Recipe - Brinjal Curry,0.6
7469,Bengali Mooli Aloo Ki Sabzi Recipe,0.6
15734,Lilve Ki Sabzi Recipe (Green Chickpea Curry),0.6
16506,Soya Chunks Sabzi,0.5
9550,Andhra Style Erra Kaaram Dosa Recipe (Spicy Red Chilli Chutney Dosa Recipe),0.5
9211,Pavakka Theeyal Recipe - Spicy & Tangy Karela In Tamarind Gravy,0.5
9321,Peshawari Chole (Recipe In Hindi),0.5
8982,दलिया पकोरा रेसिपी - Dalia Pakora Recipe,0.5
17107,Assamese Amitar Khar Recipe,0.5
16570,Mushroom Paratha Recipe,0.5
16873,Paneer Kolhapuri Recipe (Cottage Cheese In Maharashtrian Gravy With Kolhapuri Masala),0.5
9267,Baked Potato & Peas Samosa With Phyllo Pastry Recipe,0.5
8808,Safed Murgh Handi Recipe - Chicken In White Gravy,0.5
9551,Bengali Posto Porota Recipe (Spiced Poppy Seed Parathas),0.5
9071,Aloo Tikki Recipe - Spicy Potato Patties or Cutlets,0.5
9566,Tamil Nadu Style Chicken Salna Recipe,0.5
9420,Spicy Jawla Stuffed In Brinjal Recipe,0.5
8984,Avarekalu Masala Vada Recipe,0.5
9417,Vetrilai Thogayal Recipe - Paan Chutney Recipe,0.5
9552,Lemon Chicken Chicken Recipe - Chicken with Gandharaja Lemon & Green Chili,0.5
9559,Dahi Baingan Recipe - Brinjal In Curd Based Gravy,0.5
16725,Besan And Green Pea Cheela Recipe,0.5
16850,Egg Stuffed Paratha Recipe,0.5
16872,Tawa Idli Recipe,0.5
16691,Carrot Matar Paratha Recipe,0.5
16692,Chettinadu Style Kollu Thogayal Recipe (Horsegram Chutney),0.5
16724,Nigella Seed Beetroot Rice Recipe,0.5
17120,Turichya Danyanchi Usal (Maharashtrian Style Fresh Green Tuvar/Pigeon Peas Curry),0.5
9421,Mixed Vegetable Handi Recipe,0.5
17125,Fruit-Chia Rice paper rolls in a Mango Tahini Dipping sauce Recipe,0.5
9220,Bathua Aloo Paratha Recipe,0.5
8916,Assamese Sesame Kaffir Lime Chicken Curry,0.5
17135,Muga Ambat Recipe,0.5
16402,Khandeshi Sev Bhaji Recipe,0.5
9594,Kachumber Salad Recipe,0.5
16684,Andhra Style Pesarattu Upma Recipe,0.5
9393,Egg Stuffed Paratha Recipe,0.5
9392,Avarekalu Tikki Recipe,0.5
16901,Matki Chi Rassa Bhaji Recipe (Maharashtrian Style Moth Beans Cooked with Goda Masala),0.5
9261,Prawns Coconut Curry Recipe,0.5
9390,Goan Style Tonak Alsanyache Recipe (Black eyed beans cooked in Tonak Masala Recipe),0.5
9596,Moong Dal Palak Cheela (Recipe In Hindi),0.5
9114,Rajma Galouti Kebab Recipe,0.5
17170,Oriya Badi Chura Recipe | Sundried Lentil Dumpling Crumble,0.5
9136,Hara Pyaz Paratha Recipe - Spring Onion Paratha Recipe,0.5
9605,Chicken Tikki Recipe,0.5
16619,Vermicelli Biryani Recipe,0.5
16627,Goan Egg Drop Curry Recipe,0.5
9259,Sagu Masala Dosa Recipe,0.5
16623,Dahi Wale Aloo Recipe (Indian Yogurt-based Potato Curry),0.5
8781,White Vegetable Kurma Recipe With Coconut & Cashew,0.5
16670,Broccoli Keema And Cheese Uttapam Recipe,0.5
9377,Masala Karela Recipe - Masala Karela,0.5
9052,Crispy Corn Chaat Recipe,0.5
9061,Sev Puri Recipe (Papdi Chaat) - Indian Street Food Evening Snack,0.5
16904,Maharashtrian Golyachi Amti Recipe (Besan Balls In Tamarind Based Spicy Gravy),0.5
9373,Pudlangai Porial Recipe - Snake Gourd Porial Recipe,0.5
16500,Bengali Style Chingri Macher Cutlet Recipe (Prawn Cutlet),0.5
9045,Lehsuni Tikki Recipe,0.5
8791,Murungai Keerai Poriyal With Moong Dal Recipe,0.5
8994,Avarekalu Tikki Recipe,0.5
9003,Chicken Keema Samosa Recipe,0.5
17143,Meat Ka Achaar Recipe (Goat Pickle),0.5
9317,Sour Pumpkin Vegetable Recipe - Tangy Tamarind Pumpkin Curry (Recipe In Hindi),0.5
9229,Aloo Matar Pudina Tikki Recipe,0.5
8787,Maharashtrian Misal Pav Recipe,0.5
9426,Egg Dosa Recipe,0.5
9021,Shakarkandi Chaat Recipe -Sweet Potato Tangy Salad,0.5
9026,Bengali Style Hilsa Fish In Poppy Seeds & Yogurt Curry Recipe,0.5
16496,Vegetable Handi Biryani Recipe,0.5
9574,South Indian Egg Curry Recipe,0.5
16571,Stuffed Corn and Capsicum Paratha Recipe with Herbs,0.5
9028,Haryali Seekh Kebab Recipe,0.5
9405,Savory Semolina Breakfast Pudding Recipe,0.5
9030,Dalia Pakora Recipe - Broken Wheat Pakora,0.5
17147,Chenai Kizhangu Poricha Kootu Recipe (Tamil Nadu Style Yam Cooked in Coconut Gravy),0.5
17162,Goan Style Chicken Galinha Cafreal Recipe,0.5
16583,Aloo Chana In Mint Coriander Gravy Recipe,0.5
9309,Raw Mango Dhokla Recipe Topped With Sweet Mango Chutney,0.5
16913,Kollu Pachadi Recipe (Sprouted Horse gram Raita Recipe),0.5
16518,Stuffed Masala Aloo Naan Recipe Made Without Oven,0.5
16536,Makhana ki Sabzi Recipe,0.5
9546,Paneer Onion Paratha Recipe,0.5
16644,Bengali Style Dimer Torka Recipe (Egg Tadka Dal Recipe),0.5
9501,Dahi Wale Aloo (Recipe),0.5
9355,Karnataka Style Bassaru Palya Recipe - Toor Dal And Dill Leaves Stir Fry,0.5
9161,Doi Bhetki Recipe - Bengali Style Yogurt Fish Curry,0.5
8889,Goan Batata Recheado Recipe With Carrots & Beans,0.5
9503,Baby Corn and Green Peas Sabzi Recipe,0.5
9062,Mushroom Masala With Corn Recipe,0.5
9351,Murgh Ajmeri Recipe,0.5
16837,Arbi Ajwain Ki Sabzi Recipe (Roasted Colocasia Stir Fry With Ajwain),0.5
9506,Veg Tunday Kabab Recipe,0.5
8937,Neymeen Vatti Pattichathu Recipe - Seer Fish In Spicy Masala,0.5
9461,Hara Pyaz Paratha Recipe - Spring Onion Paratha Recipe,0.5
9460,Paneer Raw Mango Curry Recipe,0.5
9160,Bengali Style Mixed Vegetable Sweet Pilaf Recipe,0.5
17062,Stir Fry Green beans and Tofu with Panch Phoron Recipe,0.5
9508,Crispy Balak Pagora Recipe - Made in the pit paniyaram pan,0.5
16555,Beetroot Paratha Recipe Flavored With Peanuts,0.5
8869,Ragi Masala Roti Recipe,0.5
9281,Moong Matar Kebab Recipe - Green Lentil And Peas Kebab,0.5
8861,Matkiche Vade Recipe - Moth Beans Fritters,0.5
9515,Coriander Garlic Baked Chicken Recipe,0.5
16797,Besan Capsicum Ki Sabzi Recipe,0.5
8928,Sweet & Spicy Raw Papaya Moongphali Ki Sabzi Recipe,0.5
9491,Minced Meat And Egg Croquettes Recipe,0.5
8814,Mixed Vegetable Corn Pakora Recipe - Made In Kuzhi Paniyaram Pan,0.5
9295,Andhra Style Bangaladumpa Vepudu Recipe - Potato Fry Recipe,0.5
16554,Moong Dal Palak Cheela Recipe (Yellow Lentil And Spinach Crepes),0.5
8915,Garlic Red Chicken Gravy Recipe,0.5
16987,Malai Matar Paneer Recipe (Cottage Cheese & Peas In Rich Creamy Gravy),0.5
17012,Maash Ki Dal Khasgi Recipe (Dhaba Style Urad Dal),0.5
8918,"Green Peas, Potato and Paneer Tikki Recipe",0.5
9474,Paneer Kalimirch Recipe (Paneer in Black Pepper flavored Gravy),0.5
8911,Dum Murgh Kali Mirch Recipe - Chicken In Rich White Gravy,0.5
8909,Tambdi Bhaji Recipe - Goan Style Red Amaranth Stir Fry,0.5
16548,Aloo Posto Recipe (Potatoes In Poppy Seed Paste),0.5
9469,Shahi Dal Recipe,0.5
9480,Tomato Poha With Peas Recipe,0.5
8904,Spicy & Tangy Pakodi Chaat Recipe,0.5
16773,Methi Missi Roti Recipe,0.5
9310,Rajasthani Style Mutton Banjara Recipe,0.5
16893,Red Lentil Curry Without Coconut Recipe,0.5
16546,Vegan Soya Aloo Curry Recipe,0.5
9305,Red Lentil Curry Without Coconut Recipe,0.5
17018,Chap Badami Recipe (Lamb Ribs Cooked In Almond Paste),0.5
9465,Chyna Upper Recipe - Eggplant Foot Yam Stir Fry Recipe,0.5
17053,Gular Ki Sabzi Recipe/ Shallow Fried Cluster Fig,0.5
9089,Hare Pyaaz Ki Puri Recipe - Spring Onion Puri,0.5
8944,Macha Mahura Recipe - Odia Style Fish Curry With Vegetables,0.5
16955,Rajasthani Badi Ki Sabzi,0.5
8956,"Aama Vadai ,Masala Paruppu Vadai Recipe - Spiced Fried Lentil Fritters",0.5
16758,Spring Onion and Peanut Raita Recipe,0.5
17094,Instant Carrot Pickle Recipe,0.5
8837,Sukhi Suran Masala Sabzi Recipe,0.5
9080,Cheesy Potatoes Recipe,0.5
8836,Lau Er Khosha Bhaja Recipe - Bottle Gourd Peel Stir Fry,0.5
9078,Aloo Simla Mirch Ki Sabzi Recipe - Aloo & Capsicum Sabzi,0.5
8830,Hara Bhara Kebab Recipe with Millets,0.5
16937,Karnataka Style Moolangi Chutney Recipe (Radish Thogayal),0.5
16828,Peshawari Chole Recipe,0.5
16935,Mini Idli Upma Recipe (Steamed Rice Cake Stir Fry),0.5
9476,Murungai Keera Masala Vada Recipe - Murungai Keerai Masala Vadai Recipe,0.5
16915,Harive Soppina Saaru Recipe (Karnataka Style Amaranth Leaves Cooked with Lentils),0.5
9432,Macha Mahura Recipe - Odia Style Fish Curry With Vegetables,0.5
8980,Paneer Methi Paratha Recipe,0.5
8981,Pineapple Mushroom Tikka Recipe With Tandoori Masala,0.5
16726,Kollu Vada Kurma Recipe (Horse Gram Fritters Spicy & Tangy Curry),0.5
8821,Baked Vegetable Seekh Kebab Recipe,0.5
8820,Congress Buns Recipe,0.5
16528,Aloo Matar Masala Khichdi Recipe,0.5
16565,Andhra Style Erra Kaaram Dosa Recipe (Spicy Red Chilli Chutney Dosa Recipe),0.5
8819,Hyderabadi Chicken Shikampuri Kebab Recipe,0.5
17104,Capsicum Masala Poriyal Recipe (South Indian Style Bell Pepper Stir Fry),0.5
9105,Kerala Style Jack Fruit Seeds Stir Fry Recipe,0.5
9362,Aloo Gajar Matar Sabzi Recipe,0.5
9531,Red Beans And Oats Cutlet Recipe,0.5
16561,Whole Wheat Vegetable Chilla (Cheela) Recipe,0.5
16558,Cheese and Spring Onion Stuffed Parathas,0.5
16941,Rajasthani Ghasela Recipe (Besan Ka Pitta),0.5
9347,Arbi Ke Kebab Recipe (Spicy Colocasia Kebab) Recipe,0.5
8856,Bengali Style Sheem Poshto Recipe - Flat Beans In Poppy Seeds,0.5
16880,Tikhat Rava Recipe (Spicy Semolina Crumble),0.5
9278,Goan Style Mushroom Vindaloo (Recipe in Hindi),0.5
8964,Dum Ke Shami Kebab Recipe,0.5
9273,Gawar Ki Sabzi Recipe - Cluster Beans Curry,0.5
16803,Murgh Ajmeri Recipe,0.5
9447,Bengali Style Chingri Macher Cutlet Recipe (Prawn Cutlet),0.5
8965,Moong Matar Kebab Recipe - Green Lentil And Peas Kebab,0.5
17082,Labra Assamese Chunky Mix Vegetables Recipe,0.5
17092,Masoor Dal Aur Rajma Masala Recipe,0.5
16638,Baked Fish In Coconut Milk Recipe,0.5
9526,Baked Chana Dal Vada Recipe - Baked Chana Dal Vada Recipe,0.5
16896,Malabar Kaai Curry Recipe With Nenthrapazham,0.5
9104,Chicken Kathi Roll Recipe,0.5
9528,Mughlai Style Aloo Matar Gobi Gravy Recipe,0.5
8848,Baingan Sarson Ka Saag Recipe,0.5
9529,Chammanthi Chutney Recipe,0.5
8887,Goan Recheado Masala Recipe,0.5
14409,Spicy Dalia Pulao Recipe - Broken Wheat Pulao,0.5
8769,Chicken Galauti Kebab Recipe,0.5
7254,"Mushroom, Paneer And Soya Chunk Samosa Recipe",0.5
7171,Thotakura Majjiga Pulusu Recipe - Amaranth Leaves in Buttermilk Stew,0.5
7178,Cabbage Onion Vada Recipe,0.5
7183,Pudina Quinoa Recipe,0.5
7204,Mirchi Pakodi Recipe,0.5
18130,Knol Khol Gravy Recipe - Kohlrabi In A Yogurt Based Gravy,0.5
18127,Carrots Dill and Peanut Sadam - South Indian Style Stir Fried Rice,0.5
18076,One Pot Methi Mushroom Brown Rice Pulao Recipe,0.5
18073,Punjabi Kadhi Pakora Recipe,0.5
18072,Rajasthani Gatte Ka Pulao Recipe,0.5
7252,Maharastrian Batatyachi Bhaji Recipe-Quick and Simple Aloo Sabzi,0.5
18060,Spicy Lemon Chicken Kebab Recipe,0.5
7150,Boti Masala Chaat Recipe - Fryums Chaat Recipe,0.5
18059,Makai Ka Cheela Recipe - Delicious Corn Cheela Recipe,0.5
7271,Dahi Wale Makhane Recipe - Lotus Seeds In Curd Gravy,0.5
18052,Kale Chane Ki Kadhi Recipe - Black Chickpea Kadhi,0.5
7273,Pacha & Mocha Parappu Sundal Recipe - Green Sprouts & Flat Broad Bean Stir Fry,0.5
7276,Mooli And Wadi Ki Sabzi Recipe,0.5
7278,Shimla Mirch Ki Launji Recipe,0.5
7280,Maharashtrian Style Dudhi Kajuchi Sonari Amti Recipe - Bottle Gourd And Cashew Nut Sabzi,0.5
18033,Karuveppilai Chicken Fry Recipe- Curry Leaf Flavoured Chicken,0.5
18030,One Pot Pressure Cooker Chicken Curry Recipe,0.5
7298,Methi Chaman Recipe -Paneer In Dark Leafy Greens Based Gravy,0.5
18201,Snake Gourd Salan Recipe (Snake Gourd Cooked In Tangy Spicy Peanut Sesame Curry),0.5
7141,Healthy Maravalli Kizhangu Bonda Recipe - Spicy Tapioca Fritters,0.5
6992,Mutton Keema Samosa Recipe-Mangsher Singara,0.5
7065,Awadhi Style Karela Ka Dulma Recipe - Stuffed Bitter Gourd In Yogurt Gravy,0.5
7000,Dal Vada with Oats and Vegetable Recipe,0.5
18273,Lauki Bharta Recipe - Spiced & Mashed Bottled Gourd Recipe,0.5
7027,Sundaikkai Godumai Rava Upma Recipe,0.5
7037,Healthy Kabuli Chana Pakora Recipe,0.5
7038,Palak And Moong Dal Pakodas Recipe,0.5
18262,Puri Recipe - Learn to Make Soft Puffed Puris At Home,0.5
18260,Andhra Style Chicken Fry Recipe,0.5
7059,Bharma Baingan Ki Sabzi Recipe - Spicy Stuffed Brinjals,0.5
7064,Chicken Cheese Stuffed Kulcha Recipe,0.5
18257,Chicken Bharta Recipe - Dhaba Style Chicken Masala,0.5
18252,Chicken Meatballs In A Makhni Gravy Recipe,0.5
18209,Raw Mango Sambar Recipe - South Indian Mangai Sambar Recipe,0.5
18250,Javvarisi Dosa Recipe - Soft & Instant Sabudana Dosa Recipe,0.5
7087,Ghee Masala Dosa Recipe,0.5
18222,Raw Mango Prawns Curry Recipe,0.5
18216,Murgh Malaiwala Recipe - Chicken In Rich Creamy Gravy,0.5
18215,Chicken In Curry Leaves Gravy Recipe,0.5
7116,Red Beans And Oats Cutlet Recipe,0.5
7120,Khaman Dhokla Poha Recipe,0.5
18213,"Cucumber, Red Radish, Tomatoes & Onion Salad Recipe",0.5
7123,Ragi Murungai Keerai Adai Recipe-Finger Millet Flour & Drumstick Leaves Savory Flatbread,0.5
7135,Whole Moong Dal Vada Recipe,0.5
18029,Maharashtrian Style Surnachi Koshimbir Recipe-Yam Salad,0.5
7307,Bhindi Huli Recipe - South Indian Style Tangy Okra,0.5
7311,Grilled Chicken With Vegetables Recipe,0.5
7481,Moong Bhajji Recipe-Moong Fritters,0.5
7430,Egg Dosa Recipe,0.5
7441,Dhungare Baingan Recipe,0.5
7446,Laal Maas Biryani Recipe,0.5
17965,Tamil Nadu Style Paneer Kurma Recipe,0.5
7455,Hariyali Dum Aloo Recipe - Potatoes In Spinach Mint Curry,0.5
7456,Sabsige Soppu Palya Recipe - Udupi Style Dill Leaves Stir Fry,0.5
7462,Masala Methi Bhindi Sabzi Recipe,0.5
7466,Mughlai Style Aloo Matar Gobi Gravy Recipe,0.5
7473,Rajasthani Methi Mangodi Sabzi Recipe,0.5
7480,Mughlai Dum Arbi Recipe,0.5
7484,Khatti Meethi Mooli Ki Sabzi Recipe-Sweet and Tangy Radish Dry Recipe,0.5
18017,Pepe Chingri Recipe - Green Papaya Prawn Curry Recipe,0.5
7489,Vegan Malai Gobhi Recipe,0.5
7490,Methi Malai Matar Recipe - Fenugreek Peas Curry With Cream,0.5
7494,Kothavarangai Poriyal Recipe - South Indian Style Cluster Beans Sabzi,0.5
17944,Hara Pyaz Paratha Recipe - Spring Onion Paratha Recipe,0.5
7506,Andhra Style Palakaru Vepadu Recipe - Spinach Stir Fry Recipe,0.5
7511,No Onion No Garlic Oriya Style Moong Dalma Recipe,0.5
7512,Biuli Dal Er Boda Recipe - Bengali Style Urad Dal Vada,0.5
7522,Maharashtrian Style Kala Chana Cooked In Koli Masala Recipe,0.5
17931,Bengali Style Mixed Vegetable Sweet Pilaf Recipe,0.5
7549,North Karnataka Style Nuggekai Kharbyaali Recipe-Spiced Drumstick Sambar,0.5
17971,Bathua Aloo Paratha Recipe,0.5
7416,Raw Banana Tikkis Recipe,0.5
7415,Instant Masala Oats Kuzhi Paniyaram Recipe,0.5
17979,Paneer Raw Mango Curry Recipe,0.5
18016,Kacche Aam Ki Launji Recipe,0.5
7321,Chicken Vindaloo Recipe,0.5
7323,Awadhi Khaas Nihari Recipe,0.5
7330,Drumstick Leaves Sabzi With Crushed Peanuts Recipe,0.5
18013,Chicken Korma Recipe - Mughlai Style Chicken Curry,0.5
7336,Mushroom Baby Corn Kaalimirri Recipe - Pepper Cashew Gravy,0.5
7343,Bhatt Ki Dal Recipe - Traditional Kumaoni Black Bean Dal,0.5
7346,Nawabi Paneer Curry Recipe,0.5
18001,Kerala Style Chicken Chatti Pathiri Recipe,0.5
17995,Raw Mango And Spring Onion Chutney Recipe,0.5
17987,Kongunadu Chicken Curry Recipe,0.5
7350,Scrambled Eggs With Ridge Gourd Sabzi Recipe,0.5
7351,Achari Kaddu Ki Sabzi Recipe,0.5
17985,Tamil Nadu Style Chicken Salna Recipe,0.5
17982,Murgh Musallam Recipe - Masala Roasted Chicken,0.5
7362,Makki Paneer Pakora Recipe,0.5
7364,Carrot & Capsicum Sabzi Recipe - No Onion No Garlic,0.5
7367,Karela Aur Baingan Ki Sabzi Recipe - Bitter Gourd Brinjal Sabzi,0.5
7368,Rajasthani Gatte Ki Sabzi Recipe With Onion & Garlic,0.5
7402,Moong Sprouts Salad with Grated Carrots & Coriander Recipe,0.5
7404,Andhra Style Bobbarlu Vada/ Alsanda Vada Recipe -Spicy Lobia Vada Recipe,0.5
6997,Pyaaz Curry Patta Chaach Recipe - Onion And Curry Leaves Spiced Buttermilk,0.5
6991,Indori Poha Recipe,0.5
17928,Arbi Gosht Masala Recipe - Mutton Arbi Curry In Electric Pressure Cooker,0.5
6371,Mushroom Paratha Recipe,0.5
18514,Karnataka Style Obbattu Saaru Recipe - Sweet & Spicy Rasam Recipe,0.5
6323,Savoury Kordoi Recipe (Assamese Star Fruit Shaped Snack Recipe),0.5
6344,Capsicum Masala Poriyal Recipe (South Indian Style Bell Pepper Stir Fry),0.5
18511,Tamil Nadu Style Karamani Murungakkai Kuzhambu Recipe-Black eyed Beans & Drumstick Curry,0.5
6350,Assamese Amitar Khar Recipe,0.5
6356,Mixed Vegetable Samosa Recipe,0.5
6360,Besan Aur Pyaz Ka Cheela Recipe - Roz Ka Khana With Figaro Olive Oil,0.5
6363,Moong Dal Palak Cheela Recipe (Yellow Lentil And Spinach Crepes),0.5
6366,Cheese and Spring Onion Stuffed Parathas,0.5
6369,Beetroot Paratha Recipe Flavored With Peanuts,0.5
6372,Stuffed Corn and Capsicum Paratha Recipe with Herbs,0.5
6312,Meat Ka Achaar Recipe (Goat Pickle),0.5
6375,Andhra Style Erra Kaaram Dosa Recipe (Spicy Red Chilli Chutney Dosa Recipe),0.5
6401,Aloo Matar Masala Khichdi Recipe,0.5
6424,Aloo Chana In Mint Coriander Gravy Recipe,0.5
6434,Bengali Style Chingri Macher Cutlet Recipe (Prawn Cutlet),0.5
18505,Karnataka Style Majjige Huli Recipe - Tasty Buttermilk Rasam,0.5
18502,Matki Khichdi Recipe - Palak Pudina Moth Bean Khichdi Recipe,0.5
18498,Methi Pakoda Kadhi Recipe - Punjabi Kadhi Pakora,0.5
6459,Bengali Style Dimer Chop Recipe,0.5
6466,South Indian Onion Chutney Recipe,0.5
6498,Khara Obbattu Recipe (Bread Stuffed With Spicy Potato Mixture Recipe),0.5
6318,Goan Prawns Balchao Recipe (Prawns Pickle),0.5
6299,Instant Carrot Pickle Recipe,0.5
6989,Paruppu Thogayal Recipe -Toor & Bengal Gram Chutney,0.5
6188,Chap Badami Recipe (Lamb Ribs Cooked In Almond Paste),0.5
6153,Ambode Recipe (Karnataka Style Masala Vada),0.5
6156,Andhra Style Corn Vada Recipe,0.5
6161,Kanchakalar Khosha Bata | A Traditional Bengali Raw Banana Peel Chutney,0.5
6166,Kheel Paniyaram Recipe (Puffed Rice Paniyaram),0.5
18562,Achari Masala Powder Recipe,0.5
6169,Arbi Cutlet Recipe (Spiced Colocasia Patties),0.5
6173,Mumbai Style Masala Khichiya Churi Recipe,0.5
6175,Potato Puff Pastry Recipe,0.5
6182,Baked & Crisp Whole Wheat Methi Puri Recipe (Healthy Snack),0.5
6185,Gular Ki Sabzi Recipe/ Shallow Fried Cluster Fig,0.5
18557,Kolhapuri Masala Recipe (Maharashtrian Masala Chutney Powder),0.5
6294,Labra Assamese Chunky Mix Vegetables Recipe,0.5
6197,Indian Style Tapenade Recipe,0.5
18556,Panch Phoran Masala Recipe- Indian Five Spice Powder,0.5
18544,Khara Obbattu Recipe (Bread Stuffed With Spicy Potato Mixture Recipe),0.5
6229,Kolhapuri Masala Recipe (Maharashtrian Masala Chutney Powder),0.5
6254,Mini Idli Upma Recipe (Steamed Rice Cake Stir Fry),0.5
18538,Butter Chicken With Tandoori Mayo Recipe,0.5
6273,Quinoa and Vegetable Saute Recipe,0.5
6287,Shalgam Ke Kebab Recipe (Turnip Patties),0.5
6288,Kale And Vegetable Fried Quinoa Recipe,0.5
18516,Karnataka Style Bassaru Recipe - Dill flavored Coconut Rasam,0.5
6503,Aloo Chaat Recipe With Baked Beans - Roz Ka Khana With Figaro Olive Oil,0.5
18496,Palak Onion Kadhi Pakora Recipe,0.5
6557,Andhra Style Saggubiyyam Punugulu Recipe (Crispy Tapioca Snack),0.5
18305,Andhra Style Kakarakaya Vepudu Recipe - Bitter Gourd Stir Fry,0.5
18347,Karela Masala Sabzi Recipe,0.5
6798,Andhra Style Uppu Pindi Recipe (Rice Rava and Moong Dal Pudding Recipe),0.5
6826,Crispy Corn And Bell Peppers Chaat Recipe,0.5
18346,Foxtail Millet Vermicelli Upma Recipe,0.5
6850,Bele Dose Recipe (Lentil Dosa Recipe),0.5
6852,Mixed Sprouts Coriander Dosa With Idli Dosa Batter,0.5
6857,Palak Dhania Dosa Recipe With Figaro Olive Oil,0.5
18331,Mutton Do Pyaza Recipe,0.5
6892,Baked Chana Dal Vada Recipe,0.5
6905,Oriya Badi Chura Recipe | Sundried Lentil Dumpling Crumble,0.5
18304,Achari Gosht Recipe,0.5
18476,Mutton Rezala Recipe,0.5
6917,Foxtail Millet Nucchina Unde Recipe (Foxtail Millet and Lentil Dumplings),0.5
18303,Tomato Upma Recipe,0.5
18300,Bharwa Karela Recipe,0.5
6945,Lachedar Kakdi Pyaz Kachumber Recipe - Onion Cucumber Salad,0.5
6955,Beans Mezhukkupuratti Recipe - Kerala Style Stir Fried Beans,0.5
18275,Konkani Style Kalwanche Tonak Recipe - Oyster Curry,0.5
18274,Lauki Aloo Sabzi Recipe - Bottle Gourd Potato Vegetable Curry,0.5
6971,Masala Jowar Bhakri Recipe,0.5
6976,Paneer Carrot Stuffed Paratha Recipe,0.5
6981,Kambu Murukku Recipe,0.5
18349,Rayalseema Style Borugula Upma Recipe,0.5
18351,Quick & Easy Idli Upma Recipe With Figaro Olive Oil,0.5
18353,Karnataka Style Avarekai Upma Recipe,0.5
6731,Kolhapuri Khanda Lasun Masala Spice Mix Recipe,0.5
6576,Masala Pohe Recipe,0.5
18466,Tindora Ka Salan Recipe,0.5
18431,Punjabi Methi Kadhi Recipe - Fenugreek Leaf Yogurt Curry,0.5
6592,Baked Beans & Potatoes Chaat Recipe,0.5
18426,Daal Gosht Recipe-Mutton Curry With Lentils,0.5
6595,Poshto Phoolkopi Recipe (Cauliflower & Potato In Poppy Seeds Gravy),0.5
6603,Vegan Soya Aloo Curry Recipe,0.5
6607,Aloo Posto Recipe (Potatoes In Poppy Seed Paste),0.5
18419,Mutton Kothu Kari Cabbage Masala - Mutton Cabbage Keema,0.5
6610,Stuffed Masala Aloo Naan Recipe Made Without Oven,0.5
18397,Left Over Vadai Upma Recipe,0.5
18396,Pakki Mutton Biryani Recipe,0.5
18393,Goan Style Frango Vera Recipe - Chicken Vera,0.5
6622,Elo Jhelo Nimki Recipe,0.5
18391,Pavakka Pachadi Recipe - Bitter Gourd Pachadi,0.5
18377,Madras Lamb Curry Recipe,0.5
18359,Raw Mango Dhokla Recipe Topped With Sweet Mango Chutney,0.5
6689,Arbi Ka Achaar Recipe (Instant Colocasia pickle),0.5
6705,Makhmali Rajma Kebab Recipe,0.5
18358,Bohri Khichda Recipe - Mutton Khichda Recipe,0.5
6720,Mixed Vegetables Oats Idli Recipe,0.5
7558,Spicy Indian Style Onion Rings Recipe,0.5
17923,Kerala Style Jack Fruit Seeds Stir Fry Recipe,0.5
17200,Chickpea Tikka Masala Recipe,0.5
8407,Broken Wheat and Mixed Millet Upma Recipe,0.5
8360,Mughlai Fish Curry Recipe,0.5
8363,Rajasthani Kande Ki Sabzi Recipe - Onion Sabzi,0.5
8365,Dubuk Vade Recipe - Khandeshi Gram Flour Dumpling Curry,0.5
8377,Tamil Nadu Style Karamani Murungakkai Kuzhambu Recipe-Black eyed Beans & Drumstick Curry,0.5
8379,Vegetable Semiya Upma Recipe,0.5
8387,Egg Idiyappam Recipe - Rice Vermicelli Upma with Scrambled Eggs,0.5
8390,Vegetable Jowar Upma Recipe,0.5
17505,Aloo Bilahi Maas Recipe - Assamese Fish Curry With Potatoes And Tomatoes,0.5
17503,Assamese Fish Fried Rice Recipe,0.5
8405,Paneer Raw Mango Curry Recipe,0.5
8408,Broken Wheat Upma Recipe - Healthy Dalia Upma for Breakfast,0.5
8327,Gujarati Tawa Handvo Recipe - Healthy Pan Fried Lentil Cake,0.5
8409,Ragi Semiya Upma Recipe - Ragi Millet Vermicelli Breakfast,0.5
17499,Prawn Ghee Pepper Masala Recipe With Garlic,0.5
8424,Tangy Lemon Pickle Recipe With Kalonji & Rock Salt,0.5
8426,Bardoli Ki Khichdi Recipe,0.5
8434,Mixed Vegetable Handvo Recipe - Savory Rice & Lentil Cake,0.5
17496,Paneer Pasanda Recipe -Cottage Cheese in Spicy Yogurt Curry,0.5
8448,Iyengar Style Vendhaya Keerai Pulao Recipe - Menthe Soppina Bath/ Methi Rice,0.5
17486,Chicken Malai Kebab Recipe,0.5
8450,Hesarukaalu Upittu Recipe - Moong Dal Upma,0.5
17482,Maharashtrian Green Moong Bhat Recipe - Sprouted Green Moong Pulao,0.5
8357,Fish Sukka Recipe - Fish With Spicy Masala Filling,0.5
17533,Andhra Style Chepa Vepudu Recipe - Andhra Fish Fry Recipe,0.5
8177,Badshahi Chicken Recipe,0.5
8249,Cabbage Paneer Paratha Recipe,0.5
8193,Yele Kadubu Recipe With Sweet And Spicy Onion Chutney,0.5
17615,Egg Idiyappam Recipe - Rice Vermicelli Upma with Scrambled Eggs,0.5
8194,Sagu Masala Dosa Recipe,0.5
17611,Ragi Semiya Upma Recipe - Ragi Millet Vermicelli Breakfast,0.5
8202,Mustard Egg Curry Recipe,0.5
8212,Kathiyawadi Shaak Recipe,0.5
17602,Goan Style Maskachi Bhaji Recipe-Moringa Leaves Stir Fry With Jackfruit Seeds,0.5
8218,Kashmiri Methi T Golemach Recipe-Minced Chicken Balls With Fenugreek Leaves,0.5
17598,Bardoli Ki Khichdi Recipe,0.5
17591,Sprouted Moong And Methi Pulao Recipe,0.5
17581,"Kachumber Salad Recipe With Cucumber, Onion & Tomatoes",0.5
17535,South Indian Style Fish Curry Recipe,0.5
17578,Shepuchi Bhaji Recipe (Stir Fried Maharashtrian Suva/Dill Greens),0.5
17572,Mixed Millet And Lentils Adai Recipe,0.5
8268,Aloo Vada Recipe - Batata Vada (Deep Fried Potato Patties),0.5
8270,Bengali Chirer Pulao Recipe - Bengali Style Vegetable Poha,0.5
17561,Fenugreek Spiced Sardine Fish Curry Recipe,0.5
17554,Bengali Chirer Pulao Recipe - Bengali Style Vegetable Poha,0.5
8278,Assamese Fish Fried Rice Recipe,0.5
8279,Paneer Pasanda Recipe -Cottage Cheese in Spicy Yogurt Curry,0.5
17550,Cabbage Paneer Paratha Recipe,0.5
17540,Aloo Gobi Sabzi Recipe - Spicy Potato Cauliflower Sabzi,0.5
8454,Sweet Corn & Peas Upma Recipe For Babies and Toddlers,0.5
8457,Foxtail Millet Vermicelli Upma Recipe,0.5
17481,Baby Potatoes Pulao Recipe - Aloo Pulao Recipe,0.5
8726,Goan Tendli Bhaji Recipe,0.5
8674,Chettinad Mushroom And Green Peas Stir Fry Recipe,0.5
8676,Khatti Meethi Ragi Masala Roti Recipe With Carrots,0.5
8684,Mutton Galouti Kebab Recipe,0.5
8685,Mirchi Bajji Recipe - Mirapakaya Bajji/Green Chilli Fritters,0.5
8688,Handi Biryani Recipe With Chicken,0.5
17365,Cauliflower Rice and Lentil Curry Recipe,0.5
8697,Nippattu Masala Chaat Recipe- South Indian Style Chaat,0.5
8701,Crispy & Spicy Paneer Starter Recipe,0.5
8708,Anar Pabda Recipe - Bengali Fish Curry In Pomegranate Juice & Coconut Milk,0.5
8725,Chow Chow And Beans Poriyal Recipe,0.5
8727,Dry Sweet Potato Thoran Recipe,0.5
8461,Rayalseema Style Borugula Upma Recipe,0.5
8732,Party Sev Puri Recipe Filled With Potato & Pomegranate Mint Mayo,0.5
8735,Pyaaz Ki Kachori Recipe,0.5
17287,Spicy and Tangy Mixed Vegetable Poha Recipe With Peanuts,0.5
8749,Rajasthani Hari Mirch Ka Maas Recipe,0.5
17270,Andhra Style Uppu Pindi Recipe (Rice Rava and Moong Dal Pudding Recipe),0.5
17262,Restaurant Style Paneer Lababdar Recipe,0.5
8761,Chicken Tikki Recipe - Chicken Cutlet,0.5
17251,Mixed Sprouts Coriander Dosa With Idli Dosa Batter,0.5
17229,Bele Dose Recipe (Lentil Dosa Recipe),0.5
17228,Palak Dhania Dosa Recipe With Figaro Olive Oil,0.5
17372,Royyala Kura Recipe (Andhra Style Prawn Curry),0.5
8649,Arbi Ke Kebab Recipe (Spicy Colocasia Kebab) Recipe,0.5
8610,Mixed Millet And Lentils Adai Recipe,0.5
8606,Spicy Aloo Frankie Recipe ( Potato Wrap or Roll Recipe),0.5
8484,Karnataka Style Avarekai Upma Recipe,0.5
8487,Goan Style Frango Vera Recipe - Chicken Vera,0.5
17456,Fish Sukka Recipe - Fish With Spicy Masala Filling,0.5
17452,Mixed Vegetable Idli Upma Recipe,0.5
8496,Andhra Style Kakarakaya Vepudu Recipe - Bitter Gourd Stir Fry,0.5
8497,Bharwa Karela Recipe,0.5
17449,Mughlai Fish Curry Recipe,0.5
8503,Bohri Khichda Recipe - Mutton Khichda Recipe,0.5
8512,Raw Mango Dhokla Recipe Topped With Sweet Mango Chutney,0.5
8517,Left Over Vadai Upma Recipe,0.5
8544,Achari Masala Powder Recipe,0.5
8547,Sprouted Moong And Methi Pulao Recipe,0.5
17446,Rajasthani Kande Ki Sabzi Recipe - Onion Sabzi,0.5
8571,Bhopali Style Gosht Ka Pulao Recipe,0.5
8572,Awadhi Style Taheri Recipe - Vegetable Rice Pulao Recipe,0.5
8577,Coriander Semiya Recipe - Vermicelli Pulao,0.5
8578,Paneer Frankie Recipe - Delicious Kid Friendly Snack,0.5
17410,Mixed Vegetables Oats Idli Recipe,0.5
17388,Arbi Ka Achaar Recipe (Instant Colocasia pickle),0.5
8592,Panch Phoran Masala Recipe- Indian Five Spice Powder,0.5
17374,Dahi Turai Ki Sabzi Recipe (Ridge Gourd Simmered In Yogurt Curry Recipe),0.5
8180,Muttai Dosa Recipe - Tamil Nadu Style Egg Dosa Recipe,0.5
17617,Vegetable Jowar Upma Recipe,0.5
7584,Rajasthani Kalmi Vada Recipe - Chana Dal Vada,0.5
17813,Chow Chow And Beans Poriyal Recipe,0.5
17822,Anar Pabda Recipe - Bengali Fish Curry In Pomegranate Juice & Coconut Milk,0.5
17815,Dry Sweet Potato Thoran Recipe,0.5
7806,Cheese Stuffed Aloo Bonda Recipe,0.5
7807,Mixed Flour And Spring Onion Cheela Recipe,0.5
7808,Konkani Style Cabbage Sanna Polo Recipe - Savory Cabbage Dosa,0.5
7809,Adai Recipe - High Protein Lentil Crepes,0.5
17814,Goan Tendli Bhaji Recipe,0.5
7816,Foxtail Millet Uppu Kozhukattai Recipe,0.5
7822,Bakery Style Baked Nippattu Recipe,0.5
7823,Rava Vada Recipe,0.5
7831,Mutton Shami Kebab Recipe,0.5
17825,Goan Gawar Bhaji Recipe,0.5
17808,Tambdi Bhaji Recipe - Goan Style Red Amaranth Stir Fry,0.5
17802,Macha Mahura Recipe - Odia Style Fish Curry With Vegetables,0.5
17801,Neymeen Vatti Pattichathu Recipe - Seer Fish In Spicy Masala,0.5
17788,Andhra Chicken Liver Fry Recipe,0.5
7880,Sweet And Spicy Thai Style Paneer Recipe,0.5
17786,Garlic Red Chicken Gravy Recipe,0.5
17785,Andhra Style Green Chilli Chicken Recipe,0.5
17779,Andhra Style Bangaladumpa Vepudu Recipe - Potato Fry Recipe,0.5
7886,Pan Fried Broccoli Pakora Recipe,0.5
7892,Aval Upma Recipe - South Indian Style Poha,0.5
17823,Chicken Keema Biryani Recipe,0.5
17852,Ilish Er Tel Jhol Recipe - Bengali Hilsa Fish Curry,0.5
17631,Tangy Lemon Pickle Recipe With Kalonji & Rock Salt,0.5
7681,Spring Onion Pakora Recipe - Made In Kuzhi Paniyaram Pan,0.5
17913,Soya Keema Aloo Paratha Recipe,0.5
7619,Jhunka Vadi Recipe - North Karnataka/Maharashtrian Speciality,0.5
7624,Palak Pappu Recipe - Andhra Style Palakura Pappu - Dal Palak,0.5
7628,Rajasthani Pyaaz Ki Kadhi Recipe - Onion Kadhi Recipe,0.5
7632,Soya Keema Matar Masala Recipe,0.5
17905,Paneer Methi Paratha Recipe,0.5
7648,Paneer Pyaz Paratha Recipe,0.5
7665,Bengali Style Pomfret Shorshe Recipe - Pomfret In Mustard Gravy,0.5
17902,Bengali Style Hilsa Fish In Poppy Seeds & Yogurt Curry Recipe,0.5
7675,Mixed Vegetable Cutlet Recipe,0.5
7691,Tofu and Chickpea Patty Recipe (Cutlets),0.5
17866,Achari Aloo Gobi Recipe - Spicy Indian Cauliflower Stir Fry,0.5
7712,Vegetable Dal Pakora Recipe - Dal Bhajiya,0.5
7719,Kanchipuram Masala Dosa Recipe With Soya Dosa Batter,0.5
7726,Whole Masala Gobhi Recipe - Spiced Whole Roasted Cauliflower Masala,0.5
17885,Hare Pyaaz Ki Puri Recipe - Spring Onion Puri,0.5
7731,Vegetable Biryani Recipe With Chatpata Aloo,0.5
17880,Aloo Simla Mirch Ki Sabzi Recipe - Aloo & Capsicum Sabzi,0.5
7751,Kanda Kairichi Chutney Recipe - Onion & Raw Mango Chutney,0.5
7763,Curried Tofu Kebab Recipe,0.5
7768,Maharashtrian Kanda Poha Recipe,0.5
7787,Authentic Godumai Dosai Recipe - Whole Wheat Flour Crepes,0.5
17777,Goan Batata Recheado Recipe With Carrots & Beans,0.5
7912,Hari Matar Ke Pakode Recipe - Green Pea Fritters,0.5
17747,Lauki Ka Salan Recipe - Bottle Gourd Salan Recipe,0.5
8116,Calcutta Style Chicken Biryani Recipe,0.5
17694,Awadhi Style Taheri Recipe - Vegetable Rice Pulao Recipe,0.5
8077,Dahi Batata Puri Chaat Recipe - Classic Indian Tea Time Snack,0.5
8078,Minced Mutton Spring Rolls Recipe,0.5
17693,Bhopali Style Gosht Ka Pulao Recipe,0.5
8081,Corn And Onion Raita Recipe,0.5
17668,Sagu Masala Dosa Recipe,0.5
17657,Mustard Egg Curry Recipe,0.5
8099,Pahadi Chicken Curry Recipe,0.5
17651,Kashmiri Methi T Golemach Recipe-Minced Chicken Balls With Fenugreek Leaves,0.5
17648,Muttai Dosa Recipe - Tamil Nadu Style Egg Dosa Recipe,0.5
17647,Quick And Simple Egg Curry Recipe,0.5
7918,Mini Chilli Cheese Aloo Kulcha Recipe,0.5
17646,Saoji Egg Curry Recipe,0.5
8119,Mutton Khurdi Recipe - Bohra Style White Mutton Stock Soup,0.5
17645,Kolhapuri Palak Egg Curry Recipe,0.5
17644,Punjabi Style Egg Curry Recipe,0.5
8143,Chicken Malai Kebab Recipe,0.5
17643,Coriander Semiya Recipe - Vermicelli Pulao,0.5
8152,Grilled Rajma Masala Sandwich Recipe,0.5
8156,Maharashtrian Green Moong Bhat Recipe - Sprouted Green Moong Pulao,0.5
8159,Hyderabadi Biryani With Basmati Rice (Mutton & Chicken),0.5
17634,Pyaz Ka Paratha Recipe - Spicy Stuffed Onion Paratha,0.5
8065,Aloo Bread Pakora Recipe,0.5
17695,Iyengar Style Vendhaya Keerai Pulao Recipe - Menthe Soppina Bath/ Methi Rice,0.5
8046,Andhra Style Makka Garelu Recipe (Corn Vada Recipe),0.5
8045,Stuffed Gobi Ka Paratha - Spiced Cauliflower Flatbread,0.5
7924,Spicy Sweet Corn & Oat Fritters Recipe - Corn Masala Vada,0.5
7926,Chicken Galouti Kebab Recipe,0.5
17736,Murungai Keerai Poriyal With Moong Dal Recipe,0.5
7940,Crispy Baby Corn Lollipop Recipe / Spring Rolls,0.5
17735,Khatti Meethi Ragi Masala Roti Recipe With Carrots,0.5
7951,Sooji Upma Recipe With Coconut,0.5
7954,Khara Avalakki Recipe (Karnataka Style Poha),0.5
17733,Chettinad Mushroom And Green Peas Stir Fry Recipe,0.5
7970,Crispy Palak Pakora Recipe - Made In Kuzhi Paniyaram Pan,0.5
7971,Pudina Pyaz Kachumber Salad Recipe - Mint & Onion Salad,0.5
7982,Godhuma Dosa Recipe - Instant Whole Wheat Flour Dosa Recipe,0.5
7992,Paneer Matar Pulao Recipe,0.5
7999,Healthy Aloo Chaat Dilli Style Recipe -Spicy & Tangy Potato Stir Fry,0.5
17725,Kachi Tikya Recipe - Chicken In Tomato Gravy With Potatoes,0.5
8003,Onion Rava Dosa Recipe - Instant Crispy Sooji Dosa Recipe,0.5
17720,Handi Biryani Recipe With Chicken,0.5
17711,White Vegetable Kurma Recipe With Coconut & Cashew,0.5
8015,Avocado Paratha Recipe,0.5
8033,Chicken Seekh Kebab Recipe,0.5
8036,Cabbage Carrot Onion Pudina Thepla Recipe,0.5
8044,Murungai Keerai Masala Vadai Recipe,0.5
17613,Broken Wheat and Mixed Millet Upma Recipe,0.5
10293,Tangy Lemon Pickle Recipe With Kalonji & Rock Salt,0.5
9615,Mixed Vegetable Samosa Recipe,0.5
12990,Rise and Ridge Kerat Burji - Cantaloupe Egg Fry Recipe,0.5
12855,Spiced Indian Potato Flatbread (Recipe In Hindi),0.5
12866,Minced Mutton Spring Rolls Recipe,0.5
15197,Awadhi Style Karela Ka Dulma Recipe - Stuffed Bitter Gourd In Yogurt Gravy,0.5
15188,Sundaikkai Godumai Rava Upma Recipe,0.5
12889,Quick & Easy Idli Upma Recipe With Figaro Olive Oil,0.5
12896,Cauliflower And Soya Chunks Sabzi Recipe,0.5
15159,Aval Upma Recipe - South Indian Style Poha,0.5
15158,Awadhi Style Chickpea Kofta Biryani Recipe,0.5
15139,Adai Recipe - High Protein Lentil Crepes,0.5
15137,Konkani Style Cabbage Sanna Polo Recipe - Savory Cabbage Dosa,0.5
12921,Chakolaya Recipe (Maharastrian Varun),0.5
15123,Mixed Flour And Spring Onion Cheela Recipe,0.5
15114,Saffron Pilaf Recipe - Kesar Flavoured Rice,0.5
12927,Sweet And Spicy Thai Style Paneer Recipe,0.5
12937,Andhra Style Corn Vada Recipe,0.5
12941,Kolkata Club Style Baked Kachori Aloo Recipe,0.5
12944,Paneer Butter Masala Recipe,0.5
15108,आलू पोहा रेसिपी- Aloo Poha Recipe,0.5
12948,Goan Lady Fish Curry Recipe - Muddoshi Hooman,0.5
12949,Andhra Style Bobbarlu Vada/ Alsanda Vada Recipe -Spicy Lobia Vada Recipe,0.5
12950,Capsicum Masala Gravy (Recipe In Hindi),0.5
12957,Stuffed Bhindi Recipe With Peanuts,0.5
12959,Ginger Garlic Tofu Curry (Recipe In Hindi),0.5
12964,Saoji Egg Curry Recipe,0.5
12976,Dahi Turai Ki Sabzi Recipe (Ridge Gourd Simmered In Yogurt Curry Recipe),0.5
12853,Shimla Mirch Ki Launji Recipe,0.5
15200,Chicken Cheese Stuffed Kulcha Recipe,0.5
12842,Paneer Tikka Pulao Recipe,0.5
12759,Karuveppilai Chicken Fry Recipe- Curry Leaf Flavoured Chicken,0.5
12697,Rava Rotti Recipe (Karnataka Style Semolina Flat Bread),0.5
12702,Jimikand ke Kebab Recipe (Yam Kebabs),0.5
12726,Bengali Style Raw Jackfruit Curry Recipe - Enchor’er Dalana,0.5
12733,Ilish Macher Korma Recipe - Hilsa Fish Curry In Rich Gravy,0.5
15286,Beans Mezhukkupuratti Recipe - Kerala Style Stir Fried Beans,0.5
15284,Stuffed Yellow Moong Dal And Onion Paratha Recipe,0.5
15283,Masala Karela Recipe,0.5
15282,Masala Jowar Bhakri Recipe,0.5
15278,Paneer Carrot Stuffed Paratha Recipe,0.5
15277,Paruppu Thogayal Recipe -Toor & Bengal Gram Chutney,0.5
15275,Tomato Poha With Peas Recipe,0.5
15272,Quick Cauliflower Sabzi Recipe - Phool Gobi Sabzi Recipe,0.5
12825,Tandoori Chicken Curry Recipe,0.5
12768,Goan Gawar Bhaji Recipe,0.5
12770,Sukh Lu Matar Methi Vegetable Recipe,0.5
15265,Thotakura Majjiga Pulusu Recipe - Amaranth Leaves in Buttermilk Stew,0.5
15260,Pudina Quinoa Recipe,0.5
15250,Green Moong Dal Pulao With Vegetables Recipe,0.5
15241,Instant Masala Oats Kuzhi Paniyaram Recipe,0.5
12807,Chammanthi Chutney Recipe (Coconut And Onion Chutney),0.5
12812,Aal Ke Kofte (Bottle Gourd Fritters In Spicy Gravy) Recipe,0.5
15236,Egg Dosa Recipe,0.5
15221,Moong Sprouts Salad with Grated Carrots & Coriander Recipe,0.5
12823,Punjabi Black Chickpea Curry Recipe - Kale Chane Ki Sabzi,0.5
12984,Tomato Methi Rice Recipe,0.5
15079,Khaman Dhokla Poha Recipe,0.5
13255,Stuffed Corn and Capsicum Paratha Recipe with Herbs,0.5
12995,Aloo Raswala Sabzi Recipe,0.5
13105,Chenai Kizhangu Poricha Kootu Recipe (Tamil Nadu Style Yam Cooked in Coconut Gravy),0.5
15029,Goan Style Chicken Vindaloo With Vegetables,0.5
13113,Dal Fry Recipe,0.5
13121,Bhindi And Paneer Masala Recipe,0.5
13123,Whole Wheat Vegetable Chilla (Cheela) Recipe,0.5
13124,Layered Paneer Butter Masala Biryani Recipe,0.5
13125,Spicy Aloo Naan Recipe,0.5
13135,Aloo Poha Recipe,0.5
13142,Soya Chunks Masala in Coconut Milk (Recipe In Hindi),0.5
15024,Methi Chaman Recipe -Paneer In Dark Leafy Greens Based Gravy,0.5
15022,Scrambled Eggs With Ridge Gourd Sabzi Recipe,0.5
13172,Karnataka Style Beetroot Palya Recipe,0.5
15020,Baby Corn Butter Masala Recipe,0.5
13188,Savoury Oatmeal Porridge Recipe,0.5
13194,South Indian Style Fish Curry Recipe,0.5
15016,Achari Paneer Masala Recipe,0.5
15015,Bhatt Ki Dal Recipe - Traditional Kumaoni Black Bean Dal,0.5
15009,Achari Kaddu Ki Sabzi Recipe,0.5
15008,Odisha Style Aloo Bharta Recipe -Aloo Mash Sabzi,0.5
15004,Rajasthani Gatte Ki Sabzi Recipe With Onion & Garlic,0.5
15003,Karela Aur Baingan Ki Sabzi Recipe - Bitter Gourd Brinjal Sabzi,0.5
13238,Dosakaya Pappu Recipe-Andhra Style Yellow Cucumber Dal,0.5
15000,Carrot & Capsicum Sabzi Recipe - No Onion No Garlic,0.5
13244,Drumstick Spinach Fry With Moong Dal Recipe,0.5
13249,Whole Moong Dal Vada Recipe,0.5
13104,Mixed Vegetable Idli Upma Recipe,0.5
13102,Gujarati Kobi Marcha No Sambharo Recipe - Cabbage & Bell Pepper Stir Fry,0.5
13099,Kanchipuram Masala Dosa Recipe With Soya Dosa Batter,0.5
13042,Carrot Fenugreek Leaves Stir Fry (Recipe in Hindi),0.5
12996,Rajma and Horse Gram Stuffed Paratha Recipe,0.5
12997,Chicken Malai Kebab Recipe,0.5
12998,Gobi Musallam Recipe (Spicy Cauliflower Creamy Gravy),0.5
15074,Ragi Murungai Keerai Adai Recipe-Finger Millet Flour & Drumstick Leaves Savory Flatbread,0.5
13007,Stir Fry Green beans and Tofu with Panch Phoron Recipe,0.5
13008,Spicy Dalia Pulao Recipe - Broken Wheat Pulao,0.5
13018,Keerai Vadai Recipe,0.5
15060,Tofu Methi Paratha Recipe,0.5
15057,Tamil Nadu Style Broccoli Poriyal Recipe - Broccoli Stir Fry Recipe,0.5
15054,Grilled Chicken With Vegetables Recipe,0.5
13041,Paneer Kalimirch (Recipe),0.5
13044,Pineapple Mushroom Tikka Recipe With Tandoori Masala,0.5
13095,Palak Pappu Recipe - Andhra Style Palakura Pappu - Dal Palak,0.5
13058,Lemon Oats (Recipe In Hindi),0.5
15050,Maharashtrian Style Kelfulachi Bhaji Recipe - Banana Flower Stir Fry Recipe,0.5
13063,Andhra Style Sarva Pindi/Gine Pindi Recipe (Rice Flour and Chana Dal Flatbread Recipe),0.5
15049,Bhindi Huli Recipe - South Indian Style Tangy Okra,0.5
15040,Drumstick Leaves Sabzi With Crushed Peanuts Recipe,0.5
13073,Milagu Sadam (Recipe In Hindi),0.5
13076,Meat Ka Achaar Recipe (Goat Pickle),0.5
15038,Kali Mirch Aloo Bhindi Sabzi - Aloo Bhindi Pepper Fry Recipe,0.5
13087,No Onion No Garlic Oriya Style Moong Dalma Recipe,0.5
15035,Awadhi Khaas Nihari Recipe,0.5
13093,Besan And Green Pea Cheela Recipe,0.5
15305,Indori Poha Recipe,0.5
15309,Capsicum Curry Recipe,0.5
12690,Ambode Recipe (Karnataka Style Masala Vada),0.5
15311,Tomato pulao Recipe,0.5
15464,Tamarind Chilli Potato Recipe,0.5
15463,Kolkata Chicken Chaap Recipe - Slow Cooked Chicken Legs,0.5
15457,Beetroot Paneer Curry Recipe In Coconut Milk,0.5
15447,Karnataka Style Beetroot Palya Recipe,0.5
12285,Methi Turai Ki Sabzi (Recipe In Hindi),0.5
12292,Gutti Vankaya Recipe,0.5
12295,Punjabi Style Egg Curry Recipe,0.5
12299,Punjabi Methi Kadhi Recipe,0.5
15433,Simple Mutton Curry With Coconut Recipe,0.5
12308,Dal Shorba Recipe - Indian Style Lentil Soup,0.5
15432,"Broccoli, Carrot And Capsicum Sabzi Recipe",0.5
15429,Sauteed Spicy Prawns Recipe,0.5
15424,Aloo Konir Dom Recipe (Assamese Egg & Potato Curry),0.5
12311,Bengali Doi Maach Recipe (Fish In Yogurt Curry),0.5
12324,Mutton Do Pyaza Recipe,0.5
12325,Kerala Chicken Curry Recipe,0.5
12326,Tamil Nadu Style Broccoli Poriyal Recipe - Broccoli Stir Fry Recipe,0.5
12328,Thotakura Majjiga Pulusu Recipe - Amaranth Leaves in Buttermilk Stew,0.5
12337,Pudina Quinoa Recipe,0.5
15415,Karnataka Style Bassaru Palya Recipe - Toor Dal And Dill Leaves Stir Fry,0.5
12338,Goan Chana Ros Recipe (White Peas Curry),0.5
12352,Maharashtrian Style Dudhi Kajuchi Sonari Amti Recipe - Bottle Gourd And Cashew Nut Sabzi,0.5
12356,Pyaaz Ki Kachori Recipe,0.5
12369,Onion Rava Bhakri Recipe (Goan Kanyachi Bhakri),0.5
12383,Spring Onion and Peanut Raita Recipe,0.5
12261,Pepper Cauliflower Recipe,0.5
12257,Kashmiri Anardan Chetin Recipe (Pomegranate Seeds Chutney),0.5
12254,Raw Mango And Spring Onion Chutney Recipe,0.5
12202,Aval Upma Recipe - South Indian Style Poha,0.5
15515,Aloo Matar Korma Recipe In White Gravy,0.5
15503,Paplet Hooman Recipe - Goan Pomfret Curry,0.5
12129,Arbi Ka Achaar Recipe (Instant Colocasia pickle),0.5
15498,Punjabi Style Spicy Arbi Sabji Recipe,0.5
15497,Aloo Matar Sabzi Recipe - Potatoes Peas In Tomato Gravy,0.5
15495,"Beetroot, Aloo & Amaranth Leaves Sabzi Recipe",0.5
15492,Paneer Tikka Pulao Recipe,0.5
12159,Raw Banana Tikkis Recipe,0.5
12172,Stuffed Kathal Recipe,0.5
12184,Radish and Wadi vegetable recipe,0.5
12185,Bengali Style Chicken Rezala Recipe - Chicken Korma Recipe,0.5
12204,Shahjahani Khichdi Recipe - Spiked Green Moong Dal Khichdi,0.5
15479,Tamatar Wali Arbi Sabzi Recipe,0.5
15488,Raw Banana and Banana Stem Stuffed Paratha Recipe,0.5
15487,Chicken Kappa Biryani Recipe,0.5
12206,Chicken Chops Recipe,0.5
12213,Keerai Vadai Recipe Made With Figaro Pure Olive Oil,0.5
12216,Bhopli Mirchi Chi Peeth Perun Bhaji Recipe,0.5
12219,Healthy Lauki Kofta Curry Recipe | Non Fried Bottle Gourd Coffee Curry | Dhoodi Kofta,0.5
15481,Green Moong Dal Paratha Recipe - Stuffed Lentil Flatbread,0.5
12240,Goan Style Mushroom Vindaloo Recipe,0.5
12242,Saunf Wale Aloo Baingan Recipe - Fennel Spiced Potato And Eggplant,0.5
12247,Potato Vegetable Recipe - Lu Tomato Key Vegetable,0.5
12251,Broccoli Pakora Masala Recipe - Broccoli In Spicy Yogurt Gravy,0.5
15412,Baby Corn Capsicum Masala Recipe,0.5
12387,Whole Wheat Onion Stuffed Kulcha Recipe,0.5
12390,Kollu Vada Kurma Recipe (Horse Gram Fritters Spicy & Tangy Curry),0.5
15349,Spiced Turnips with Spinach Recipe,0.5
12560,Thengai Paal Sadam Recipe - Coconut Milk Pulao,0.5
12561,Makki Paneer Pakora Recipe,0.5
12577,Chicken Galauti Kebab Recipe,0.5
12580,Aloo Konir Dom Recipe (Assamese Egg & Potato Curry),0.5
12581,Sukhi Urad Dal Sabzi Recipe,0.5
15353,Gujarati Batata Pulao Recipe - Sweet And Spicy Pulao With Lentils And Potatoes,0.5
12587,Instant Carrot Pickle Recipe,0.5
12588,Tangy Corn Tamatar Bharta Recipe,0.5
12591,Tomato Upma Recipe,0.5
12592,Peanut Cucumber Salad Recipe,0.5
15350,Mamsaam Chops Recipe (Lamb Chops in Black Pepper Gravy),0.5
12605,Mustard Prawns In Coconut Recipe,0.5
15361,Pattani Kootu Recipe (Green Peas Curry),0.5
12606,Beetroot Greens Rice Recipe,0.5
15348,Spicy Aloo Naan Recipe,0.5
12609,Mixed Vegetable Jalfrezi Recipe,0.5
12613,Rajasthani Pyaaz Ki Kadhi Recipe - Onion Kadhi Recipe,0.5
12624,Coriander Egg Curry Recipe,0.5
15338,Kashmiri Style Pulao With Coconut Milk Recipe,0.5
15329,Ambur Style Brinjal Curry Recipe,0.5
15322,Pudina Mushroom And Soya Biryani Recipe,0.5
15321,Baby Corn and Green Peas Sabzi Recipe,0.5
12649,Khatti Meethi Ragi Masala Roti Recipe With Carrots,0.5
12681,Lauki Aloo Sabzi Recipe - Bottle Gourd Potato Vegetable Curry,0.5
12555,Ragi Badam Soup Recipe - Finger Millet Almond Soup With Vegetables,0.5
15363,Kongunad Chicken Fry Recipe,0.5
12393,Broccoli Stir Fry (Recipe In Hindi),0.5
12445,Goan Style Patol Bhaji Recipe- Green peas Curry Recipe,0.5
15411,Baked Whole Wheat Masala Baati Recipe (Healthy Rajasthani Spiced Wheat Dumplings),0.5
12395,Arbi Cutlet Recipe (Spiced Colocasia Patties),0.5
15409,Bhindi Gosht Recipe-Okra With Meat In Coconut Gravy,0.5
12401,Jowar Atta Pyaz Thepla Recipe – Sorghum Wheat Onion Thepla,0.5
12407,Pattani Kootu Recipe (Green Peas Curry),0.5
15407,Beerakaya Tomato Koora Recipe (Andhra Style Ridge Gourd Curry),0.5
12412,Baby Potatoes Pulao Recipe - Aloo Pulao Recipe,0.5
12420,Panchratan Dal Paniyaram Recipe,0.5
12423,Cabbage & Dal Stuffed Paratha Recipe,0.5
15400,Tofu Green Pulao Recipe,0.5
12432,Cabbage and Methi Paratha Recipe,0.5
12447,Doli Ki Roti Recipe | Classic Sourdough Bread Recipe from Multan,0.5
15366,Aal Ke Kofte (Bottle Gourd Fritters In Spicy Gravy) Recipe,0.5
15397,Andhra Style Majjige Saaru/Salla Charu Recipe (Spicy Yogurt Curry Recipe),0.5
12451,Mutton Galouti Kebab Recipe,0.5
12466,Potato Sagu Recipe for Rava Idli,0.5
15391,Bengali Style Kosha Mangsho Recipe- Spicy Mutton Curry,0.5
15389,Chemmeen Muringakka Curry Recipe -Prawn Drumstick Curry,0.5
12489,Avarekalu Usli Recipe,0.5
12492,Fish Sukka Recipe - Fish With Spicy Masala Filling,0.5
15388,Paruppu Keerai Masiyal Recipe - Red Amaranth With Toor Dal,0.5
15381,Tomato Sheer Recipe -Tomato And Coconut Curry Recipe,0.5
12527,Green Mango Masoor Dal Recipe,0.5
15374,Broccoli Egg Bhurji Recipe,0.5
13253,Bengali Style Sheem Poshto Recipe - Flat Beans In Poppy Seeds,0.5
13257,Andhra Style Kakarakaya Vepudu Recipe - Bitter Gourd Stir Fry,0.5
9628,Chow Chow Sambar Recipe (Chayote Squash Sambar),0.5
14542,Avocado Paratha Recipe,0.5
14013,Bengali Style Kosha Mangsho Recipe- Spicy Mutton Curry,0.5
14599,Ragi Kuzhi Paniyaram Recipe with Ragi Dosa Batter,0.5
14015,Gajar Methi Poriyal Recipe - Carrot Fenugreek Stir Fry,0.5
14596,Foxtail Millet Upma Recipe,0.5
14027,Gobi Ke Kofte Recipe (Cauliflower Fritters In Spicy Gravy),0.5
14030,Chow Chow And Beans Poriyal Recipe,0.5
14034,Carrots Dill and Peanut Sadam - South Indian Style Stir Fried Rice,0.5
14587,Potato Sagu Recipe for Rava Idli,0.5
14584,Fusion Style Paneer Malai Makhani Recipe,0.5
14037,Banana Stem Poriyal Recipe With Curry Powder,0.5
14041,Karnataka Style Majjige Huli Recipe - Tasty Buttermilk Rasam,0.5
14573,Jolada Ganji Recipe (Jowar Savoury Porridge),0.5
14067,Chettinad Style Chickens Togayal Recipe (Horsegram Chutney),0.5
14073,Mixed Vegetables Oats Idli Recipe,0.5
14559,Drumstick Dal Recipe,0.5
14084,Yele Kadubu Recipe With Sweet And Spicy Onion Chutney,0.5
14085,Vegan Malai Cabbage Recipe,0.5
14098,Egg Shoap Recipe | Assamese Appetizer,0.5
14102,One Pot Pressure Cooker Chicken Curry Recipe,0.5
14548,Gobi Biryani Recipe - Spiced Cauliflower Rice,0.5
14115,Maharashtrian Style Surnachi Koshimbir Recipe-Yam Salad,0.5
14116,Raw Mango Prawns Curry Recipe,0.5
14546,Paneer Matar Pulao Recipe,0.5
14128,Hariyali Dum Aloo Recipe - Potatoes In Spinach Mint Curry,0.5
14131,Moong Dal Tikki Recipe,0.5
14600,Crispy and Spicy Chilli Chicken Recipe - Indian Style,0.5
13992,Buckwheat Vegetable Khichdi Recipe,0.5
13989,Chicken Keema Samosa Recipe,0.5
13921,Hyderabadi Marag Recipe,0.5
13870,Tamil Nadu Style Masala Dal Vada Recipe,0.5
13872,Paruppu Thogayal Recipe -Tour & Bengal Gram Chutney,0.5
13877,Chettinad Paruppu Urundai Kuzhambu (Steamed Lentil Balls Cooked in a Tangy Curry) Recipe,0.5
13878,Hilsa Oil Soup Recipe - Bengali Hills Fish Curry,0.5
14660,Corn Methi Malai Gravy Recipe,0.5
14657,Avarekalu Usli Recipe,0.5
14655,Chettinad Mutton Chops Kuzhambu Recipe-Mutton Chops Curry,0.5
13905,Potato Latkes Recipe,0.5
14648,Pudalangai Poriyal Recipe - Snake Gourd Poriyal Recipe,0.5
13911,Kolhapuri Palak Egg Curry Recipe,0.5
14639,Tamatar Pyaz Ki Sabzi Recipe -Tomato Onion Sabzi,0.5
13928,Pepe Chingri Recipe - Green Papaya Prawn Curry Recipe,0.5
13986,Awadhi Style Taheri Recipe - Vegetable Rice Pulao Recipe,0.5
13932,Mysore Masala Dosa Made With Yeast Dosa Batter,0.5
14638,Khatta Meetha Tamatar Sabzi Recipe - A Chutney Style Dry Sabzi,0.5
13947,Mutton Keema Recipe,0.5
14627,Bhaat Ka Thepla Recipe - Spiced Rice Paratha,0.5
14626,High Protein Moong Dal Cheela Recipe With Stuffed Paneer,0.5
14619,Masala Akki Roti Recipe - Spicy Rice Flour Flatbread,0.5
14613,Spiced Ghee Rice Recipe | Neychoru,0.5
14612,Mughlai Aloo Lajawab Recipe - Mughlai Aloo Sabzi Recipe,0.5
14610,Aloo Poha Recipe - Batata Poha,0.5
13983,Hariyali Chicken Tikka Wrap Recipe,0.5
14604,Tomato Onion Cucumber Raita Recipe,0.5
14543,सोया पालक करी रेसिपी - Soya And Spinach Curry Recipe,0.5
14137,Mushroom Masala With Corn Recipe,0.5
13263,Prawn Fritters Recipe (Shrimp Vadai),0.5
14539,Vegetable Oats Upma Recipe,0.5
14281,Corn And Onion Raita Recipe,0.5
14283,Pan Fried Avocado Kofta Recipe,0.5
14287,Kali Mirch Aloo Bhindi Sabzi - Aloo Bhindi Pepper Fry Recipe,0.5
14288,Indian Style Beetroot Soup Recipe,0.5
14476,Peanut Cucumber Salad Recipe,0.5
14296,Punjabi Style Arbi (Recipe In Hindi),0.5
14297,Jhunka Vadi Recipe - North Karnataka/Maharashtrian Speciality,0.5
14300,Khandeshi Sev Bhaji Recipe,0.5
14302,Spinach and Moong Dal Pakodas Recipe,0.5
14307,Milagu Sadam Recipe (Instant Pepper Rice),0.5
14466,Classic Indian Sliced Salad Recipe,0.5
14462,Kadai Paneer Recipe - Spiced Cottage Cheese With Green Bell Peppers,0.5
14326,North Karnataka Style Nuggekai Kharbyaali Recipe-Spiced Drumstick Sambar,0.5
14458,Sooji Upma Recipe With Coconut,0.5
14435,Corn And Onion Raita Recipe,0.5
14339,Paneer Pyaz Paratha Recipe,0.5
14355,Soya Keema Matar Masala Recipe,0.5
14359,Rajasthani Pyaaz Ki Kadhi Recipe - Onion Kadhi Recipe,0.5
14360,Palak Pappu Recipe - Andhra Style Palakura Pappu - Dal Palak,0.5
14431,Bhindi Masala Gravy Recipe - Ladies Finger In Tomato Onion Gravy,0.5
14426,Kerala Style Prawns & Shrimp Biryani -Chemmeen Biryani Recipe,0.5
14425,Saunf Wale Aloo Baingan Recipe - Fennel Spiced Potato And Eggplant,0.5
14375,Maharashtrian Kanda Poha Recipe,0.5
14414,Kanda Kairichi Chutney Recipe - Onion & Raw Mango Chutney,0.5
14396,Bengali Style Pomfret Shorshe Recipe - Pomfret In Mustard Gravy,0.5
14479,Stuffed Gobi Ka Paratha - Spiced Cauliflower Flatbread,0.5
14261,Green Onion Recipe - Spring Onion Puri,0.5
14257,Andhra Pepper Chicken Recipe,0.5
14211,Malai Matar Paneer Recipe (Cottage Cheese & Peas In Rich Creamy Gravy),0.5
14161,Restaurant Style Paneer Lababdar Recipe,0.5
14164,Cheesy Potatoes Recipe,0.5
14166,Potato Sagu Recipe,0.5
14537,Onion Rava Dosa Recipe - Instant Crispy Sooji Dosa Recipe,0.5
14532,Idli Upma Recipe,0.5
14185,Egg and Ridge Gourd Burji Recipe,0.5
14188,Paya Curry Recipe | Lamb Trotters,0.5
14190,Murungai Keerai Masala Vadai Recipe,0.5
14191,Dhaba Style Country Chicken Recipe,0.5
14528,Pudina Rice Recipe,0.5
14205,Moong Dal Palak Cheela Recipe (Yellow Lentil And Spinach Crepes),0.5
14213,Spinach Buns Recipe (Masala Palak Pav),0.5
14252,Tamil Nadu Style Dal Masala Vada with Cabbage Recipe,0.5
14214,Whole Wheat Onion Stuffed Kulcha Recipe,0.5
14216,Whole Wheat Palak Naan Recipe,0.5
14519,Spiced Kumbh Pulao Recipe - Spicy Mushroom Rice,0.5
14226,Lal Mathachi Bhaji Recipe - Amaranth Leaves Moong Sprouts Sabzi,0.5
14229,Mixed Flour And Spring Onion Cheela Recipe,0.5
14518,Kadai Broccoli Masala Recipe - Broccoli Cooked With Indian Spices,0.5
14517,Mixed Vegetable Jalfrezi Recipe,0.5
14235,Assamese Amitar Khar Recipe,0.5
14492,Khara Avalakki Recipe (Karnataka Style Poha),0.5
14488,Cabbage Carrot Onion Pudina Thepla Recipe,0.5
14242,Goan Batata Recheado Recipe With Carrots & Beans,0.5
13869,Goan style Caril De Camarao Recipe (Prawn Curry Recipe),0.5
14666,Goan Style Caldinho de Abobora Branca Recipe (Mild Curry of white Pumpkin),0.5
13863,Kallu Knockout Recipe (Sprouted Horse Gram Wright Recipe),0.5
13860,Mixed Vegetable Curry Roll Recipe,0.5
13458,Aloo Amritsari Recipe,0.5
14897,Dhungare Baingan Recipe,0.5
13460,Crispy & Spicy Paneer Starter Recipe,0.5
13464,Chettinad Mutton Chops Kuzhambu Recipe-Mutton Chops Curry,0.5
14893,Kothavarangai Poriyal Recipe - South Indian Style Cluster Beans Sabzi,0.5
14890,Vegan Malai Gobhi Recipe,0.5
14889,Mughlai Dum Arbi Recipe,0.5
14886,Khatti Meethi Mooli Ki Sabzi Recipe-Sweet and Tangy Radish Dry Recipe,0.5
14883,Kadai Baby Corn Paneer Recipe,0.5
14881,Andhra Style Palakaru Vepadu Recipe - Spinach Stir Fry Recipe,0.5
13532,Karnataka Style Bassaru Recipe - Dill flavored Coconut Rasam,0.5
13534,Spicy Cabbage Rice Recipe (South Indian Style Mutta Kose Sadham Recipe),0.5
13553,Homemade Vada Pav Recipe With Cheesy Aloo Vada,0.5
14880,No Onion No Garlic Oriya Style Moong Dalma Recipe,0.5
14877,Gujarati Kobi Marcha No Sambharo Recipe - Cabbage & Bell Pepper Stir Fry,0.5
14870,Mughlai Style Aloo Matar Gobi Gravy Recipe,0.5
13564,"Mushroom, cheese and soy chunk samosa recipe",0.5
14861,Achari Gobi Shimla Mirch Ki Sabzi Recipe - Capsicum And Cauliflower Sabzi,0.5
14842,Maharastrian Batatyachi Bhaji Recipe-Quick and Simple Aloo Sabzi,0.5
13582,Potato Sagu Recipe For Rava Idli,0.5
14831,Shimla Mirch Ki Launji Recipe,0.5
14829,Mooli And Wadi Ki Sabzi Recipe,0.5
13593,Kesari Pittal Recipe - Chettinad Style Mixed Vegetable Recipe,0.5
13603,Kongunadu Chicken Curry Recipe,0.5
13613,Tangy Tamarind Pumpkin Curry Recipe,0.5
14904,Cherupayar Thoran Recipe - Kerala Style Green Gram Sabzi,0.5
13450,Awadhi Style Chickpea Kofta Biryani Recipe,0.5
13443,Stuffed Masala Aloo Naan Recipe Made Without Oven,0.5
13356,Bele Dose Recipe (Lentil Dosa Recipe),0.5
14985,Sukhi Suran Masala Sabzi Recipe,0.5
14984,Lau Er Khosha Bhaja Recipe - Bottle Gourd Peel Stir Fry,0.5
14973,Sweet & Spicy Raw Papaya Moongphali Ki Sabzi Recipe,0.5
13315,Achari Paneer Masala Recipe,0.5
14962,Baingan Sarson Ka Saag Recipe,0.5
13319,Matar Kachori Recipe,0.5
13321,Methi Turai Ki Sabzi (Fenugreek Leaves And Ridge Gourd Stir Fry),0.5
13336,Cherupair Thoran Recipe - Kerala Steel Green Gram Vegetable,0.5
13341,Moongphali Bhindi Recipe - Okra and Peanut Stir Fry,0.5
13342,Murgh Musallam Recipe - Masala Roasted Chicken,0.5
14954,Bengali Style Sheem Poshto Recipe - Flat Beans In Poppy Seeds,0.5
14946,Ragi Masala Roti Recipe,0.5
13441,Broken Wheat And Green Moong Khichdi Recipe,0.5
13384,Spicy Sweet Corn & Oat Fritters Recipe - Corn Masala Vada,0.5
14932,Carrot Beans Sukhi Sabzi Recipe With Simple Masala,0.5
14927,Mushroom Tikka Masala Dry Recipe,0.5
13397,Chatpata Kala Chana Pakora Roll / Frankie Recipe,0.5
14926,Sabsige Soppu Palya Recipe - Udupi Style Dill Leaves Stir Fry,0.5
13403,Bathua Aloo Paratha Recipe,0.5
14925,Hariyali Dum Aloo Recipe - Potatoes In Spinach Mint Curry,0.5
13411,Awadhi Style Nargisi Kofta Recipe (Boiled Egg Wrapped With Spiced Potato Recipe),0.5
14910,Maharashtrian Style Patichya Kandyachi Zunka Recipe -Spring Onions and Besan Sabzi,0.5
14909,Rajasthani Methi Mangodi Sabzi Recipe,0.5
13427,Chickpea Tikka Masala Recipe,0.5
13622,Huli Soppu Saaru Recipe - Karnataka Style Mixed Greens Sambar,0.5
14824,Paneer In Coconut Gravy Recipe,0.5
14823,Broccoli Pakora Masala Recipe - Broccoli In Spicy Yogurt Gravy,0.5
13824,Quick Cauliflower Fried Rice Recipe,0.5
14734,Sukhi Urad Dal Sabzi Recipe,0.5
14721,Dal Fry Recipe,0.5
13790,Chicken Meatballs In A Makhni Gravy Recipe,0.5
13791,Whole Green Onion Recipe - Hare Pyaaz Ki Puri Recipe,0.5
13792,Makki Paneer Pakora Recipe,0.5
14720,Aloo Gajar Matar Sabzi Recipe,0.5
13804,Kanda Kairichi Chutney Recipe - Onion & Raw Mango Chutney,0.5
14700,Karela Kadhi Recipe,0.5
14696,Methi And Palak Paratha Recipe,0.5
13815,Quick And Simple Egg Curry Recipe,0.5
13817,Savoury Kordoi Recipe (Assamese Star Fruit Shaped Snack Recipe),0.5
13830,Sukhi Urad Dal Sabzi Recipe,0.5
13770,Jackfruit Seed Korma Recipe,0.5
14685,Achari Aloo Sabzi Recipe - Potatoes In Spicy Pickle Masala,0.5
13831,Chicken Kappa Biryani Recipe,0.5
13833,Harive Soppina Saaru Recipe (Karnataka Style Amaranth Leaves Cooked with Lentils),0.5
14684,Banana Stem Poriyal Recipe With Curry Powder,0.5
14678,Dhania Chole Masala Recipe - Chickpeas In Fresh Coriander Gravy,0.5
13843,Goan Soya Mince Potato Chop Recipe,0.5
14671,Posto Pabda (Bengali Fish Curry In Poppy Seeds Paste),0.5
14668,Chettinad Takkali Sadam Recipe (Chettinad Style Tomato Rice),0.5
13846,Bitter gourd spice vegetable recipe,0.5
13853,Classic Indian Sliced Salad Recipe,0.5
13858,Cabbage Carrot Onion Pudina Thepla Recipe,0.5
14736,Gawar Phali Masala Sabzi Recipe - Cluster Beans Gravy Sabzi,0.5
14740,Paneer Kalimirch Recipe (Paneer in Black Pepper flavored Gravy),0.5
14818,Stuffed Bhindi Recipe With Peanuts,0.5
14785,Onion Raita Recipe - Pyaz Ka Raita Recipe,0.5
14817,Maharashtrian Style Dudhi Kajuchi Sonari Amti Recipe - Bottle Gourd And Cashew Nut Sabzi,0.5
14813,"Oats, Peas & Tofu Stuffed Paratha Recipe",0.5
14809,Dahi Wale Makhane Recipe - Lotus Seeds In Curd Gravy,0.5
13652,Peas Pulao Recipe - North Indian Matar Pulao,0.5
13656,Lobia Kebabs Recipe (Black Eyed Bean Patties),0.5
14807,Masala Methi Bhindi Sabzi Recipe,0.5
14800,Andhra Style Sarva Pindi/Gine Pindi Recipe (Rice Flour and Chana Dal Flatbread Recipe),0.5
13660,Rabodi Ki Sabzi (Recipe In Hindi),0.5
13675,Maharastrian Batatyachi Bhaji Recipe-Quick and Simple Aloo Sabzi,0.5
13687,Gutti Dondakaya Vepudu Recipe - Andhra Style Stuffed Ivy Gourds,0.5
14789,Mughlai Keema Paratha Recipe,0.5
14783,Bengali Style Chicken Rezala Recipe - Chicken Korma Recipe,0.5
14748,Broccoli Capsicum Pulao Recipe,0.5
14782,Konkani Style Dangar Recipe-Cabbage Fritters,0.5
14779,Dahi Baingan Recipe - Brinjal In Curd Based Gravy,0.5
14778,Egg And Ridge Gourd Burji - Peerkangai Muttai Poriyal Recipe,0.5
13698,Soya Spinach Curry Recipe - Soya And Spinach Curry Recipe,0.5
13708,Healthy Kala Chana Pakora Recipe - Black Chickpea Pakora,0.5
13722,Tomato Carrot Onion Soup Recipe - Healthy Tomato Carrot Onion Soup Recipe,0.5
13743,Cheesy Veg Paniyaram Recipe With Cheesy Tomato Chutney,0.5
14766,Aloo Amritsari Recipe,0.5
13756,Hara Bhara Kebab Recipe with Millets,0.5
14759,Sweet Potato And Bitter Gourd Kulambu Recipe,0.5
13766,Karela Kadhi Recipe,0.5
15516,Onion Thepla Recipe,0.5
15517,Spinach Thalipeeth Recipe,0.5
15518,Methi Jowar Ragi Thalipeeth Recipe - Healthy Diabetic Friendly Recipe,0.5
10479,Broccoli Egg Bhurji Recipe,0.5
16086,Jhinga Gawar Recipe -Shrimps & Cluster Beans Sabzi,0.5
10371,Spiced Ghee Rice Recipe | Neychoru,0.5
16085,Goat Curry In Yogurt Gravy Recipe,0.5
10379,Soya Keema Aloo Paratha Recipe,0.5
10388,Indori Poha Recipe,0.5
10394,Sprouted Moong And Onion Pakora - Sprouted Moong and Onion Pakoras Recipe,0.5
10400,Lentil Spinach Recipe - Red Amarnath With Tour Dal,0.5
16078,Dhingri Dolma Recipe -Awadhi Style Mushroom Paneer Masala,0.5
16077,Dahi Bhindi Recipe - Okra in Yogurt Curry with Caramelized Onions,0.5
16076,Shahjahani Khichdi Recipe - Spiced Green Moong Dal Khichdi,0.5
10407,Stuffed Bharwa Tinda Recipe (Stuffed Apple Gourd),0.5
10412,Congress Buns Recipe,0.5
16069,Kashmiri Style Chicken Pulao Recipe,0.5
16060,Rajasthani Style Mutton Banjara Recipe,0.5
16059,Goan Style Tonak Alsanyache Recipe (Black eyed beans cooked in Tonak Masala Recipe),0.5
10419,Beerakaya Tomato Koora Recipe (Andhra Style Ridge Gourd Curry),0.5
10421,Tamarind Chilli Potato Recipe,0.5
10431,Spicy Soya Keema Masala Recipe,0.5
10438,Bengali Style Mixed Vegetable Sweet Pilaf Recipe,0.5
16052,Karnataka Style Kadle Kaalu Saru Recipe (Black Chickpea Curry Recipe),0.5
10444,Karnataka Style Obbattu Saaru Recipe - Sweet & Spicy Rasam Recipe,0.5
10456,Methi Chaman Recipe -Paneer In Dark Leafy Greens Based Gravy,0.5
10467,Maharashtrian Misal Pav Recipe,0.5
10468,Mughlai Fish Curry Recipe,0.5
10474,"Broccoli, Carrot And Capsicum Sabzi Recipe",0.5
16087,Goan Raw Banana Sabzi Recipe,0.5
10360,Bhopali Style Gosht Ka Pulao Recipe,0.5
10359,Punjabi Style Egg Curry Recipe,0.5
16103,Paneer Kulcha Recipe-Cottage Cheese Stuffed Leavened Flatbread,0.5
10198,Bengali Chirer Pulao Recipe - Bengali Style Vegetable Poha,0.5
16126,Bengali Style Raw Jackfruit Curry Recipe - Enchor’er Dalana,0.5
16123,Dry Palak Dal Sabzi Recipe,0.5
16119,Spiced Cabbage Rice Recipe,0.5
10213,Baked & Crisp Whole Wheat Methi Puri Recipe (Healthy Snack),0.5
10216,Spicy Egg Biryani Recipe with Figaro Olive Oil,0.5
10222,Quick & Spicy Mutton Curry Recipe,0.5
10234,Chicken Galouti Kebab Recipe,0.5
16111,Bengali Aloo Jhinge Posto Curry Recipe (Potato and Ridge Gourd Curry),0.5
10255,Khaman Dhokla Poha Recipe,0.5
10264,Doi Ilish Recipe - Bengali Style Hilsa In Yogurt Gravy Recipe,0.5
16102,Aavryachi Bhaji-Avarakkai Poriyal Recipe-Broad Beans Stir Fry,0.5
10342,Awadhi Style Sultani Dal Recipe,0.5
16101,Masala Akki Roti With Spinach Recipe - sarvapindi,0.5
10294,Paneer Methi Paratha Recipe,0.5
16094,Besan Burji Recipe-Chickpea Flour Scramble Recipe,0.5
16091,Parshe Macher Jhal Recipe - Mullet In Mustard Sauce,0.5
10308,Kerala Style Eggplant Curry Recipe,0.5
10310,Strawberry Raita (Recipe In Hindi),0.5
10321,Rajasthani Kalmi Vada Recipe - Chana Dal Vada,0.5
10328,Achari Baingan Bharta (Recipe In Hindi),0.5
10331,Whole Wheat Spinach Paneer Lifafa Paratha Recipe,0.5
10339,Gavar Pumpkin Sabji Recipe,0.5
16088,Healthy Lauki Kofta Curry Recipe | Non Fried Bottle Gourd Kofta Curry | Dhoodi Kofta,0.5
16047,Stuffed Bharwa Tinda Recipe (Stuffed Apple Gourd),0.5
10480,Masala Akki Roti With Spinach Recipe - sarvapindi,0.5
15519,Quick Paneer Masala Recipe - 15 Minute Paneer Gravy,0.5
16045,Punjabi Black Chickpea Curry Recipe - Kale Chane Ki Sabzi,0.5
10598,Paneer Butter Masala Biryani Recipe - Layered Paneer Butter Masala Biryani Recipe,0.5
15997,Milagu Sadam Recipe (Instant Pepper Rice),0.5
10629,Dhania Chole Masala Recipe - Chickpeas In Fresh Coriander Gravy,0.5
15992,Kothamalli Rava Upma Recipe - Coriander Semolina Pudding,0.5
10630,Capsicum Masala Poriyal (Recipe in Hindi),0.5
10631,Dhugare Baingan Recipe - Dhungare Baingan Recipe,0.5
10634,Ragi Masala Roti Recipe,0.5
10635,Dry Sweet Potato Thoran Recipe,0.5
10638,Paneer Matar Butter Masala (Indian Cottage Cheese and Peas Masala With Butter) Recipe,0.5
10649,Mushroom Paratha Recipe,0.5
10652,Cheese Stuffed Aloo Bonda Recipe,0.5
15969,Pudina Shavige Recipe - Pudina Semiya Upma Recipe,0.5
10657,Pudina Mushroom And Soya Biryani Recipe,0.5
10658,White Vegetable Kurma Recipe With Coconut & Cashew,0.5
10664,Dry Suran Masala Vegetable Recipe,0.5
10665,One Pot Pressure Cooker Chicken Curry Recipe - One Pot Pressure Cooker Chicken Curry Recipe,0.5
10666,Lauki Ka Salan Recipe - Bottle Gourd Salan Recipe,0.5
15962,Tisrayanche Suke Recipe (Goan Clams Dry),0.5
10676,Sookhi Moong Palak Dal Recipe (Whole Green Moong Gram with Spinach),0.5
10679,Party Sev Puri Recipe Filled With Potato & Pomegranate Mint Mayo,0.5
15944,Goan Style Sangacho Ross Recipe-Drumstick Curry,0.5
10684,Tofu and Chickpea Patty Recipe (Cutlets),0.5
10685,Paneer In Coconut Gravy Recipe,0.5
10688,Vendakka Stew Recipe (Kerala Style Okra Stew),0.5
10689,Chow Chow Sambar Recipe - Chow-Chow Sambar,0.5
10597,Spicy Lemon Chicken Kebab Recipe,0.5
10595,Murgh Malaiwala Recipe - Chicken In Rich Creamy Gravy,0.5
10587,Baingan Sarson Ka Saag Recipe - Brinjal Mustard Saag Recipe,0.5
16021,Lemon Oats Recipe,0.5
16044,Lal Mathachi Bhaji Recipe - Amaranth Leaves Moong Sprouts Sabzi,0.5
16043,Jackfruit Seed Korma Recipe,0.5
10485,Kashmiri Methi T Golemach Recipe-Minced Chicken Balls With Fenugreek Leaves,0.5
16027,Batata nu Shaak Recipe - Aloo Tamatar Ki Sabzi,0.5
10501,Spicy Mushroom Puffs Recipe (Empanadas stuffed with Mushroom Recipe),0.5
16026,Dill Leaves Toor Dal Recipe - Shepu/ Suva Dal recipe,0.5
10505,Achari Pumpkin Vegetable Recipe,0.5
10508,Pudina Quinoa Recipe,0.5
10509,Andhra Style Mirapakaya Bajji Recipe - Stuffed Chilli Recipe,0.5
10517,Aloo Matar Masala Khichdi Recipe,0.5
10518,Rock Toast Recipe - Semolina Bread Toast,0.5
10524,Baingan Sarson Ka Saag Recipe,0.5
10585,Tomato Chicken Roast Recipe Flavoured With Kasuri Methi,0.5
10526,Chettinad Thakkali Sadam Recipe (Chettinad Style Tomato Rice),0.5
10533,Khara Obbattu Recipe (Bread Stuffed With Spicy Potato Mixture Recipe),0.5
16016,Nellor Kathirikai - Nellor Brinjal Fry Recipe,0.5
16012,Gajar Methi Poriyal Recipe - Carrot Fenugreek Stir Fry,0.5
10537,Spicy Curd Recipe - Spicy Curd With Onions,0.5
16011,Sprouted Moong Dal Recipe - Spicy Sprouted Lentil Curry,0.5
10540,Masala Couscous Pulao Recipe,0.5
10545,Dahi Wale Aloo Recipe (Indian Yogurt-based Potato Curry),0.5
16005,Saragva Nu Shaak Recipe-Drumstick Masala Sabzi,0.5
10563,Stuffed Onion Vegetable Recipe - Bharwa Pyaz Ki Sabzi Recipe,0.5
10571,Malabar Kaai Curry Recipe With Nenthra Pazham,0.5
10195,Masala Jowar Bhakri Recipe,0.5
16134,Beetroot Greens Rice Recipe,0.5
16135,Doi Ilish Recipe - Bengali Style Hilsa In Yogurt Gravy Recipe,0.5
16136,Stuffed Kathal Recipe,0.5
16272,Karnataka Style Avarekalu Chitranna Recipe (Field Beans Tossed With Lemon Rice),0.5
16263,Dhaba Style Dal Fry Recipe | Mixed Dal Tadka,0.5
9826,Rajma Wrap Recipe With Carrot Cucumber Sandwich Spread,0.5
16243,Karlyachi Ambat Goad Bhaji Recipe - Maharashtrian Sweet & Sour Karela Sabzi,0.5
16239,Chow Chow Sambar Recipe (Chayote Squash Sambar),0.5
16235,Shahi Dal Recipe,0.5
9850,Cheesy Potato Peas Potli Recipe,0.5
9852,Pudina Rice Recipe,0.5
9855,Capsicum Masala Poriyal Recipe (South Indian Style Bell Pepper Stir Fry),0.5
16229,Tadkewali Masoor Dal Recipe - High Protein Masoor Dal Recipe,0.5
9859,Dum Ke Baingan Recipe,0.5
9870,Lahsuni Paneer Recipe - Paneer Flavoured With Garlic,0.5
16225,Goan style Caril De Camarao Recipe (Prawn Curry Recipe),0.5
16223,Goan Lady Fish Curry Recipe - Muddoshi Hooman,0.5
16222,Chettinad Chicken Roast Recipe | Chicken Ghee Roast Recipe,0.5
16221,Andhra Pepper Chicken Recipe - Dry Restaurant Style Pepper Chicken,0.5
9881,Assamese Fish Fried Rice Recipe,0.5
16219,Bhopli Mirchi Chi Peeth Perun Bhaji Recipe,0.5
9887,Andhra Style Makka Garelu Recipe (Corn Vada Recipe),0.5
9894,Tisrayanche Suke Recipe (Goan Clams Dry),0.5
9908,Spicy Rice Stuffed Paratha Recipe,0.5
9911,Stuffed Yellow Moong Dal And Onion Paratha Recipe,0.5
9934,Broccoli Capsicum Pulao Recipe,0.5
9942,Foxtail Millet Nucchina Unde Recipe (Foxtail Millet and Lentil Dumplings),0.5
16207,Andhra Style Patoli Recipe (Dal Usli/ Crumbled Dal Recipe),0.5
9806,Mutton Khurdi Recipe - Bohra Style White Mutton Stock Soup,0.5
9805,Neymeen Vatti Pattichathu Recipe - Seer Fish In Spicy Masala,0.5
16283,Gavar Pumpkin Sabji Recipe,0.5
16296,Chilli Cheese Paratha Recipe,0.5
9633,Goan Sorak Curry Recipe,0.5
16347,Poshto Phoolkopi Recipe (Cauliflower & Potato In Poppy Seeds Gravy),0.5
9641,Beetroot Poriyal (Recipe In Hindi),0.5
9651,Porridge Bread Recipe,0.5
16340,Prawns Coconut Curry Recipe,0.5
16338,Vegan Baingan Makhani Recipe (Eggplant In Rich Coconut Gravy),0.5
9669,Chilli Cheese Paratha Recipe,0.5
9675,Lemon Oats Recipe,0.5
16301,Tamil Nadu Style Poo Kosu Poriyal - Pepper Garlic Cauliflower Poriyal Recipe,0.5
16299,Mini Bajra Uttapam Recipe,0.5
16297,Paneer Butter Masala Recipe,0.5
9697,Carrot And Capsicum Rice Recipe,0.5
9756,Kale Chane Ki Kadhi Recipe - Black Chickpea Kadhi,0.5
9709,Kothavarangai Poriyal Recipe - South Indian Style Cluster Beans Sabzi,0.5
16294,Karnataka Style Avarekalu Akki Rotti Recipe,0.5
9711,Goan Molyacho Ross Recipe - Goan Moolyacho Ross,0.5
9713,Paneer Frankie Recipe - Delicious Kid Friendly Snack,0.5
9714,Beetroot Paneer Curry Recipe In Coconut Milk - Beet Paneer Curry Recipe,0.5
9715,Rajasthani Gatte Ka Pulao Recipe,0.5
9722,Carrot Matar Paratha Recipe,0.5
16286,Spicy Egg Biryani Recipe with Figaro Olive Oil,0.5
9727,Masala Akki Roti Recipe - Spicy Rice Flour Flatbread,0.5
9736,Tamatar Wali Arbi Sabzi Recipe,0.5
9738,Achari Aloo Sabzi Recipe - Potatoes In Spicy Pickle Masala,0.5
9945,Schezwan Style Chinese Veg Samosa Recipe - Roz Ka Khana with Figaro Olive Oil,0.5
9946,Corn Okra Recipe,0.5
9949,Dry Moong Palak Dal Recipe - Sookhi Moong Palak Dal (Recipe),0.5
10088,Crispy Corn And Bell Peppers Chaat Recipe,0.5
16166,Classic Andhra Style Chicken Curry Recipe,0.5
10044,"Oats, Peas & Tofu Stuffed Paratha Recipe",0.5
10059,Andhra Style Green Chilli Chicken Recipe,0.5
10061,Ilish Pulao Recipe - Bengali Style Hilsa Fish Pilaf,0.5
10064,Tamil Nadu Style Paneer Kurma Recipe,0.5
10070,Chickpea Soup Recipe,0.5
10073,Chicken Xacuti Recipe - Goan Chicken Gravy,0.5
10074,Punjabi Mixed Vegetable Kadai Recipe,0.5
10078,Matkiche Vade Recipe - Moth Beans Fritters,0.5
10082,Dal Vada with Oats and Vegetable Recipe,0.5
10083,Maharastrian Varan Phal Recipe,0.5
16163,Mutton Keema Recipe,0.5
10041,Moong Bhajji Recipe-Moong Fritters,0.5
10098,Goan Vegetable Curry Recipe,0.5
10126,Kacche Aam Ki Launji Recipe,0.5
10137,Bengali Aloo Jhinge Posto Curry Recipe (Potato and Ridge Gourd Curry),0.5
16155,Matar Aur Chilke Ka Sabzi (Peas & Peel Stir Fry Recipe),0.5
10157,Aloo Simla Mirch Ki Sabzi (Recipe In Hindi),0.5
10160,Kheel Paniyaram Recipe (Puffed Rice Paniyaram),0.5
16154,Vankaya Pakodi Koora Recipe - Andhra Style Brinjal Pakora Curry,0.5
16149,Mixed Vegetable Handi Recipe,0.5
10165,Oats and Vegetable Kebab Recipe,0.5
10172,Madras Lamb Curry Recipe,0.5
10175,Achari Masala Powder Recipe,0.5
10042,Khichdi Roti रेसिपी - खिचड़ी रोटी (Recipe In Hindi),0.5
10035,Broken Wheat and Mixed Millet Upma Recipe,0.5
9956,Paneer Kulcha Recipe-Cottage Cheese Stuffed Leavened Flatbread,0.5
16190,Soya Chunks Masala in Coconut Milk Recipe,0.5
16203,Kerala Style Mutton Pepper Fry Recipe,0.5
9968,Karnataka Style Badanekai Yennegai Gojju Recipe (Stuffed Brinjal Recipe),0.5
16201,Masala Couscous Pulao Recipe,0.5
9973,Hariyali Tawa Fish Fry Recipe,0.5
16195,Chicken Chops Recipe,0.5
9976,Baby Corn and Capsicum Masala Recipe - Baby Corn Capsicum Masala (Recipe in Hindi),0.5
9980,Arbi Ajwain Ki Sabzi Recipe (Roasted Colocasia Stir Fry With Ajwain),0.5
9981,Barnyard Millet Mushroom Biryani Recipe,0.5
9998,Veg Chilli Milli Recipe,0.5
10001,Malai Chickpea Kebab Recipe,0.5
10002,Aloo Poha Recipe - Potato Poha,0.5
10012,Bakery Style Baked Nippattu Recipe,0.5
16171,Foxtail and Jowar Millet Paniyaram Recipe,0.5
16188,Kolambi Bhaath Recipe (Maharashtrian Prawn Rice),0.5
10014,Pakki Mutton Biryani Recipe,0.5
16187,Methi Turai Ki Sabzi (Fenugreek Leaves And Ridge Gourd Stir Fry),0.5
16185,Dum Pukht Gosht Recipe - Slow Cooked Mutton Curry,0.5
16178,Goan Style French Beans Foogath Recipe,0.5
10019,Carrot and Beans Thoran (Recipe In Hindi),0.5
10020,Masoor Dal and Rajma Masala Recipe,0.5
10024,Mutton KM Samos Recipe-Meat Singara,0.5
16175,Ullikadala Pulusu Recipe | Spring Onion Curry,0.5
10029,Tandoori Paneer Samosa Recipe - With Baked Option,0.5
10030,Goan Pumpkin Sabzi Recipe,0.5
10690,Kashmiri Style Chicken Pulao Recipe,0.5
15931,Kaddu Simla Mirch Sabzi Recipe - Pumpkin Capsicum Sabzi,0.5
15928,Chutney Podi Sadam Recipe - Rice Flavoured With Chutney Podi,0.5
11611,Chettinad Vengaya Kosu Recipe (Spicy Curry from Chettinad Cuisine),0.5
11717,Vegan Baingan Makhani Recipe (Eggplant In Rich Coconut Gravy),0.5
11723,Rava Vada Recipe,0.5
15692,Karwar Style Karatya Kismore Recipe - Sweet Tangy Bitter Gourd Sabzi,0.5
11724,Mushroom Caldine Recipe | Vegetarian Goan Mushroom Curry,0.5
11726,Awadhi Style Karela Ka Dulma Recipe - Stuffed Bitter Gourd In Yogurt Gravy,0.5
11745,Palak Onion Kadhi Pakora Recipe,0.5
15676,Vegetable Rava Upma Recipe - Sooji Upma Recipe,0.5
15674,Raw Papaya Red Bell Peppers Stuffed Paratha,0.5
11753,Moong Dal Dubka Recipe,0.5
15673,Rajma and Horse Gram Stuffed Paratha Recipe,0.5
11794,Stuffed Jackfruit Curry Recipe (Stuffed Jackfruit Curry),0.5
15669,Konkani Style Kotte Saaru/Halasina Bijada Saru Recipe-Jackfruit Seed Rasam,0.5
11799,Gluten Free Samosa Recipe,0.5
11802,Cheesy & Spicy Pull Apart Bread Recipe With Indian Spices,0.5
11805,Andhra Style Pesarattu Upma Recipe,0.5
15665,Buckwheat Vegetable Khichdi Recipe,0.5
11814,Foxtail Millet Vermicelli Upma Recipe,0.5
11821,Methi Kumro Recipe - Bengali Style Fenugreek Leaves and Pumpkin Stir Fry,0.5
11840,Goan Raw Banana Sabzi Recipe,0.5
11845,Mash Ki Dal Khasgai Recipe (Dhaba Steel Urad Dal),0.5
11857,Paneer Carrot Stuffed Paratha Recipe,0.5
15660,Tandoori Chicken Curry Recipe,0.5
15659,Andhra Style Tomato Cauliflower Koora Recipe,0.5
15657,Roasted Eggplant And Chickpea Curry Flavored With Curry Leaves And Mustard Seeds,0.5
11874,Paneer Shashlik Recipe,0.5
11704,Calcutta Style Ghugni Recipe-Tangy Yellow Peas Curry,0.5
11693,Bengali Style Hilsa Fish In Poppy Seeds & Yogurt Curry Recipe,0.5
11690,Kadhai Tofu Sabji Recipe,0.5
11637,Knol Khol Gravy Recipe - Kohlrabi In A Yogurt Based Gravy,0.5
11618,Assamese Fish Fried Rice (Recipe In Hindi),0.5
15725,Bangalore Restaurant Style Sambar Recipe - For Idlis,0.5
15723,Authentic Punjabi Mango Pickle (With Mustard Oil) - No Sun Required Aam Ka Achar,0.5
11620,Odisha Style Aloo Husband Recipe -Aloo Mash Sabeeji,0.5
11626,Drumstick Leaves Sabzi With Crushed Peanuts Recipe,0.5
11629,Bhindi Masala Gravy Recipe - Ladies Finger In Tomato Onion Gravy,0.5
11630,Soya Chunks Masala in Coconut Milk Recipe,0.5
11631,Goan Style French Beans Foogath Recipe,0.5
11632,Medu Vada With Onion (Savoury Donuts) Recipe,0.5
11635,Coriander Semiya Recipe - Vermicelli Pulao,0.5
15718,Prawn Fritters Recipe (Shrimp Vadai),0.5
11646,Onion Thepla Recipe,0.5
15695,Doli Ki Roti Recipe | Classic Sourdough Bread Recipe from Multan,0.5
11649,Nellor Kathirikai - Nellor Brinjal Fry Recipe,0.5
11653,Chicken Kathi Roll Recipe,0.5
11661,Kadai Broccoli Masala Recipe - Broccoli Cooked With Indian Spices,0.5
15708,Kerala Style Kappa Ishtoo Recipe -Tapioca Stew Recipe,0.5
15705,Spicy Soya Keema Masala Recipe,0.5
15701,Cauliflower And Soya Chunks Sabzi Recipe,0.5
11668,Hyderabadi Chicken Shikampuri Kebab Recipe,0.5
15697,Sautéed Aubergine With Tamarind Recipe,0.5
11676,Baked Fish In Coconut Milk Recipe,0.5
11677,Andhra Style Chicken Fry Recipe,0.5
11682,Instant Baked Aloo Tikki Recipe,0.5
11875,Parshe Macher Jhal Recipe - Mullet In Mustard Sauce,0.5
11876,Arbi Gosht Masala Recipe - Mutton Arbi Curry In Electric Pressure Cooker,0.5
15655,Goan Style Mushroom Vindaloo Recipe,0.5
15538,Kaigari Pirattal Recipe (Chettinad Style Mixed Vegetables),0.5
12008,Bardoli Ki Khichdi Recipe,0.5
15567,Kelyachi Bhaji Recipe (Raw Banana Stir Fry),0.5
15563,Tamil Nadu Style Potato Masiyal Recipe (South Indian Style Aloo Masala),0.5
15554,Fish Molee Recipe - Kerala Style Fish Curry,0.5
15546,Vegetable Yakhni Pulao Recipe,0.5
12013,Mooli Makki Roti Recipe,0.5
15545,Rajma Saagwala (Dry Kidney Beans And Spinach Stir Fry) Recipe,0.5
15544,Dum Ke Baingan Recipe,0.5
12022,Cauliflower Rice and Lentil Curry Recipe,0.5
15540,Green Peas Nimona Recipe,0.5
15539,Whole Wheat Palak Naan Recipe,0.5
12042,Cheesy Pav Bhaji Recipe,0.5
15584,Sarson Ka Saag Recipe - Classic North Indian Saag Recipe,0.5
15537,Dosakaya Pappu Recipe-Andhra Style Yellow Cucumber Dal,0.5
12045,Elo Jhelo Nimki Recipe,0.5
15533,Methi Kumro Recipe - Bengali Style Fenugreek Leaves and Pumpkin Stir Fry,0.5
12048,Muga Ambat Recipe,0.5
12067,Prawn Ghee Pepper Masala Recipe With Garlic,0.5
12069,Fenugreek Spiced Sardine Fish Curry Recipe,0.5
12081,Mamsaam Chops Recipe (Lamb Chops in Black Pepper Gravy),0.5
12082,Karnataka Style Kadle Kaalu Saru Recipe (Black Chickpea Curry Recipe),0.5
12097,Puffed Lotus Seed Pakoras Recipe - Makhana Pakora,0.5
12099,Delhi Style Matar Chaat Recipe - Spicy & Tangy Green Peas Chaat,0.5
15530,Kadhai Tofu Sabji Recipe,0.5
15582,Broccoli Paratha Recipe,0.5
11993,Potato Puff Pastry Recipe,0.5
15654,Bhindi And Paneer Masala Recipe,0.5
11936,Raw Banana and Banana Stem Stuffed Paratha Recipe,0.5
11878,Vermicelli Biryani (Recipe in Hindi),0.5
11882,Baked Vegetable Seekh Kebab Recipe,0.5
11891,Pan Fried Avocado Kofta (Recipe In Hindi),0.5
15642,Goan Chana Ros Recipe (White Peas Curry),0.5
11905,Curd Rice Style Overnight Oats Recipe,0.5
15640,Minced Meat And Egg Croquettes Recipe,0.5
15637,Spicy Cabbage Rice Recipe (South Indian Style Mutta Kose Sadham Recipe),0.5
15633,Mini Onion Vada With Vengaya Sambar Recipe - Pan Fried Fritters in Tangy Lentil Curry,0.5
11912,Mughlai Aloo Great Recipe - Mughlai Aloo Sabzi Recipe,0.5
11919,Chicken Tikki Recipe - Chicken Cutlet,0.5
11935,Karnataka Steel Awarekai Upma Recipe,0.5
11944,Healthy Tomato Carrot Onion Soup Recipe,0.5
15588,Goan Style Patol Bhaji Recipe- Green peas Curry Recipe,0.5
15624,Hyderabadi Bagara Baingan Recipe - Brinjal In Spicy Peanut Curry,0.5
11955,Chicken Pakora Recipe - Chicken Fritters,0.5
15613,Paya Curry Recipe | Lamb Trotters,0.5
11963,Tawa Idli Recipe,0.5
15599,Dal Bukhara Recipe (Punjabi Style Black Urad Dal),0.5
15595,Gawar Ki Sabzi Recipe - Cluster Beans Curry,0.5
11972,Bhatt Ki Dal Recipe - Traditional Kumaoni Black Bean Dal,0.5
11973,Matar Pudina Oat & Broken Wheat Tikki Recipe,0.5
11985,Pyaz Kachori Chaat Recipe,0.5
15592,Karwar NKGSB style Vataane Ananasaa Shaak Recipe- Pineapple & Whites Peas Sabzi,0.5
15589,Gajar Methi Sabzi Recipe (Carrot Fenugreek Leaves Stir Fry),0.5
11617,Green Pea Pakoras Recipe - Green Pea Freighters,0.5
11606,Spinach Thalipeeth Recipe,0.5
10723,Tandoori Aloo Gobi Kathi Roll Recipe - Spicy Aloo Gobi Frankie,0.5
11603,Peas and Peel Vegetables (Peas & Peel Stir Fry Recipe),0.5
15870,Thengai Paal Sadam Recipe - Coconut Milk Pulao,0.5
11059,Chettinad Style Chicken Roast Recipe,0.5
15858,Mutton Kola Urundai Recipe - Chettinad Mutton Keema Balls,0.5
11145,Boti Masala Chaat Recipe - Fryums Chaat Recipe,0.5
11148,Andhra Style Uppu Pindi Recipe (Rice Rava and Moong Dal Pudding Recipe),0.5
11150,Postal Millet Salt Pudding Recipe,0.5
11176,Mughlai Keema Paratha Recipe,0.5
11179,Grilled Chicken With Vegetables Recipe,0.5
15854,Jowar Atta Pyaz Thepla Recipe – Sorghum Wheat Onion Thepla,0.5
11188,Sprouted Moong Dal Recipe - Spicy Sprouted Lentil Curry,0.5
11191,Pavakka Pachadi Recipe - Bitter Gourd Pachadi,0.5
11193,Chutney Podi Sadam Recipe - Rice Flavoured With Chutney Podi,0.5
11200,Vegetable Dal Pakor Recipe - Dal Bhajiya,0.5
15851,Gujarati Sev Khamani Recipe - Amiri Khaman | Crumbled Khaman Dhokla,0.5
11203,Mirchi Pakodi Recipe,0.5
15849,Bharwa Lauki Recipe - Stuffed Bottle Gourd,0.5
15835,Karnataka Style Badanekai Yennegai Gojju Recipe (Stuffed Brinjal Recipe),0.5
15832,Peas Pulao Recipe - North Indian Matar Pulao,0.5
15831,Spicy Rice Stuffed Paratha Recipe,0.5
11254,Kachi Tikya Recipe - Chicken In Tomato Gravy With Potatoes,0.5
11265,Carrot Peanut Chutney Recipe,0.5
11267,Attukal Soup Recipe | Paya Soup,0.5
11274,Saragva Nu Shaak Recipe-Drumstick Masala Sabzi,0.5
11276,Jhinga Gavar Recipe - Shrimps & Cluster Beans Vegetable,0.5
11290,Heart Shaped Tea Sandwiches Recipe,0.5
15874,Hariyali Tawa Fish Fry Recipe,0.5
15882,Chettinad Paruppu Urundai Kuzhambu (Steamed Lentil Balls Cooked in a Tangy Curry) Recipe,0.5
11035,Paneer Tikka Saddle Roll Recipe,0.5
10801,Andhra Style Stuffed Boils Recipe (Crispy Tapioke Snack),0.5
15921,Ilish Macher Korma Recipe - Hilsa Fish Curry In Rich Gravy,0.5
15920,Bhindi Masala Recipe - Bhindi Tamatar Ki Sabzi,0.5
15909,Ilish Pulao Recipe - Bengali Style Hilsa Fish Pilaf,0.5
10774,Case Podimas Recipe (South Indian Style Blindine Mash),0.5
10776,Rajasthani Ghasela recipe - Besan Ka Pitta (Recipe in Hindi),0.5
10779,Dahi Bhindi Recipe - Okra in Yogurt Curry with Caramelized Onions,0.5
10789,One Pot Methi Mushroom Brown Rice Pulao Recipe,0.5
10794,Rajasthani Gatte Ki Sabzi Recipe With Onion & Garlic,0.5
15901,Gobi and Soya Keema Recipe,0.5
10798,Kaigari Pirattal Recipe (Chettinad Style Mixed Vegetables),0.5
10799,Veg Mughlai Paratha Recipe,0.5
10802,Andhra Style Palakura Vepudu Recipe - Spinach Stir Fry Recipe,0.5
15883,Missi Roti Recipe (Spiced Gram Flour Flat Bread),0.5
10820,Sprouted Moong And Onion Fritters Recipe,0.5
10822,Gawar Phali Masala Sabzi Recipe - Cluster Beans Gravy Sabzi,0.5
15897,Sookha Aloo Matar Methi Sabzi Recipe,0.5
15892,Arbi Ka Saag Recipe,0.5
15888,Bengali Style Kaddu Lobia ki Sabzi with Panch Phoran Masala,0.5
10998,Hariyali Egg Curry Recipe In Coriander and Mint Gravy,0.5
11002,Garlic Amla Chutney Recipe - Lehsun Amla Chutney Recipe,0.5
11016,Ragi Semiya Upma Recipe - Ragi Millet Vermicelli Breakfast,0.5
11022,Masala Karela Recipe,0.5
11027,Dalia Pakora Recipe - Dalia Pakora Recipe,0.5
15887,Cabbage & Dal Stuffed Paratha Recipe,0.5
11292,Mixed Millet Khichdi Recipe,0.5
11301,Strawberry Raita Recipe,0.5
11307,Mutton Shami Kebab Recipe,0.5
11529,Chatpati Sattu Ki Kachori Recipe - Kachori Stuffed with Sattu and Pickle,0.5
15768,Murgh Palak Recipe - Chicken In Spinach Gravy,0.5
11472,Duration Special Nihari Recipe,0.5
15764,High Protein Broccoli and Dill Stuffed Paratha Recipe,0.5
11481,Carrot and Capsicum Rice Recipe - Carrot and Capsicum Rice,0.5
15759,Saagwala Chicken Recipe - Palak Chicken Curry,0.5
11495,Makhane vegetable recipe,0.5
15751,Mint Flavoured Mixed Vegetable Pulao Recipe,0.5
11497,Achari Gobi Shimla Mirch Ki Sabzi Recipe - Capsicum And Cauliflower Sabzi,0.5
15748,Spring Onion Dosa Recipe,0.5
11523,Gavarfali Ki Sukhi Sabzi (Recipe In Hindi),0.5
11525,Dum Pukht Gosht Recipe - Slow Cooked Mutton Curry,0.5
11530,Shepuchi Bhaji Recipe (Stir Fried Maharashtrian Suva/Dill Greens),0.5
15770,Chicken Xacuti Recipe - Goan Chicken Gravy,0.5
15746,Aratikaya Tomato Koora Recipe - Andhra Style Plantains With Tomato,0.5
15745,Chettinad Vengaya Kosu Recipe (Spicy Curry from Chettinad Cuisine),0.5
11534,Kerala Style Chicken Chatti Pathiri Recipe,0.5
11535,Black Eyed Peas Masala Vadas Recipe,0.5
15744,Traditional Whole Gobi Musallam Recipe,0.5
11544,Kerala Chicken Curry Recipe With Freshly Ground Spices,0.5
11549,Garlic Tikki Recipe,0.5
11550,Left Over Vadai Upma Recipe,0.5
11555,Homemade Vada Pav Recipe With Spinach Corn Tikki,0.5
15738,Lahsuni Paneer Recipe - Paneer Flavoured With Garlic,0.5
15728,Mushroom Caldine Recipe | Vegetarian Goan Mushroom Curry,0.5
11463,Oats and Vegetable Kebab Recipe - Oats and Vegetable Kebab Recipe,0.5
15775,Veg Chilli Milli Recipe,0.5
11315,Arbi Ka Saag Recipe,0.5
11409,Garlic Red Chicken Gravy Recipe,0.5
11324,Avarekalu Usli (Broad Bean In Gravy) Recipe,0.5
11325,Millet and Jowar Paniyaram Recipe,0.5
15818,Vazhaipoo Bajra Adai Recipe - Banana Flower & Pearl Millet Dosa,0.5
11346,Rajasthani Ghasela Recipe (Besan Ka Pitta),0.5
15817,Lebu Lonka Murgi Recipe - Chicken With Gondhoraj Lebu & Green Chillies,0.5
11365,Tomato Onion Vegetable Recipe - Tomato Onion Vegetable,0.5
11372,Matki Chi Rassa Bhaji Recipe (Maharashtrian Style Moth Beans Cooked with Goda Masala),0.5
11375,Karela Aur Baingan Ki Sabzi Recipe - Bitter Gourd Brinjal Sabzi,0.5
15815,Broken Wheat And Green Moong Khichdi Recipe,0.5
11383,Egg Scramble With Drumstick Leaves Recipe,0.5
15814,Matar Paneer Recipe - Paneer in Peas Gravy,0.5
11410,Vepampoo Kara Colomb Recipe - Vepampoo Kara Kuzhambu Recipe,0.5
15780,Veg Mughlai Paratha Recipe,0.5
15808,Peshwari Naan Recipe - Naan Stuffed With Sweet Dry Fruits,0.5
15806,Badanekaayi Gojju (Brinjal Curry) Recipe,0.5
15805,Capsicum In Coconut And Peanut Gravy Recipe,0.5
11438,Goan Chana Ros recipe - Goan Chana Ros,0.5
15798,Mixed Sprouts In Chettinad Masala Recipe,0.5
15797,Goan Sorak Curry Recipe,0.5
15796,Aloo Raswala Sabzi Recipe,0.5
11454,Sesame Bread Patties Recipe (Bread Cutlets),0.5
15791,Cabbage And Carrot Thoran Recipe,0.5
11456,Lauki Bharta (Recipe In Hindi),0.5
15790,Goan Moolyacho Ross Recipe (Goan Radish Curry),0.5
13391,"Kachumber Salad Recipe With Cucumber, Onion & Tomatoes",0.5
10018,Fruit-Chia Rice paper rolls in a Mango Tahini Dipping sauce Recipe,0.5
5667,One Pot Methi Mushroom Brown Rice Pulao Recipe,0.5
3696,Mixed Vegetable Samosa Recipe,0.5
3699,Gawarfli Dry Vegetable Recipe,0.5
4046,Broccoli Paratha Recipe,0.5
460,Murgh Aur Masoor Dal Recipe-Bombay Style Chicken with Dal,0.5
2235,Andhra Style Patoli Recipe (Dal Usli/ Crumbled Dal Recipe),0.5
3703,Beans Mezhukkupuratti Recipe - Kerala Style Stir Fried Beans,0.5
4609,Dalia Pakora Recipe - Broken Wheat Pakora,0.5
462,High Protein Broccoli and Dill Stuffed Paratha Recipe,0.5
2238,Bhopli Mirchi Chi Peeth Perun Bhaji Recipe,0.5
2240,Goan Lady Fish Curry Recipe - Muddoshi Hooman,0.5
2242,Goan style Caril De Camarao Recipe (Prawn Curry Recipe),0.5
2519,Broccoli and Pepper Rice Recipe - Broccoli & Pepper Rice (Recipe In Hindi),0.5
3705,Chettinad Style Potato Kara Kuzhambu Recipe,0.5
480,Gajar Methi Sabzi Recipe (Carrot Fenugreek Leaves Stir Fry),0.5
956,Saunf Wale Aloo Baingan Recipe - Fennel Spiced Potato And Eggplant,0.5
3092,Masala Poha Recipe - Masala Poha Recipe,0.5
2838,Green Peas Nimona Recipe,0.5
4601,Butter Chicken With Tandoori Mayo Recipe,0.5
5683,Matki Khichdi Recipe - Palak Pudina Moth Bean Khichdi Recipe,0.5
494,Murg Badami Recipe - Chicken In Almond Gravy,0.5
1368,Aloo Paratha Recipe - Healthy North Indian Breakfast,0.5
5678,Healthy Kala Chana Pakora Recipe - Black Chickpea Pakora,0.5
1192,Pudalangai Poriyal Recipe - Snake Gourd Poriyal Recipe,0.5
2227,Gujarati Dabeli Recipe - Pav Buns With Spicy Mashed Potatoes,0.5
1369,Tisrayanche Suke Recipe (Goan Clams Dry),0.5
4324,"Cucumber, Red Radish, Tomatoes & Onion Salad Recipe",0.5
1226,Avarekalu Usli Recipe,0.5
4063,Arbi Ka Saag (Recipe In Hindi),0.5
434,Spinach Buns Recipe (Masala Palak Pav),0.5
4061,Methi Pakoda Kadhi Recipe - Punjabi Kadhi Pakora,0.5
3111,Chettinad Mushroom And Green Peas Stir Fry Recipe,0.5
4622,Broccoli Keema And Cheese Uttapam Recipe,0.5
3107,Sarson Ka Saag (Recipe In Hindi),0.5
437,Murgh Palak Recipe - Chicken In Spinach Gravy,0.5
4058,Punjabi Style Spicy Arbi Sabji Recipe,0.5
5072,Pan Fried Avocado Kofta Recipe,0.5
4335,Poshto Phoolkopi Recipe (Cauliflower & Potato In Poppy Seeds Gravy),0.5
439,Chicken Xacuti Recipe - Goan Chicken Gravy,0.5
4056,Healthy Kabuli Chana Pakora Recipe,0.5
2223,Soya Methi Sabzi Recipe | Made from Soya Chunks,0.5
444,Cauliflower And Soya Chunks Sabzi Recipe,0.5
447,Fish Tandoori Recipe,0.5
4336,Oriya Badi Chura Recipe | Sundried Lentil Dumpling Crumble,0.5
2260,Sookha Aloo Matar Methi Sabzi Recipe,0.5
955,Soya Keema Aloo Paratha Recipe,0.5
4597,Spicy and Tangy Mixed Vegetable Poha Recipe With Peanuts,0.5
5979,Lotus Stem Koftas in Silky Gravy Recipe,0.5
2294,Mughlai Aloo Matar Gobi Recipe,0.5
539,Prawn Fritters Recipe (Shrimp Vadai),0.5
2298,Dum Pukht Gosht Recipe - Slow Cooked Mutton Curry,0.5
1360,Carrot And Coriander Soup Recipe,0.5
5117,Awadhi Style Nargisi Kofta Recipe (Boiled Egg Wrapped With Spiced Potato Recipe),0.5
4363,Gajar Methi Sabzi Recipe (Carrot Fenugreek Leaves Stir Fry),0.5
3063,Palak And Moong Dal Pakoda,0.5
4587,Vegetable Jowar Upma Recipe,0.5
5688,Andhra Style Mirapakaya Bajji Recipe - Stuffed Chilli Recipe,0.5
4025,Saagwala Chicken Recipe - Palak Chicken Curry,0.5
549,Attukal Soup Recipe | Paya Soup,0.5
2859,Royyala Kura Recipe (Andhra Style Prawn Curry),0.5
3748,Fish Molee Recipe - Kerala Style Fish Curry,0.5
3049,Bhindi Masala Gravy Recipe - Bhindi Masala Gravy Recipe,0.5
2503,Recipe - Sprouted Green Moong with Tadka,0.5
2310,Chemmeen Muringakka Curry Recipe -Prawn Drumstick Curry,0.5
2312,Tambdi Bhaji Recipe - Goan Style Red Amaranth Stir Fry,0.5
4386,Corn Methi Malai Gravy Recipe,0.5
4018,Foxtail and Jowar Millet Paniyaram Recipe,0.5
4030,Saagwala Chicken Recipe - Palak Chicken Curry,0.5
5116,Egg Shoap Recipe | Assamese Appetizer,0.5
4359,Vegan Soya Aloo Curry (Recipe In Hindi),0.5
510,Karwar Style Karatya Kismore Recipe - Sweet Tangy Bitter Gourd Sabzi,0.5
3716,Spring Onion Dosa Recipe,0.5
2847,Pepper Cauliflower Recipe,0.5
3718,Chena Mezhukkupuratti Recipe ( Eggplant Foot Yam Stir Fry),0.5
505,Mint Flavoured Mixed Vegetable Pulao Recipe,0.5
2849,Spring Onion Pakora Recipe - Made In Kuzhi Paniyaram Pan,0.5
4036,Simple Mutton Curry With Coconut Recipe,0.5
3078,Cheesy Potatoes Recipe,0.5
3077,Avarekalu Masala Vada Recipe,0.5
3075,Onion Raita Recipe - Onion Raita Recipe,0.5
2285,Kerala Style Mutton Pepper Fry Recipe,0.5
3074,Capsicum Curry Recipe,0.5
513,Doli Ki Roti Recipe | Classic Sourdough Bread Recipe from Multan,0.5
3730,Sautéed Potatoes with Spinach (Recipe in Hindi),0.5
3734,Kadai Paneer (Recipe In Hindi),0.5
2277,Chicken Chops Recipe,0.5
3073,Karwar Style Karatya Kismore Recipe - Sweet Tangy Bitter Gourd Sabzi,0.5
3071,Sprouted Moong And Methi Pulao Recipe,0.5
531,Lahsuni Paneer Recipe - Paneer Flavoured With Garlic,0.5
3682,Vazhaipoo Bajra Adai Recipe - Banana Flower & Pearl Millet Dosa,0.5
2185,Karlyachi Ambat Goad Bhaji Recipe - Maharashtrian Sweet & Sour Karela Sabzi,0.5
4318,Karnataka Style Menthe Kadubu Recipe (Fenugreek Leaves Wheat Dumpling Recipe),0.5
4078,Mixed Vegetable Handvo Recipe - Savory Rice & Lentil Cake,0.5
6035,Rajasthani Ghasela Recipe (Besan Ka Pitta),0.5
3616,Onion Raita Recipe,0.5
1437,Besan Cheela Recipe Stuffed With Chatapa Paneer,0.5
1422,Pyaz Wali Bhindi Recipe | Bhindi Do Pyaza - Okra Onion Stir Fry,0.5
358,Andhra Style Majjige Saaru/Salla Charu Recipe (Spicy Yogurt Curry Recipe),0.5
5019,Gluten Free Samosa Recipe,0.5
5653,Makai Ka Cheela Recipe - Delicious Corn Cheela Recipe,0.5
360,Chemmeen Muringakka Curry Recipe -Prawn Drumstick Curry,0.5
2126,Jowar Atta Pyaz Thepla Recipe – Sorghum Wheat Onion Thepla,0.5
5654,Kale Chane Ki Kadhi Recipe - Black Chickpea Kadhi,0.5
2132,Lebu Lonka Murgi Recipe - Chicken With Gondhoraj Lebu & Green Chillies,0.5
2133,Vazhaipoo Bajra Adai Recipe - Banana Flower & Pearl Millet Dosa,0.5
2136,Almond and Cashew Nut Mushroom Curry Recipe,0.5
2783,Maharashtrian Green Moong Bhat Recipe - Sprouted Green Moong Pulao,0.5
2146,Mutton Kola Urundai Recipe - Chettinad Mutton Keema Balls,0.5
3638,Kolkata Chicken Chaap Recipe - Slow Cooked Chicken Legs,0.5
2788,Pan Fried Broccoli Pakora Recipe,0.5
2789,Besan Capsicum Ki Sabzi Recipe,0.5
3640,Filling recipe,0.5
351,Bengali Style Kosha Mangsho Recipe- Spicy Mutton Curry,0.5
2540,Makhana Pakora Recipe - Puffed Lotus Seed Pakoras Recipe,0.5
6036,Rajasthani Badi Ki Sabzi,0.5
3610,Dry Palak Dal Sabzi Recipe,0.5
1195,Maddur Vada Recipe | Maddur Vade,0.5
3199,Mint Flavoured Mixed Vegetable Pulao Recipe,0.5
337,Andhra Style Pachi Pulusu Recipe -Raw Tamarind Rasam,0.5
2086,Traditional Matar Kachori Recipe,0.5
4092,Bhindi Gosht Recipe-Okra With Meat In Coconut Gravy,0.5
2767,Capsicum Bath Recipe,0.5
3189,Arbi Tomato Onion Sabzi Recipe (Spicy Colocasia Stir fry),0.5
1202,Pudina Shavige Recipe - Pudina Semiya Upma Recipe,0.5
2545,Aloo Posto Recipe (Potatoes In Poppy Seed Paste),0.5
350,Paruppu Keerai Masiyal Recipe - Red Amaranth With Toor Dal,0.5
2099,Gujarati Sev Khamani Recipe - Amiri Khaman | Crumbled Khaman Dhokla,0.5
2104,Calcutta Style Ghugni Recipe-Tangy Yellow Peas Curry,0.5
5638,Spicy Lemon Chicken Kebab Recipe,0.5
3177,Sour Sweet Radish Key Vegetable Recipe-Sweet And Tangy Radish Dry Recipe,0.5
2541,Achari Baingan Bharta Recipe,0.5
1444,Onion Raita Recipe - Pyaz Ka Raita Recipe,0.5
2112,Lemon Oats Recipe,0.5
3613,Pacha & Mocha Parappu Sundal Recipe - Green Sprouts & Flat Broad Bean Stir Fry,0.5
4646,Carrot Matar Paratha Recipe,0.5
4643,Chettinadu Style Kollu Thogayal Recipe (Horsegram Chutney),0.5
418,Kongunad Chicken Fry Recipe,0.5
1216,Aloo Methi Sabzi Recipe - Potato Fenugreek Leaves Sabzi,0.5
1378,Chettinad Muttai Paniyaram Recipe | Egg Paniyaram Recipe,0.5
2526,Moong Dal Methi Ki Sabzi (Recipe in Hindi),0.5
3664,Chicken Learned Kebab Recipe,0.5
2176,Mini Bajra Uttapam Recipe,0.5
397,Pattani Kootu Recipe (Green Peas Curry),0.5
2815,Classic Andhra Style Chicken Curry Recipe,0.5
5049,Arbi Ajwain Ki Sabzi Recipe (Roasted Colocasia Stir Fry With Ajwain),0.5
2178,Tamil Nadu Style Poo Kosu Poriyal - Pepper Garlic Cauliflower Poriyal Recipe,0.5
3673,Karnataka Style Sabsige Soppu Paddu Recipe (Dill leaves Savory Fritters Recipe),0.5
4314,Chicken Korma Recipe - Mughlai Style Chicken Curry,0.5
5670,Pan Fried Onion Pakora Recipe - A Perfect Diwali & Evening Snack,0.5
400,Baby Corn and Green Peas Sabzi Recipe,0.5
3676,Arbi Tomato Onion Sabzi (Recipe in Hindi) with Tomato Onion Arbi Vegetable Recipe,0.5
5056,Goan Egg Drop Curry Recipe,0.5
972,Spicy Cabbage Rice Recipe (South Indian Style Mutta Kose Sadham Recipe),0.5
3118,Gujarati Batata Pulao Recipe - Sweet And Spicy Pulao With Lentils And Potatoes,0.5
1377,Kothamalli Rava Upma Recipe - Coriander Semolina Pudding,0.5
3115,Dill Leaves Toor Dal Recipe - Shepu/ Suva Dal recipe,0.5
412,Kashmiri Style Pulao With Coconut Milk Recipe,0.5
3124,Sauteed Spicy Prawns Recipe,0.5
4310,Carrot And Coriander Soup Recipe,0.5
4308,Warm Roasted Beet Salad Recipe - Roz Ka Khana With Figaro Olive Oil,0.5
5035,Instant Baked Aloo Tikki Recipe,0.5
4641,Besan And Green Pea Cheela Recipe,0.5
2796,Bangalore Restaurant Style Sambar Recipe - For Idlis,0.5
2163,Arbi Ka Saag Recipe,0.5
368,Spicy Aloo Naan Recipe,0.5
369,Rajma Wrap Recipe With Carrot Cucumber Sandwich Spread,0.5
4075,Kothamalli Rava Upma Recipe - Coriander Semolina Pudding,0.5
4073,Besan & Atta Ki Roti Recipe (Chickpea Flatbread),0.5
2527,Baked Whole Wheat Masala Baati Recipe (Healthy Rajasthani Spiced Wheat Dumplings),0.5
3136,Mixed Vegetable Corn Pakora Recipe - Made In Kuzhi Paniyaram Pan,0.5
4628,Soya Granule Samosa Recipe - Perfect Evening Snack,0.5
2168,Karnataka Style Avarekalu Akki Rotti Recipe,0.5
2171,Chilli Cheese Paratha Recipe,0.5
4306,Goan Tendli Bhaji Recipe,0.5
384,Aloo Matar Korma Recipe In White Gravy,0.5
385,Onion Thepla Recipe,0.5
3131,Sukhi Suran Masala Sabzi Recipe,0.5
386,Spinach Thalipeeth Recipe,0.5
387,Methi Jowar Ragi Thalipeeth Recipe - Healthy Diabetic Friendly Recipe,0.5
4389,Bharwa Bhindi And Pyaaz Ki Sabzi Recipe,0.5
565,Spring Onion Dosa Recipe,0.5
4578,Nippattu Masala Chaat Recipe- South Indian Style Chaat,0.5
5806,Malabar Kaai Curry Recipe With Nenthrapazham,0.5
5833,Karnataka Style Moolangi Chutney Recipe (Radish Thogayal),0.5
3872,Karnataka Style Baledindina Kosambari Recipe (Banana Stem Salad),0.5
714,Grilled Paneer Methi Tikki Recipe,0.5
4429,Aloo Bilahi Maas Recipe - Assamese Fish Curry With Potatoes And Tomatoes,0.5
718,Prawns Biryani Recipe,0.5
3947,Ullikadala Pulusu Recipe | Spring Onion Curry,0.5
3876,Goan Style Tonak Alsanyache Recipe (Black eyed beans cooked in Tonak Masala Recipe),0.5
4432,Indian Misal Bunny Chow Recipe,0.5
4480,Achari Gosht Recipe,0.5
5815,Baked Vegetable Salad Recipe,0.5
849,Slow Cooker Winter Supper Stew Recipe,0.5
3877,Goan Raw Banana Sabzi Recipe,0.5
730,Tamil Nadu Style Broccoli Poriyal Recipe - Broccoli Stir Fry Recipe,0.5
5227,Daal Gosht Recipe-Mutton Curry With Lentils,0.5
4478,Achari Aloo Gobi Recipe - Spicy Indian Cauliflower Stir Fry,0.5
1252,Aloo Poha Recipe - Batata Poha,0.5
5228,Sukha Mutton Vindaloo Recipe,0.5
5812,Potato Latkes Recipe,0.5
2406,Carrot & Capsicum Sabzi Recipe - No Onion No Garlic,0.5
5734,Diabetic Friendly Moong Sprout Cutlet Recipe,0.5
5730,Kerala Style Chicken Chatti Pathiri Recipe,0.5
3866,Masala Couscous Pulao Recipe,0.5
4493,Karnataka Style Baledindina Kosambari Recipe (Banana Stem Salad),0.5
5317,Mutton Kothu Kari Cabbage Masala - Mutton Cabbage Keema,0.5
5315,Chatpata Kala Chana Pakora Roll/ Frankie Recipe,0.5
679,Kerala Style Kappa Ishtoo Recipe -Tapioca Stew Recipe,0.5
3850,Hariyali Egg Curry Recipe In Coriander and Mint Gravy,0.5
685,Ilish Er Tel Jhol Recipe - Bengali Hilsa Fish Curry,0.5
855,Mughalai Shahi Kaju Aloo Ki Sabzi Recipe,0.5
4420,Cauliflower And Methi Paratha Recipe,0.5
1298,Mysore Masala Dosa Made With Ragi Dosa Batter,0.5
2397,Lauki Bharta Recipe - Spiced & Mashed Bottled Gourd Recipe,0.5
5836,Karnataka Style Menthe Kadubu Recipe (Fenugreek Leaves Wheat Dumpling Recipe),0.5
5208,Methi Pakoda Kadhi Recipe - Punjabi Kadhi Pakora,0.5
5727,Wheat Paratha Recipe With Pizza Topping,0.5
4424,Idichakka Thoran Recipe (Young Jack Fruit With Spiced Coconut),0.5
5853,Tikhat Rava Recipe (Spicy Semolina Crumble),0.5
3857,Goan Sorak Curry Recipe,0.5
4488,Instant Spice Oat Pit Paniaram Recipe,0.5
2963,Stuffed Dahi Vada Recipe,0.5
1290,Ghoogri Recipe - Jowar Upma,0.5
847,Achari Aloo Sabzi Recipe - Potatoes In Spicy Pickle Masala,0.5
5236,Tindora Ka Salan Recipe,0.5
3847,Goan Style Mushroom Shagoti Recipe,0.5
1286,Assamese Poita Bhat With Aloo Pitika Recipe,0.5
5768,Kanda Keri Nu Kachumber Recipe- Instant Mango Pickle,0.5
5264,Keema Kaleji Recipe- Mutton Liver Mince,0.5
2933,Maharashtrian Style Patichya Kandyachi Zunka Recipe -Spring Onions and Besan Sabzi,0.5
1274,Pyaz Kachori Chaat Recipe,0.5
2926,The recipe goes professionally,0.5
5292,Chole Semiya Pulao Recipe - Chickpea Vermicelli Pulao,0.5
2920,Karela Kadhi Recipe,0.5
1268,Jolada Ganji Recipe (Jowar Savoury Porridge),0.5
3905,Amritsari Kulcha Recipe | Easy Tawa Recipe,0.5
811,Egg Scramble With Drumstick Leaves Recipe,0.5
788,Stuffed Gilka Recipe (Maharashtrian Style Stuffed Silk Squash),0.5
3909,Pudina Mushroom And Soya Biryani Recipe,0.5
808,Goan Style Mushroom Vindaloo Recipe,0.5
792,Bhindi Gosht Recipe-Okra With Meat In Coconut Gravy,0.5
2443,Konkani Style Kotte Saaru / Halasina Bijada Saaru Recipe-Jackfruit Seed Juice,0.5
794,Mini Onion Vada With Vengaya Sambar Recipe - Pan Fried Fritters in Tangy Lentil Curry,0.5
3919,Karwar NKGSB style Vataane Ananasaa Shaak Recipe- Pineapple & Whites Peas Sabzi,0.5
1269,Masala Akki Roti Recipe - Spicy Rice Flour Flatbread,0.5
799,Punjabi Kadhi Pakora Recipe,0.5
5260,Shredded Mutton With Caramelized Onions Recipe,0.5
821,Mushroom Tikka Masala Dry Recipe,0.5
778,Classic Andhra Style Chicken Curry Recipe,0.5
5243,Mutton Rezala Recipe,0.5
2909,Kadai Mushroom Recipe,0.5
845,Goan Style Patol Bhaji Recipe- Green peas Curry Recipe,0.5
5794,Medu Vada With Onion (Savoury Donuts) Recipe,0.5
2416,Kolhapuri Masala Recipe (Maharashtrian Masala Chutney Powder),0.5
3893,Malai Matar Paneer Recipe (Cottage Cheese & Peas In Rich Creamy Gravy),0.5
736,Cherupayar Thoran Recipe - Kerala Style Green Gram Sabzi,0.5
3897,Beetroot Paneer Curry Recipe In Coconut Milk,0.5
835,Masala Akki Roti With Spinach Recipe - sarvapindi,0.5
2944,Dal Ghiya with Punjabi Wadiyan Recipe - Lentils with Bottle Gourd & Sundried Lentil Dumplings,0.5
774,Konkan Style Modachya Moongachi Amti Recipe-Sprouted Moong Bean Curry,0.5
2420,Healthy Maravalli Kizhangu Bonda Recipe - Spicy Tapioca Fritters,0.5
3943,Sukhi Urad Dal Sabzi Recipe,0.5
750,Goan Style Maskachi Bhaji Recipe-Moringa Leaves Stir Fry With Jackfruit Seeds,0.5
762,Pyaz Ka Paratha Recipe - Spicy Stuffed Onion Paratha,0.5
2939,Cauliflower Moong Dal Recipe - Cauliflower Moong Dal Recipe,0.5
4446,Scrambled Eggs With Ridge Gourd Sabzi Recipe,0.5
767,Mushroom Caldine Recipe | Vegetarian Goan Mushroom Curry,0.5
5251,Karnataka Style Majjige Huli Recipe - Tasty Buttermilk Rasam,0.5
4500,Baby Corn Butter Masala Recipe,0.5
4419,Lau's Peel Fried Recipe - Bottle Guard Peel Steam Free,0.5
4015,Goan Style Sangacho Ross Recipe-Drumstick Curry,0.5
2356,Traditional Whole Gobi Musallam Recipe,0.5
2338,Matki Khichdi Recipe - Palak Pudina Moth Bean Khichdi Recipe,0.5
3774,Andhra Pepper Chicken Recipe - Dry Restaurant Style Pepper Chicken,0.5
1347,Nellor Kathirikai - Nellor Brinjal Fry Recipe,0.5
580,Pavakka Pachadi Recipe - Bitter Gourd Pachadi,0.5
4404,Kaya Tholi Thoran Recipe - Raw Banana Thoran (Recipe In Hindi),0.5
583,Goan Vegetable Curry Recipe,0.5
2348,Moryechi Xacuti Recipe (Goan Style Shark Curry),0.5
3783,Hyderabadi Bagara Baingan Recipe - Brinjal In Spicy Peanut Curry,0.5
3786,Saffron Pilaf Recipe - Kesar Flavoured Rice,0.5
3788,Prawn Ghee Pepper Masala Recipe With Garlic,0.5
889,Maharashtrian Style Patichya Kandyachi Zunka Recipe -Spring Onions and Besan Sabzi,0.5
2491,Paneer Kolhapuri Recipe (Cottage Cheese In Maharashtrian Gravy With Kolhapuri Masala),0.5
3794,Kathal Biryani Recipe | Jackfruit Biryani Topped with Caramelised Onions,0.5
5927,Spicy and Tangy Mixed Vegetable Poha Recipe With Peanuts,0.5
4548,Kerala Style Prawns & Shrimp Biryani -Chemmeen Biryani Recipe,0.5
2993,Raw Mango And Spring Onion Chutney Recipe,0.5
5925,Keerai Vadai Recipe Made With Figaro Pure Olive Oil,0.5
5924,Chenai Kizhangu Poricha Kootu Recipe (Tamil Nadu Style Yam Cooked in Coconut Gravy),0.5
888,Andhra Style Chepa Vepudu Recipe - Andhra Fish Fry Recipe,0.5
5699,Chicken Pakora Recipe - Chicken Fritters,0.5
1351,Baale Dindu Kadale Palya - Banana Stem Curry With Chickpeas Recipe,0.5
4003,Khandeshi Dal Recipe,0.5
4005,Maharashtrian Style Kelfulachi Bhaji Recipe - Banana Flower Stir Fry Recipe,0.5
5952,Karnataka Style Sabsige Soppu Paddu Recipe (Dill leaves Savory Fritters Recipe),0.5
2500,Methi Jowar Ragi Thalipeeth Recipe - Healthy Diabetic Friendly Recipe,0.5
5950,Oats and Vegetable Kebab Recipe,0.5
2317,Mini Bajra Uttapam Recipe,0.5
5340,Mutton Matar Keema Recipe -Minced Mutton With Green Peas,0.5
4391,Cauldron Baby Corn Cheese Recipe,0.5
5696,Puri Recipe - Learn to Make Soft Puffed Puris At Home,0.5
3028,Drumstick Dal Recipe,0.5
4567,Vegan Soya Aloo Curry Recipe,0.5
3012,Jolada Ganji Recipe (Jowar Savoury Porridge),0.5
4004,Palak Onion Kadhi Pakora Recipe,0.5
5144,Egg Stuffed Paratha Recipe,0.5
4561,Chettinad Idiyappam Recipe,0.5
3014,Dahi Wale Makhane Recipe - Lotus Seeds In Curd Gravy,0.5
2328,Aloo Matar Korma Recipe In White Gravy,0.5
5698,Puffed Lotus Seed Pakoras Recipe - Makhana Pakora,0.5
2331,Goan Style Sangacho Ross Recipe-Drumstick Curry,0.5
568,Veg Mughlai Paratha Recipe,0.5
2355,Broccoli Keema and Utapam Recipe,0.5
2359,Paplet Hooman Recipe - Goan Pomfret Curry,0.5
859,Baked Matar Kachori Recipe - Delicious Evening Snack,0.5
4407,Semiya Upma Recipe,0.5
4507,Masoor Dal Kebabs Recipe,0.5
5889,Tamil Nadu Style Dal Masala Vada with Cabbage Recipe,0.5
1304,Lal Mathachi Bhaji Recipe - Amaranth Leaves Moong Sprouts Sabzi,0.5
5188,Murgh Ajmeri Recipe,0.5
625,Broccoli Pakora Masala Recipe - Broccoli In Spicy Yogurt Gravy,0.5
5189,Kasuri Malai Murgh Recipe,0.5
4414,Goan Moolyacho Ross Recipe (Goan Radish Curry),0.5
2381,Aavryachi Bhaji-Avarakkai Poriyal Recipe-Broad Beans Stir Fry,0.5
634,Paya Curry Recipe | Lamb Trotters,0.5
5191,Dum Ka Murgh (Lagan Ka Murgh) Recipe,0.5
5193,Javvarisi Dosa Recipe - Soft & Instant Sabudana Dosa Recipe,0.5
5871,Maharashtrian Golyachi Amti Recipe (Besan Balls In Tamarind Based Spicy Gravy),0.5
1302,Jackfruit Seed Korma Recipe,0.5
648,Achari Aloo Gobi Recipe - Spicy Indian Cauliflower Stir Fry,0.5
2972,Fusion Style Paneer Malai Makhani Recipe,0.5
654,"Oats, Peas & Tofu Stuffed Paratha Recipe",0.5
2471,Tamil Nadu Style Potato Masiyal Recipe (South Indian Style Aloo Masala),0.5
658,Rajasthani Laal Maas Recipe-Mutton In Red Spicy Gravy,0.5
663,Mutton Chaap Recipe - Slow Cooked Lamb Chops,0.5
5894,Sabakki Upittu Recipe (South Indian Style Sabudana Khichdi),0.5
2376,Kongunad Chicken Fry Recipe,0.5
3963,Peshwari Naan Recipe - Naan Stuffed With Sweet Dry Fruits,0.5
2370,Stove Top Green Peas Seekh Kebab Recipe,0.5
2361,Karnataka Style Avarekalu Chitranna Recipe (Field Beans Tossed With Lemon Rice),0.5
2362,Nigella Seed Beetroot Rice Recipe,0.5
3993,Goan Mushroom Xacuti Recipe,0.5
5921,Sprouted Moong And Onion Fritters Recipe,0.5
614,Punjabi Methi Kadhi Recipe - Fenugreek Leaf Yogurt Curry,0.5
1341,Gajar Methi Poriyal Recipe - Carrot Fenugreek Stir Fry,0.5
883,Mamsaam Chops Recipe (Lamb Chops in Black Pepper Gravy),0.5
1340,Sprouted Moong Dal Recipe - Spicy Sprouted Lentil Curry,0.5
3980,Kashmiri Style Shab Deg Recipe-Mutton Kofta and Turnip Curry,0.5
3811,Rajasthani Style Mutton Banjara Recipe,0.5
1328,Chicken Donne Biryani Recipe - Bangalore Shivaji Military Style,0.5
1243,Spiced Ghee Rice Recipe | Neychoru,0.5
4519,Khatta Meetha Tamatar Sabzi Recipe - A Chutney Style Dry Sabzi,0.5
3804,Hariyali Tawa Fish Fry Recipe,0.5
2979,Kerala Style Mutton Pepper Fry Recipe,0.5
5184,Sweet Potato & Beetroot Kebab Recipe,0.5
5904,Tawa Idli Recipe,0.5
5899,Assamese Baked Savoury Kordois Recipe,0.5
5627,Raw Mango Prawns Curry Recipe,0.5
5753,Onion Bajji Recipe -Vengaya Bajji/ South Indian Onion Pakora,0.5
2607,Sweet Corn & Peas Upma Recipe For Babies and Toddlers,0.5
4748,Matar Poha Recipe (Flattened Rice Stir Fry with Green Peas),0.5
3286,Chicken Cheese Stuffed Kulcha Recipe,0.5
5453,Konkani Style Kalwanche Tonak Recipe - Oyster Curry,0.5
4130,Bengali Style Pomfret Shorshe Recipe - Pomfret In Mustard Gravy,0.5
2018,Ilish Pulao Recipe - Bengali Style Hilsa Fish Pilaf,0.5
3445,Bhindi Huli Recipe - South Indian Style Tangy Okra,0.5
2593,Mushroom Tikka Masala Dry Recipe,0.5
1555,Heart Shaped Tea Sandwiches Recipe,0.5
3366,Soya Keema Matar Masala Recipe,0.5
84,Moong Dal Tikki Recipe,0.5
2729,Beans Muttai Poriyal Recipe - Chettinad Egg Scramble with Beans,0.5
1549,Sesame Bread Patties Recipe (Bread Cutlets),0.5
1547,Lacha Pyaz Recipe - Masala Pickled Onions,0.5
1904,Punjabi Style Spicy Arbi Sabji Recipe,0.5
195,Stuffed Yellow Moong Dal And Onion Paratha Recipe,0.5
3515,Maharashtrian Style Kelfulachi Bhaji Recipe - Banana Flower Stir Fry Recipe,0.5
187,Leftover Dal Paratha Recipe,0.5
5546,Raw Mango And Spring Onion Chutney Recipe,0.5
1716,Sweet Potato And Bitter Gourd Kulambu Recipe,0.5
4175,Chicken Kathi Roll Recipe,0.5
4224,Mixed Millet And Lentils Adai Recipe,0.5
1906,Dum Ke Baingan Recipe,0.5
3287,Baked chickpea lentil recipe,0.5
1569,Banana Stem Poriyal Recipe With Curry Powder,0.5
2727,Tofu Methi Paratha Recipe,0.5
4797,Awadhi Style Kathal Ke Kebab Recipe- Raw Jackfruit Kebabs,0.5
4253,Rajma Saagwala (Dry Kidney Beans And Spinach Stir Fry) Recipe,0.5
1907,Rajma Saagwala (Dry Kidney Beans And Spinach Stir Fry) Recipe,0.5
1908,Vegetable Yakhni Pulao Recipe,0.5
1909,Paplet Hooman Recipe - Goan Pomfret Curry,0.5
4793,Ragi Badam Soup Recipe - Finger Millet Almond Soup With Vegetables,0.5
6107,Vegetable Chops Recipe,0.5
207,Masala Karela Recipe,0.5
1727,Beans Karam Recipe (Beans Curry),0.5
183,Karnataka Style Chicken Saaru Recipe,0.5
1875,Healthy Foxtail Millet Raw Mango & Vegetable Salad Recipe,0.5
1148,Bharwa Baingan Aur Pyaaz Ki Sabzi Recipe - Roz Ka Khana With Figaro Olive Oil,0.5
1755,Spiced Cabbage Rice Recipe,0.5
4262,"Beetroot, Aloo & Amaranth Leaves Sabzi Recipe",0.5
61,Rajasthani Gatte Ka Pulao Recipe,0.5
3269,Baked Vegetable Salad Recipe,0.5
216,Doi Ilish Recipe - Bengali Style Hilsa In Yogurt Gravy Recipe,0.5
3549,Goan Style Frango Vera Recipe - Chicken Vera,0.5
2587,Aloo Patta Gobhi Sabzi Recipe - Potato Leaf Cabbage Vegetable Recipe,0.5
1874,Methi Kumro Recipe - Bengali Style Fenugreek Leaves and Pumpkin Stir Fry,0.5
239,Goan Style Chicken Galinha Cafreal Recipe,0.5
241,Chettinad Chicken Roast Recipe | Chicken Ghee Roast Recipe,0.5
3554,Rajasthani Methi Mangodi Sabzi Recipe,0.5
2747,Goan Style Chicken Galinha Cafreal Recipe,0.5
1524,Homemade Vada Pav Recipe With Cheesy Aloo Vada,0.5
4859,Baked Potato & Peas Samosa With Phyllo Pastry Recipe,0.5
1532,Homemade Vada Pav Recipe With Spinach Corn Tikki,0.5
1750,Dahi Bhindi Recipe - Okra in Yogurt Curry with Caramelized Onions,0.5
73,Nigella Seed Beetroot Rice Recipe,0.5
2680,Andhra Style Patoli Recipe (Dal Usli/ Crumbled Dal Recipe),0.5
5540,Pepe Chingri Recipe - Green Papaya Prawn Curry Recipe,0.5
1094,Broccoli Paratha Recipe,0.5
2615,Konkani Style Kalwanche Tonak Recipe - Oyster Curry,0.5
5542,Kacche Aam Ki Launji Recipe,0.5
1537,Paneer Kalimirch Recipe (Paneer in Black Pepper flavored Gravy),0.5
3542,High Protein Broccoli and Dill Stuffed Paratha Recipe,0.5
3536,Tomato pulao Recipe,0.5
1728,Shahjahani Khichdi Recipe - Spiced Green Moong Dal Khichdi,0.5
3535,Cauliflower Moong Dal Recipe,0.5
1539,Oats and Besan Cheela Recipe (High Protein Spiced Crepes),0.5
2738,Vermicelli Biryani Recipe,0.5
4257,Diabetic Friendly Moong Sprout Cutlet Recipe,0.5
185,Tofu Green Pulao Recipe,0.5
2684,Pudina Shavige Recipe - Pudina Semiya Upma Recipe,0.5
1757,Goat Curry In Yogurt Gravy Recipe,0.5
1622,Ragi Kuzhi Paniyaram Recipe with Ragi Dosa Batter,0.5
1642,Foxtail Millet Upma Recipe,0.5
4236,Spiced Cabbage Rice (Recipe In Hindi),0.5
106,Raw Papaya Red Bell Peppers Stuffed Paratha,0.5
1962,Paneer Tikka Pulao Recipe,0.5
1634,Crispy and Spicy Chilli Chicken Recipe - Indian Style,0.5
5575,Tandoori Aloo Gobi Kathi Roll Recipe - Spicy Aloo Gobi Frankie,0.5
4239,Brinjal Curry Recipe,0.5
2713,Rabodi Ki Sabzi Recipe,0.5
105,Rajma and Horse Gram Stuffed Paratha Recipe,0.5
2612,Mixed Sprouts In Chettinad Masala Recipe,0.5
101,Konkani Style Kotte Saaru/Halasina Bijada Saru Recipe-Jackfruit Seed Rasam,0.5
5576,Rock Toast Recipe - Semolina Bread Toast,0.5
3480,Sweet Potato And Bitter Gourd Kulambu Recipe,0.5
3481,Cabbage And Carrot Thoran Recipe,0.5
4778,Lucknowi Murgh Biryani Recipe - Awadhi Style Chicken Biryani,0.5
4908,बेसन और प्याज का चीला रेसिपी - Besan Aur Pyaz Ka Cheela (Recipe In Hindi),0.5
1155,Dhania Chole Masala Recipe - Chickpeas In Fresh Coriander Gravy,0.5
132,Pudina Rice Recipe,0.5
4770,Bengali Kosha Murgir Mangsho Recipe (Chicken in a Spicy Dry Gravy),0.5
5571,Panchratan Dal Paniyaram Recipe,0.5
3339,Mughlai Dum Arbi Recipe,0.5
129,Pakki Mutton Biryani Recipe,0.5
123,Gujarati Kobi Marcha No Sambharo Recipe - Cabbage & Bell Pepper Stir Fry,0.5
1662,Goan Soya Mince Potato Chop Recipe,0.5
1076,"Beetroot, Aloo & Amaranth Leaves Sabzi Recipe",0.5
1081,Kali Mirch Aloo Bhindi Sabzi - Aloo Bhindi Pepper Fry Recipe,0.5
114,Kolkata Chicken Chaap Recipe - Slow Cooked Chicken Legs,0.5
3335,Zucchini Wheat Semolina Salt Recipe,0.5
6092,Stuffed Dahi Vada Recipe,0.5
1949,Green Moong Dal Paratha Recipe - Stuffed Lentil Flatbread,0.5
107,Vegetable Rava Upma Recipe - Sooji Upma Recipe,0.5
5556,Maharashtrian Style Surnachi Koshimbir Recipe-Yam Salad,0.5
1672,Broccoli Capsicum Pulao Recipe,0.5
2600,Andhra Style Chepa Vepudu Recipe - Andhra Fish Fry Recipe,0.5
2687,Moong Dal Methi Ki Sabzi Recipe,0.5
4751,Vermicelli Biryani Recipe,0.5
1070,Tamil Nadu Style Potato Masiyal Recipe (South Indian Style Aloo Masala),0.5
2719,Dal Bukhara Recipe (Punjabi Style Black Urad Dal),0.5
3296,Goan Egg Drop Curry (Recipe In Hindi),0.5
1090,Potato Sagu Recipe for Rava Idli,0.5
2692,Handi Biryani Recipe With Chicken,0.5
1572,Karela Kadhi Recipe,0.5
4160,Chap Badami Recipe (Lamb Ribs Cooked In Almond Paste),0.5
2601,Tindora Ka Salan Recipe,0.5
1699,Gojju Avalakki Recipe - Puli Aval,0.5
4170,Besan Burji Recipe-Chickpea Flour Scramble Recipe,0.5
2721,Tofu Green Pulao Recipe,0.5
1700,Tamil Nadu Style Masala Dal Vada Recipe,0.5
3289,Kelyachi Bhaji Recipe (Raw Banana Stir Fry),0.5
4935,Cheesy Potato Peas Potli Recipe,0.5
3499,Methi Missi Roti Recipe,0.5
3458,Goan Style Caldinho de Abobora Branca Recipe (Mild Curry of white Pumpkin),0.5
157,Andhra Style Bangaladumpa Vepudu Recipe - Potato Fry Recipe,0.5
1685,Egg And Ridge Gourd Burji - Peerkangai Muttai Poriyal Recipe,0.5
1582,Andhra Style Sarva Pindi/Gine Pindi Recipe (Rice Flour and Chana Dal Flatbread Recipe),0.5
2632,Soya Granule Samosa Recipe - Perfect Evening Snack,0.5
3459,Karnataka Style Avarekalu Akki Rotti Recipe,0.5
3460,Grilled Rajma Masala Sandwich Recipe,0.5
1584,Karela Besan Sabzi Recipe,0.5
4882,Carrots Dill and Peanut Sadam - South Indian Style Stir Fried Rice,0.5
5579,Chatpati Sattu Ki Kachori Recipe - Kachori Stuffed With Sattu And Pickle,0.5
2630,Vegetable Yakhni Pulao Recipe,0.5
4753,Dahi Wale Aloo Recipe (Indian Yogurt-based Potato Curry),0.5
3353,Crispy and Spicy Chilli Chicken Recipe - Indian Style,0.5
1994,Karnataka Style Beetroot Palya Recipe,0.5
6083,Chickpea Soup Recipe,0.5
1522,Tandoori Paneer Samosa Recipe - With Baked Option,0.5
3338,Chicken Bharta Recipe - Dhaba Style Chicken Masala,0.5
4220,Karnataka Style Moolangi Chutney Recipe - Karnataka Style Mullangi Chutney (Recipe In Hindi),0.5
1116,Andhra Style Green Chilli Chicken Recipe,0.5
2071,Ilish Macher Korma Recipe - Hilsa Fish Curry In Rich Gravy,0.5
2651,Palak Dhania Dosa Recipe With Figaro Olive Oil,0.5
1459,Konkani Style Dangar Recipe-Cabbage Fritters,0.5
4195,Grilled cheese fenugreek tikki recipe,0.5
1484,Masoor Dal Kebabs Recipe,0.5
4099,Gular Ki Sabzi Recipe/ Shallow Fried Cluster Fig,0.5
326,Authentic Punjabi Mango Pickle (With Mustard Oil) - No Sun Required Aam Ka Achar,0.5
2069,Dal Shorba Recipe - Indian Style Lentil Soup,0.5
1112,Karnataka Style Bassaru Recipe - Dill flavored Coconut Rasam,0.5
1107,Methi And Palak Paratha Recipe,0.5
2752,Kale And Vegetable Fried Quinoa Recipe,0.5
1844,Achari Paneer Tikka Recipe,0.5
4186,Cabbage and Soya Keema Recipe - Gobi and Soya Keema Recipe,0.5
26,Chicken Kappa Biryani Recipe,0.5
4102,Dhungare Baingan Recipe,0.5
3394,Vegetable Handi Biryani Recipe,0.5
4217,Crispy Corn Chaat Recipe - Crispy Corn Chaat Recipe,0.5
2646,Konkani Style Cabbage Sanna Polo Recipe - Savory Cabbage Dosa,0.5
2751,Sweet & Spicy Raw Papaya Moongphali Ki Sabzi Recipe,0.5
290,Sauteed Spicy Prawns Recipe,0.5
24,Makhana ki Sabzi Recipe,0.5
2059,Achari Aloo Kathi Roll Recipe with Hummus & Yogurt Dip,0.5
4977,Methi Missi Roti Recipe,0.5
1832,Barnyard Millet Mushroom Biryani Recipe,0.5
2558,Rayalaseema Steel Borugula Upma Recipe,0.5
5434,Mutton Do Pyaza Recipe,0.5
1827,Karnataka Style Avarekalu Chitranna Recipe (Field Beans Tossed With Lemon Rice),0.5
1796,Bengali Style Raw Jackfruit Curry Recipe - Enchor’er Dalana,0.5
2761,Makai Ka Cheela Recipe - Delicious Corn Cheela Recipe,0.5
1815,Paneer Kulcha Recipe-Cottage Cheese Stuffed Leavened Flatbread,0.5
4279,Chicken In Curry Leaves Gravy Recipe,0.5
1813,Aavryachi Bhaji-Avarakkai Poriyal Recipe-Broad Beans Stir Fry,0.5
6132,Fruit-Chia Rice paper rolls in a Mango Tahini Dipping sauce Recipe,0.5
4192,Sarson Ka Saag Recipe - Classic North Indian Saag Recipe,0.5
4213,Mini Idli Upma Recipe (Steamed Rice Cake Stir Fry),0.5
3228,Spicy & Tangy Pakodi Chaat Recipe,0.5
1792,Mughlai Style Chicken Haleem Recipe,0.5
1475,Mughlai Keema Paratha Recipe,0.5
1468,Spicy Mushroom Puffs Recipe (Empanadas stuffed with Mushroom Recipe),0.5
321,Cheesy & Spicy Pull Apart Bread Recipe With Indian Spices,0.5
2562,Goan Egg Drop Curry Recipe,0.5
1189,Bhaat Ka Thepla Recipe - Spiced Rice Paratha,0.5
314,Karnataka Style Bassaru Palya Recipe - Toor Dal And Dill Leaves Stir Fry,0.5
32,Khandeshi Sev Bhaji Recipe,0.5
2072,Chutney Podi Sadam Recipe - Rice Flavoured With Chutney Podi,0.5
3268,Mustard Egg Curry Recipe,0.5
3584,Spiced Turnips with Spinach Recipe,0.5
1788,Goan Style French Beans Foogath Recipe,0.5
1786,Ullikadala Pulusu Recipe | Spring Onion Curry,0.5
5617,Raw Mango Sambar Recipe - South Indian Mangai Sambar Recipe,0.5
2058,Paneer Tikka Kathi Roll Recipe,0.5
3217,Maharashtrian Golyachi Amti Recipe (Besan Balls In Tamarind Based Spicy Gravy),0.5
1770,Beetroot Greens Rice Recipe,0.5
53,Tofu Methi Paratha Recipe,0.5
3595,Chickpea Soup Recipe,0.5
2569,Bengali Style Dimer Torka Recipe (Egg Tadka Dal Recipe),0.5
2050,Thengai Paal Sadam Recipe - Coconut Milk Pulao,0.5
2044,Cabbage & Dal Stuffed Paratha Recipe,0.5
2570,Goan Stuffed Masala Recipe,0.5
1849,Kashmiri Style Chicken Pulao Recipe,0.5
5525,Hariyali Chicken Tikka Wrap Recipe,0.5
2048,Goan Style Brinjal Bharta Recipe,0.5
3597,Labra Assamese Chunky Mix Vegetables Recipe,0.5
2572,Warm Red Lentil Salad With Goat Cheese Recipe,0.5
3560,Kambu Murukku Recipe,0.5
21,Murgh Musallam Recipe - Masala Roasted Chicken,0.5
1860,Bengali Aloo Jhinge Posto Curry Recipe (Potato and Ridge Gourd Curry),0.5
3598,Raw Mango Sambar Recipe - South Indian Mangai Sambar Recipe,0.5
2045,Karnataka Style Badanekai Yennegai Gojju Recipe (Stuffed Brinjal Recipe),0.5
264,Shepuchi Bhaji Recipe (Stir Fried Maharashtrian Suva/Dill Greens),0.5
281,Veg Noodle Pakora Recipe,0.5
1805,Besan Burji Recipe-Chickpea Flour Scramble Recipe,0.5
3599,Methi And Palak Paratha Recipe,0.5
5523,Chicken Korma Recipe - Mughlai Style Chicken Curry,0.5
262,Goan Style Caldinho de Abobora Branca Recipe (Mild Curry of white Pumpkin),0.5
59,Sarson Saag Pulao Recipe-Spinach Mustard Greens Pulao,0.5
4264,Ragi Murungai Keerai Adai Recipe-Finger Millet Flour & Drumstick Leaves Savory Flatbread,0.5
1457,Bengali Style Chicken Rezala Recipe - Chicken Korma Recipe,0.5
6144,Stir Fry Green beans and Tofu with Panch Phoron Recipe,0.5
3384,Mutton Cut Recipe,0.5
4269,Kolambi Bhaat Recipe (Maharashtrian Prawn Rice),0.5
2038,Spicy Rice Stuffed Paratha Recipe,0.5
2080,Gobi and Soya Keema Recipe,0.5
1802,Whole Wheat Soya Keema Kulchas,0.5
5598,Murgh Malaiwala Recipe - Chicken In Rich Creamy Gravy,0.5
5599,Chicken In Curry Leaves Gravy Recipe,0.5
3212,Paneer Pasanda Recipe -Cottage Cheese in Spicy Yogurt Curry,0.5
4200,Goan Style Maskachi Bhaji Recipe-Moringa Leaves Stir Fry With Jackfruit Seeds,0.5
1030,Raw Banana and Banana Stem Stuffed Paratha Recipe,0.5
1455,Sprouted Moong Bade Recipe -Moong Sprout Fritters Recipe,0.5
1181,Ragi Onion Uttapam Recipe - Wholesome Breakfast Recipe,0.5
2040,Peas Pulao Recipe - North Indian Matar Pulao,0.5
15225,अंडे शोले कबाब रेसिपी - Egg Sholay Kebab Recipe,0.0
2481,Quinoa Vangi Bath Recipe,0.0
14916,Oreo Paneer Modak Recipe,0.0
14967,Konkani Style Kadgi Chakko Recipe - Raw Jackfruit With Coconut,0.0
15227,Buckwheat Corn Dhokla Recipe,0.0
15229,चनार पतुरी रेसिपी - Chanar Paturi Recipe,0.0
15216,पालक पुलाव रेसिपी - Palak Pulao Recipe,0.0
15279,गुजराती पालक ढोकला रेसिपी - Gujarati Palak Dhokla Recipe,0.0
15280,पूरी रेसिपी - Puri Recipe,0.0
15217,Maharashtrian Tandulachi Ukad Recipe - Rice Flour And Buttermilk Porridge,0.0
14972,Banana Stem Thoran Recipe - Ayurvedic No Onion No Garlic Recipe,0.0
14917,Laal Maas Biryani Recipe,0.0
15230,Masala Chai Kulfi Recipe With Bourbon Chocolate Syrup,0.0
15231,होल वीट लच्छा पराठा रेसिपी - Whole Wheat Lachha Paratha Recipe,0.0
14958,Aloo Beetroot and Baby Corn Mixed Sabzi Recipe,0.0
2620,Kuzhal Payasam Recipe- Wheat Noodles Payasam,0.0
2487,Cheesy Mushroom Masala Dosa Recipe,0.0
2625,Broccoli Puree With Butter and Garlic Recipe (For Babies/toddlers over 7 months),0.0
14966,Mooli Bhurji Recipe,0.0
15220,Ragi Pachchai Maa Puli Upma Recipe - Ragi Flour Upma Recipe,0.0
14965,पाण्डु मिरापाकया पचड़ी रेसिपी - Andhra Red Chilli Chutney Recipe,0.0
14964,Sarson Saag Pulao Recipe-Spinach Mustard Greens Pulao,0.0
2447,Aam Papad Recipe (Tasty Mango Bars),0.0
14968,Kerala Style Kappa Ulathiyathu Recipe - Tapioca Stir Fry Recipe,0.0
14957,पंजाबी स्टाइल एग करी रेसिपी - Punjabi Style Egg Curry Recipe,0.0
2442,"Kashmiri Pulao Recipe - Pulao Spiced With Saffron, Whole Spices & Nuts",0.0
14912,Moong Dal Karara Recipe,0.0
14913,Spicy Paneer Pulao With Vegetables,0.0
14969,Kerala Style Murungai Keerai Thoran Recipe,0.0
2488,Badam Milk Recipe - Almond Milk Recipe,0.0
14963,किनुआ वांगी भात रेसिपी - Quinoa Vangi Bath Recipe,0.0
2449,Bhaji Vada Recipe (Lentil And Vegetable Fritters),0.0
15219,Peerkangai Pal Kuzhambu Recipe-Ridge Gourd in Milk Curry,0.0
15274,Kopparai Thengai Milagai Podi Recipe - Dry Coconut Chutney Podi,0.0
2616,Dry Fruit Halwa Recipe,0.0
14914,Vagharelo Bhaat Recipe - Gujarati Masala Rice,0.0
15222,Palak Ragi & Oats Wheat Thepla Recipe - Healthy Diabetic Roti,0.0
2623,Ellu Chutney Recipe - Sesame Seeds Chutney Recipe,0.0
14960,Chow Chow Verkadalai Masala Curry Recipe - Chayote Peanut Poriyal Recipe,0.0
15273,Moong Dal Idli Recipe,0.0
15266,Kesar Pista Phirni Recipe,0.0
15232,Boiled Peanut Raita Recipe,0.0
15255,Vepilakatti - Lime Leaves Pickle Recipe,0.0
15244,Kerala Style Chakkakuru Mezhukkupuratti Recipe-Jackfruit Seed Poriyal,0.0
2644,Date and Tamarind Chutney Recipe - Khajur Imli Chutney,0.0
14928,Bhindi & Capsicum Sabzi Recipe,0.0
2458,Bread Halwa Recipe,0.0
14929,दूध वाली गुजराती कढ़ी रेसिपी - Gujarati Kadhi With Milk And Mint Recipe,0.0
15259,Thandu Keerai Sambar Recipe - Amaranth Greens Sambar Recipe,0.0
15258,सुखी सुरन मसाला सब्ज़ी रेसिपी - Sukhi Suran Masala Sabzi Recipe,0.0
14944,Indian Festive Sweet Rice And Jamun Bhog Recipe,0.0
2641,Kerala Style Karamani Thoran Recipe - Yard Beans Stir Fry With Coconut,0.0
15257,अंकुरित कोल्लु सांबर रेसिपी - Sprouted Kollu Sambar Recipe,0.0
15245,Palak Paratha Recipe-Spiced Spinach Flatbread,0.0
15256,बैंगन मेथी का भरता रेसिपी अनार के साथ - Baingan Methi Ka Bharta Recipe,0.0
14942,Cabbage Capsicum Sabzi Recipe - Simla Mirch Patta Gobi Sabzi,0.0
14941,मिक्स्ड मिलेट और दाल अड़ाई रेसिपी - Mixed Millet And Lentils Adai Recipe,0.0
14930,कच्चे आम वाली दाल फ्राई रेसिपी - Raw Mango Dal Fry Recipe,0.0
14945,Instant Kalakand Recipe -Indian Festive Sweet Recipe,0.0
14940,Hariyali Paneer Tikka Masala Gravy Recipe -No Onion No Garlic Recipe,0.0
15246,परुप्पु थोगयल रेसिपी - Paruppu Thogayal Recipe,0.0
2643,Sakkare Millet Pongal Recipe,0.0
14938,Chakka Erissery Recipe - Kerala Style Coconut Laced Jackfruit Sabzi,0.0
2464,Ginger-Holi Basil Teasene - Ginger Basil Tea Recipe,0.0
14936,पंजाबी भिंडी कढ़ी रेसिपी - Punjabi Bhindi Kadhi Recipe,0.0
15248,कच्चे आम और नारियल की चटनी रेसिपी - Raw Mango Coconut Chutney Recipe,0.0
2642,Recipe by Maddur | Maddoor Wade,0.0
15249,Creamy Phirni Recipe - North Indian Rice Pudding,0.0
15254,Semiya Payasam Recipe - Vermicelli Kheer Recipe,0.0
2462,A Creamy & Delicious Gulkand Kulfi Recipe,0.0
15253,लाल मास बिरयानी रेसिपी - Laal Maas Biryani Recipe,0.0
15251,पुदीना किनुआ रेसिपी - Pudina Quinoa Recipe,0.0
15252,कॉर्न और मटर की करी रेसिपी - Corn And Peas Curry Recipe,0.0
15261,Traditional Shahi Tukda Recipe - Hyderabadi Double Ka Meetha,0.0
2647,Ragi Vermicelli / Semiya Recipe,0.0
14956,Amla Methi Sukhi Sabzi Recipe - Healthy Diabetic Sabzi,0.0
14920,Upma Kozhukattai Recipe - Delicious Broken Rice Steamed Dumplings,0.0
15233,Jowar and Vegetable Porridge Recipe,0.0
2451,Curry Patta Chaas Recipe,0.0
14953,मसूर मूंगफली की दाल रेसिपी - Masoor Moong Phali Ki Dal Recipe,0.0
14918,मक्की की पूरी रेसिपी - Makki Ki Puri Recipe,0.0
15234,Mango Kheer Recipe,0.0
15235,Puli Inji Recipe - Tamarind and Ginger Chutney,0.0
2455,Beetroot And Chickpea Kebab/Tikki Recipe - Evening Snack,0.0
14919,ठंडाई कुल्फी रेसिपी - Thandai Kulfi Recipe,0.0
2480,Aam Pora Shorbot Recipe - Bengali Aam Panna Recipe,0.0
2479,Tomato Gotsu (Recipe In Hindi),0.0
2638,Multigrain Crepe Recipe Filled With Spicy Mashed Potatoes,0.0
15238,Ada Pradhaman Recipe - Kerala Style Rice Ada Pudding With Jaggery & Coconut Milk,0.0
15270,Green Coriander Coconut Chutney Recipe,0.0
15268,Dhaba Style Spicy Ghee Rice Recipe Made From Whole Spices,0.0
14950,Beetroot Moong Phali Sabzi Recipe-Beetroot Stir Fry with Roasted Peanuts,0.0
2640,Beetroot Thoran (Recipe In Hindi),0.0
15239,Parwal Ki Mithai Recipe -Pointed Gourd Sweet,0.0
15267,Ukadpendi Recipe - Maharashtrian Style Spiced Rice Flour Porridge,0.0
2655,Thandai Mousse Cake Recipe With A Delicious Cardamom Sponge,0.0
2472,Cauliflower Pepper Fry Recipe (Chettinad Style),0.0
2652,Recipe with fenugreek corn flour,0.0
2457,Saunf Wali Hari Gobi Sabzi Recipe - Cauliflower Spiced with Fennel and Green Chutney,0.0
14949,पंजाबी साबुत मूंग की दाल रेसिपी - Punjabi Sabut Moong Ki Dal Recipe,0.0
15264,South Indian Style Vazhaithandu Poriyal Recipe - Banana Stem Curry with No Onion and No Garlic,0.0
14948,Bharli Bhendi Recipe - Maharashtrian Style Stuffed Bhindi,0.0
15263,Cabbage Bhurji Recipe,0.0
15262,Palak Makki Ki Roti Recipe - Spicy Spinach Cornmeal Flatbread Recipe),0.0
2468,Green Beans Fry (Recipe In Hindi),0.0
15243,Lemongrass Coconut Rice Recipe,0.0
2648,Foxtail Millet Idli Recipe - Healthy Indian Diabetic Idli Recipe,0.0
14939,Kerala Pumpkin Black Eyed Beans Erissery Recipe,0.0
15067,Kerala Style Kanji Payar Recipe,0.0
2495,Arbi Ke Patte Ke Pakode - Colocasia Leaf Rolls Recipe,0.0
15116,Ghee Masala Dosa Recipe,0.0
15122,Murungakkai Mor Kuzhambu Recipe-Drumstick Buttermilk Curry,0.0
15037,मंगानेम रेसिपी - Goan Style Chana Dal Payasam Recipe,0.0
15039,Kurkure Karela Sabzi Recipe - Crispy Karela Bhujiya,0.0
15041,Kashmiri Style Paneer in Spiced Milk Curry Recipe-Roz Ka Khana In Figaro Olive Oil,0.0
15121,आलू गाजर मटर सब्ज़ी रेसिपी - Aloo Gajar Matar Sabzi Recipe,0.0
15120,मूली रायता रेसिपी - Mooli Raita Recipe,0.0
15042,Kashmiri Style Tamatar Chaman Recipe -Paneer Cooked With Tomatoes,0.0
15119,Matar Masala Recipe - Peas In Onion Tomato Gravy,0.0
15117,Tomato Quinoa Recipe - With A South Indian Twist,0.0
15043,Vellarikka Kosumalli Recipe- South Indian Style Cucumber Salad,0.0
15044,चाउ चाउ कोथमली चटनी रेसिपी - Chow Chow Kothamalli Chutney Recipe,0.0
15125,Carrot Tadka Raita Recipe- Crunchy Grated Carrot In Yogurt,0.0
15115,Bengali Lau Die Tetor Dal Recipe - Yellow Moong Dal With Bitter Gourd & Bottle Gourd,0.0
15045,Pudina Sooji & Oats Dhokla Recipe - Steamed Semolina Cake With Oats & Mint Leaves,0.0
15281,Gujarati Palak Dhokla Recipe - Steamed Spinach Lentil Cakes,0.0
15046,ढाबा स्टाइल उरद दाल रेसिपी - Dhaba Style Urad Dal Recipe,0.0
15047,Makki Ki Roti Recipe - A Classic North Indian Corn Roti,0.0
2528,Tomato Rasam Recipe (Tomato Rasam),0.0
15112,Green Moong Dal And Vegetable Idli Recipe,0.0
15048,आंध्रा स्टाइल मूंगफली चटनी रेसिपी - Andhra Style Peanut Chutney Recipe,0.0
15111,Sweet and Spicy Raw Mango Chutney Recipe,0.0
15110,Yellow Pumpkin Dal Recipe,0.0
15124,Ragi Wheat Phulka Recipe- Diabetic Friendly Ragi Roti,0.0
15034,Kashmiri Style Shab Deg Recipe-Mutton Kofta and Turnip Curry,0.0
15109,Milagai Podi Uthappam Recipe - Spicy Chilli Powder Pancake Recipe,0.0
15135,तमिल नाडु स्टाइल ब्रोकली पोरियल रेसिपी - Tamil Nadu Style Broccoli Poriyal Recipe,0.0
15143,Moong Dal Dosa Recipe,0.0
2520,Gujarati Sev Tameta Nu Shaak | Sev Tamatar Ki Sabzi Recipe,0.0
15141,Egg Roast Masala Dosa Recipe - With Moong Dal Dosa Batter,0.0
2522,Pumpkin Wade (Sweet Pumpkin Pooris) Recipe,0.0
15138,Vazhaipoo Paruppu Usili Recipe - Banana Flower Paruppu Usili,0.0
2525,Arbi Ke Kebab Recipe - Arbi Ke Kebab Recipe,0.0
2580,Andhra Style Tamati Pachadi Recipe - Andhra Style Tamati Pachadi (Recipe In Hindi),0.0
15027,Parwal Masala Recipe - No Onion No Garlic Recipe,0.0
15028,Matki Chi Usal Recipe - Spicy Moth Sprouted Salad,0.0
15136,Bhindi Tomato Sabzi with Panch Phoran Masala,0.0
15134,Mooli Raita Recipe - Spiced Yogurt Salad with Radish,0.0
15032,Chicken Vindaloo Recipe,0.0
2579,Orio Paneer Modak Recipe,0.0
15133,Ragi Kanji Recipe - Salt Version,0.0
15132,Green Chutney Recipe - Coriander Mint Chutney Recipe,0.0
2578,"Beetroot, Carrot and Cucumber Salad Recipe - Beetroot, Carrot & Cucumber Salad with Peanuts Recipe",0.0
15131,Carrot Capsicum Poriyal Recipe,0.0
15130,One Pot Tomato Rice Recipe Using Preethi Electric Pressure Cooker - Thakkali Sadam,0.0
15128,भट्ट की दाल रेसिपी - Bhatt Ki Dal Recipe,0.0
15031,साओजी अंडे की करी रेसिपी - Saoji Egg Curry Recipe,0.0
15127,गाजर तड़का रायता रेसिपी - Carrot Tadka Raita Recipe,0.0
15126,मसालेवाली तुरई की सब्ज़ी रेसिपी - Masalewali Turai Sabzi Recipe,0.0
2568,Milagu Keerai Poricha Kootu Recipe - Palak And Moong Dal Kootu,0.0
2567,Garlic Methi Raita Recipe,0.0
15214,Kerala Style Whole Wheat Parotta Recipe,0.0
15062,Spinach And Coriander Dosa Recipe,0.0
15087,Raw Mango Cucumber Salad Recipe with Roasted Peanuts,0.0
15086,Bharwa Pyaz Ki Sabzi Recipe,0.0
2539,Pattani Sundal Recipe - Green Peas Sundal Recipe,0.0
15084,Broccoli Rava Idli Recipe,0.0
15058,Khatte Pudina Aloo Recipe - Tangy Mint Potatoes,0.0
15081,Khichdi With Fresh Spices Recipe,0.0
15059,पंजाबी स्टाइल टिंडा सब्ज़ी रेसिपी - Punjabi Style Tinda Sabzi Recipe,0.0
15080,Pudina Chutney Recipe,0.0
2557,Milk Sooji Fudge Recipe,0.0
15078,Farali Dhokla - Kuttu Ka Dhokla Recipe,0.0
15077,Hurali Kalu Chutney Recipe - Horse Gram Chutney Recipe,0.0
15089,Rajasthani Kadhi Recipe,0.0
15063,Dal Vangi Recipe - Spicy Lentils with Roasted Eggplant,0.0
15076,"South Indian Kosambari Recipe With Raw Mango, Cucumber, Carrot & Beetroot",0.0
15075,Roasted Pumpkin Rava Dhokla Recipe - Sooji Dhokla,0.0
15064,कश्मीरी दही बैंगन रेसिपी - Kashmiri Dahi Baingan Recipe,0.0
15073,Spicy Tomato Uttapam With Garlic Recipe,0.0
15072,केरला स्टाइल अप्पम रेसिपी - Kerala Style Appam Recipe,0.0
15065,चिकन शोले कबाब रेसिपी - Chicken Sholay Kebab Recipe,0.0
2549,Sweet and Sour Mangalore Cucumber Chutney Recipe,0.0
15069,Kerala Style Appam Recipe - Fermented Rice Pancakes With Coconut,0.0
2552,Onion Mango Salad Recipe - Instant Mango Pickle,0.0
15088,ब्रोकली रवा इडली रेसिपी - Broccoli Rava Idli Recipe,0.0
15090,Bengali Bhindi Doi Posto Recipe,0.0
2529,Vegetarian Malai Kebab Recipe,0.0
15099,कसी हुई ककड़ी का रायता रेसिपी - Grated Cucumber Raita Recipe,0.0
15051,शकरकंदी और मेथी का पराठा रेसिपी - Sweet Potato & Methi Stuffed Paratha Recipe,0.0
15107,धुगारे बैंगन रेसिपी - Dhungare Baingan Recipe,0.0
15106,Gajar Shalgam Ka Paani Wala Achar Recipe - Carrot And Turnip Pickle,0.0
15105,Vazhaithandu Pachadi Recipe - Banana Stem Raita,0.0
2532,Instant Dosa Mix Powder Recipe,0.0
15052,Sukha Kala Chana Masala Recipe - Ashtami Prasad,0.0
15103,Carrot Methi Jowar Thepla Recipe,0.0
15102,"Kala Chana Salad Recipe With Carrots, Cucumber & Tomatoes",0.0
15101,Ragi & Oats Rava Idli Recipe-Finger Millet and Oats Idli,0.0
15100,गाजर शिमला मिर्च पोरियल रेसिपी - Carrot Capsicum Poriyal Recipe,0.0
15098,धनिये वाला तड़का रायता रेसिपी - Sweet & Spicy Coriander Tadka Raita (Recipe In Hindi),0.0
2560,Andi Unda (Kerala Special Cashew & Rice Balls) Recipe,0.0
2535,Maharashtrian Tomato Essence Recipe,0.0
15096,Raw Mango Coconut Chutney Recipe,0.0
2537,Pineapple Cucumber Salad Recipe,0.0
2564,Avarakalu Rawa Laddu Recipe - No field beans semolina,0.0
2561,Ragi Kanji Recipe - Salt Version,0.0
15094,मसाला डोसा रेसिपी लाल चटनी के साथ - Masala Dosa With Red Chutney Recipe,0.0
15093,Microwave Oats Milk Halwa Recipe,0.0
15092,मटर मसाला रेसिपी - Matar Masala Recipe,0.0
15091,How To Make Homemade Idiyappam Recipe - Rice Sevai Recipe,0.0
15056,Sarson Chole Ka Saag Recipe - Kabuli Chana In Mustard Leaves Gravy,0.0
2583,Quinoa Rice Pudding With Turmeric Recipe,0.0
2585,Thakkali Rasam Recipe - South Indian Tomato Rasam,0.0
15144,High Protein Soya Dosa Recipe,0.0
14992,बैंगन मेथी का भरता रेसिपी - Baingan Methi Ka Bharta Recipe,0.0
14987,Pumpkin Erissery Recipe - Kerala Pumpkin Coconut Curry,0.0
14988,चावल बनाने की विधि रेसिपी - Steamed Rice Recipe,0.0
14989,Muttaikose Pattani Poriyal Recipe - Tamil Nadu Style Cabbage And Peas Stir Fry,0.0
15195,बैंगन सरसों का साग रेसिपी - Baingan Sarson Ka Saag Recipe,0.0
15193,Italian Oats Bread Upma Recipe,0.0
15192,Manathakkali Keerai Molagootal Recipe - Kootu Green And Lentil Curry In Coconut,0.0
2608,Indian Spicy Masala Cookie Recipe (Khara Biscuit),0.0
2502,Fish Tikka Masala Skewer Recipe,0.0
14991,Paasi Paruppu Beans Poriyal Recipe - Moong Dal & French Beans Stir Fry,0.0
15189,Foxtail Millet Paruppu Adai With Keerai Recipe - Foxtail Millet and Lentil Crepes with Spinach,0.0
14993,Punjabi Mooli Ki Bhurji Recipe,0.0
2501,Dum Arbi (Recipe In Hindi),0.0
15187,फॉक्सटेल मिलेट कीरइ परुप्पु अडाई रेसिपी - Foxtail Millet Paruppu Adai With Keerai Recipe,0.0
15186,Karuveppilai Podi Idli Recipe-Spicy Lentil & Curry Leaves Powder Tossed Idli,0.0
15068,Chaal Kopi Recipe - Bengali Style Cauliflower Stir Fry,0.0
2505,Kerala Style Puttu Upma Recipe With Scrambled Eggs,0.0
15184,Moong Dal Idli With Thengai Milagai Podi Recipe,0.0
15183,Mixed Vegetable Sambar Recipe - Tangy Lentil Curry With Vegetables,0.0
14995,Menthia Keerai Paruppu Usili Recipe - Steamed Lentil Crumbled With Fenugreek Leaves,0.0
15182,Mini Chilli Cheese Aloo Kulcha Recipe,0.0
15181,Mavinakayi Gojju Recipe - Mango Curry,0.0
15180,Menthya Jolada Mudde Recipe - Methi & Jowar Balls Recipe,0.0
15196,Roasted Peanut & Fried Gram Chikki Recipe,0.0
14986,कल्याना वीतु सेनाई करी रेसिपी - Kalyana Veetu Senai Curry Recipe,0.0
15146,Paal Kozhukattai Recipe With Bananas - With Vegan Option,0.0
14977,Saragva Nu Lot Valu Shaak - Gujarati Besan Drumstick Sabzi,0.0
15213,Leftover Dal Paratha Recipe,0.0
14974,Sukhe Methi Chole Recipe,0.0
15212,Bharma Baingan Ki Sabzi Recipe - Spicy Stuffed Brinjals,0.0
15211,कढ़ाई पनीर रेसिपी - Kadhai Paneer Recipe,0.0
15210,आमला मेथी सुखी सब्ज़ी रेसिपी - Amla Methi Sukhi Sabzi Recipe,0.0
15209,Homemade Thengai Sevai Recipe - Coconut Idiyappam Recipe,0.0
15208,Karnataka Style Gorai Kai Kara Recipe - Cluster Beans Chutney,0.0
15207,पनीर और हरे मटर का पराठा रेसिपी - Paneer and Green Peas Paratha Recipe,0.0
14975,मदुराई टमाटर की चटनी रेसिपी - Madurai Spicy Tomato Chutney Recipe,0.0
2614,Pyaz Wali Bhindi (Recipe in Hindi),0.0
15206,Chettinad Vegetable Pulao Recipe,0.0
2609,Tamil Nadu Style Coconut Chutney Recipe - For Idli And Dosa,0.0
2497,Instant Masala Beans Idli Recipe,0.0
15204,Sundakkai / Manathakkali Kai Vathal Kuzhambu Recipe - A Spicy Tamarind Curry,0.0
14978,Doi Shorshe Chingri - Prawn Mustard Curry Recipe,0.0
14979,Kashmiri Saag Recipe - Kashmiri Style Spinach / Palak,0.0
15203,गाजर शिमला मिर्च दाल रेसिपी - Carrot And Capsicum Mix Dal Recipe,0.0
15202,Pineapple Rasam Recipe,0.0
15201,Mango Falooda Recipe,0.0
2498,Vellai / Jaggerya Dosa Recipe,0.0
14983,Bhoplya Cha Bharit Recipe – Maharashtrian Pumpkin Sabzi,0.0
15199,Red Chilli Coconut Chutney Recipe - South Indian Chutney,0.0
15179,Red Chilli Thecha - Maharashtrian Style Red Chilli Chutney Recipe,0.0
15178,पुडलंगाई पोरियल रेसिपी - Pudalangai Poriyal Recipe,0.0
2506,Instant Red Chilli Pickle Recipe,0.0
15017,Nawabi Paneer Curry Recipe,0.0
15163,Dill Cucumber Raita Recipe,0.0
15013,शाही अंडे की करी रेसिपी - Shahi Egg Curry Recipe In Tomato & Cashew Gravy,0.0
15162,Oats Pesarattu Recipe - Oatmeal & Green Gram Crepes,0.0
15014,Mushroom Baby Corn Kaalimirri Recipe - Pepper Cashew Gravy,0.0
2513,Kaya Tholi Thoran Recipe (Raw Banana Thoran),0.0
15160,दाल कबीला रेसिपी - Dal Kabila Recipe,0.0
2516,Masala Soda Shikanji Recipe - Masala Soda Shikanji Recipe,0.0
2517,Banana And Ragi Porridge Recipe For Babies And Toddlers,0.0
15157,Kadale Chutney Recipe - Fried Gram Chutney,0.0
2596,Jhangore Ki Kheer (Recipe In Hindi),0.0
15154,Yellow Pumpkin Pulao Recipe,0.0
2605,Matar Ki Tehri Recipe (Matar Ki Tehri),0.0
2591,Milk pudding recipe,0.0
15153,Narikol Pitha Recipe - Sweetened Coconut Fritter,0.0
2589,Pineapple Paneer Darts Recipe,0.0
2588,Karela Tikki Recipe - Healthy Diabetic Snack,0.0
15152,थंडू कीरई पोरियल रेसिपी - Thandu Keerai Poriyal Recipe,0.0
2586,Aam Ka Panna Recipe With Jaggery,0.0
15150,Beetroot Garlic Lemon Rasam Recipe,0.0
15148,केरला स्टाइल टमाटर फ्राई रेसिपी - Kerala Style Tomato Fry Recipe,0.0
15023,Matar Paneer Kulcha Recipe -Cottage Cheese And Peas Stuffed Leavened Flat Bread,0.0
15147,Chettinad Eral Thokku Recipe - Prawn Masala,0.0
15012,कच्चा आम और हरे प्याज की चटनी रेसिपी - Raw Mango And Spring Onion Chutney Recipe,0.0
15164,कच्चा केला और भिंडी की सब्ज़ी रेसिपी - Kaccha Kela Aur Bhindi Ki Sabzi Recipe,0.0
15165,खट्टे पुदीना आलू रेसिपी - Khatte Pudina Aloo Recipe,0.0
15166,Tomato Dosa Recipe,0.0
15176,Thandu Keerai Poriyal Recipe - Amaranth Leaves Stir Fry,0.0
14997,Pumpkin Thoran Recipe - South Indian Pumpkin Sabzi,0.0
2604,Homemade Rice Cereal Recipe (Babies-4 months onward),0.0
15175,Masala Lachha Paratha Recipe,0.0
14999,Turia Muthia Nu Shaak Recipe - Gujarati Style Turai Sabzi,0.0
2508,Paneer Do Pyaza Recipe,0.0
2510,Quinoa and Vegetable Saute Recipe,0.0
2603,Corn cake recipe,0.0
15172,टोफू भुर्जी रेसिपी - Tofu Bhurji Recipe,0.0
15001,Jodhpuri Aloo Recipe,0.0
2602,Dill Cucumber Raita Recipe,0.0
15005,Manda Pitha Recipe-Orissa Style Steamed Rice Flour Dumplings,0.0
15171,Amaranth Leaves Khichdi Recipe,0.0
15006,Mango Kalakand Recipe,0.0
15170,High-Protein Peanut Chutney Recipe-Indian Style Peanut Chutney Without Coconut,0.0
15169,Spongy Quinoa Idli Recipe,0.0
2599,Carrot Methi Pachadi Recipe,0.0
15168,Bedmi Poori Recipe - Spiced Split Black Lentil Pooris,0.0
2598,Chettinad Podalangai Vadai Recipe (Chettinad Style Snake Gourd Fritters),0.0
15011,आमला थोगयल रेसिपी - Amla Thogayal Recipe,0.0
15167,सूखे छोले रेसिपी - Sukhe Chole Recipe,0.0
6147,Keerai Vadai Recipe (Spinach & Bengal Gram Fritters),0.0
15403,Doddapatre Tambuli Recipe (Karpooravalli Thayir Pachadi),0.0
2440,Poricha Kuzhambu Recipe (Tamil Nadu Style Mixed Vegetables and Lentil Stew),0.0
15724,Kathiyawadi Stuffed Onion Recipe,0.0
15743,Brahmin Style Vegetable Kurma Recipe,0.0
15742,Stuffed Mooli Paratha Recipe With Radish Greens,0.0
15740,Dondakkai / Kovakkai Poriyal Recipe - Tindora Poriyal,0.0
15737,Pudina Tambuli Recipe,0.0
15736,Chettinad Special Steamed Lentil Dumplings Gravy - Kola Urundai Kuzhambu,0.0
15735,Nagori Puri Recipe (Semolina Puri),0.0
15732,Kerala Style Chena Mezhukkupuratty Recipe - Yam Stir Fry,0.0
15731,Thakkali Gotsu Recipe | Thakkali Curry | Spicy & Tangy Tomato Gravy,0.0
15730,Mint Coriander Spice Pulao Recipe,0.0
15729,Keerai Karamani Kuzhambu- Palak Lobia Curry Recipe,0.0
2054,Pandu Mirapakaya Pachadi - Andhra Red Chilli Chutney Recipe,0.0
2056,Chingiri Paturi Recipe,0.0
15726,Andhra Style Pachi Pulusu Recipe -Raw Tamarind Rasam,0.0
15722,Mooli Ka Saag & Moong Dal Ki Sabzi (Dry) - Radish Leaves & Lentil Stir fry,0.0
2041,Panjiri Recipe - Healthy Punjabi Dry Fruit Snack,0.0
15721,Karnataka Style Orange Peels Curry Recipe,0.0
15720,Ayala Fish Fry Recipe,0.0
15719,Kongunadu Style Senai Kilangu Masala Recipe - Yam in Spicy Gravy,0.0
2067,Lauki Badi Ki Sabzi Recipe,0.0
15717,Spicy Pressure Cooker Mutton Curry Recipe,0.0
15716,Konkani Style Vali Bendi Recipe-Malabar Spinach Curry,0.0
15714,Bengali Style Labra Recipe - Mix Vegetable Sabzi,0.0
15713,Tok Dal Recipe (Bengali Style Masoor Dal),0.0
15711,Moong Dal With Radish Greens Recipe,0.0
15709,Kerala Style Brinjal Curry Recipe | Spicy Eggplant Curry in Coconut Milk,0.0
15707,Moolangi Tovve Recipe - Radish Curry,0.0
15706,Mulakootal Recipe (Vegetables In Coconut Gravy),0.0
15704,Goan Style Black Chickpeas And Cucumber Masala Recipe (Taushem Tondak),0.0
2043,Foxtail Millet Khichdi Recipe with Batata Aloo Nu Shaak,0.0
15747,Matta Rice/ Chemba Rice Recipe-Pressure Cooker Method,0.0
15784,Red Capsicum Poriyal Recipe - Red Bell Pepper Stir Fry,0.0
2022,Kanchipuram Idlis Recipe,0.0
15782,Arbi Dahi Wali Sabzi Recipe,0.0
15781,Menthi Vankaya Recipe - Andhra Style Fenugreek Spiced Baingan,0.0
2016,Coriander Chicken Roast Recipe,0.0
15779,Kasuri Methi Paneer Sabzi Recipe,0.0
15778,"Kashmiri Pulao Recipe - Pulao Spiced With Saffron, Whole Spices & Nuts",0.0
15777,Kathirikai Gothsu / Gotsu Recipe - South Indian Style Spicy and Tangy Eggplant Curry,0.0
15776,Kothamalli Karuveppilai Sadam Recipe - Coriander And Curry Leaves Rice,0.0
15774,Carrot Methi Pachadi Recipe,0.0
15773,Karwar Style Muga Ambat Recipe (Moong Sprouts in Coconut Curry),0.0
15772,Lemon Rice Recipe - Elumichai Sadam/Chitranna,0.0
15771,Togari Bele Tovve Recipe - Toor Dal Rasam,0.0
2021,Methi Lachha Paratha Recipe,0.0
15769,Kashmiri Style Chaman Recipe-Qaliya Cottage Cheese Curry,0.0
15767,Doodh Jhinge Curry Recipe-Ridge Gourd Cooked In Milk,0.0
15749,Karwar Style Dali Thoy Recipe - Toor dal Curry,0.0
15766,Phulka Recipe (Roti/Chapati) - Puffed Indian Bread,0.0
2027,Andhra Style Kandagadda Vepudu Recipe - Yam Stir Fry Recipe,0.0
15763,Konkani Style Mooga Ghushi Recipe-Sprouted Whole Green Gram In Tangy Coconut Gravy,0.0
15761,Panasa Pottu Pappu Koora Recipe - Jackfruit & Dal Curry,0.0
2029,Makhana Moongphali Ki Kadhi Recipe - Navratri Fasting/Vrat Recipe,0.0
2031,Badusha Recipe | Balushahi Recipe - Sweet Indian Doughnut,0.0
15758,Rajasthani Chawle Wale Dhokle Recipe,0.0
15757,Murgh Aur Masoor Dal Recipe-Bombay Style Chicken with Dal,0.0
2033,Stuffed Palak Paneer Paratha,0.0
15753,Nadan Kozhi Recipe | Kerala Chicken Curry | Nadan Chicken Curry,0.0
2034,Muringakka Manga Mulakushyam - Mango & Drumstick Kootu Curry,0.0
2035,Podi Potta Pachhai Kathirikai | Brinjal Stir Fry Recipe With Curry Powder,0.0
2037,Vatanyacha Phadna Recipe - Sugar Snap Peas Stir Fry,0.0
15703,Savory Shrimps On Skillet Recipe,0.0
15702,Kondakadalai Vazhathandu Puli Thengai Kuzhambu Recipe (Banana Stem Curry with Black Chickpeas Recipe),0.0
2073,Chamadumpa Sabzi Recipe - Andhra Style Dry Baked Masala Arbi,0.0
2123,Gujarati Khatta Dhokla Recipe,0.0
2109,Mugachi Usal Recipe -Spicy Moong Sprouted Sabzi,0.0
15653,Doddapatre Soppina Chitranna Recipe (Spiced Indian Thyme Rice),0.0
15652,Andhra Style Vegetarian Biryani with Soya Chunks Recipe,0.0
15644,Thayir Semiya Recipe (Curd Semiya),0.0
15643,Chettinad Style Kara Kuzhambu Recipe with Potato and Brinjal,0.0
2116,Nankhatai Recipe - A Spiced Eggless Indian Cookie,0.0
2117,Rava Ladoo Recipe | Sooji Laddu Recipe,0.0
2119,The Oat and Green Moong Dal Pesarattu-Savory Lentil Crepe Recipe,0.0
15638,Gutti Vankaya Recipe - Andhra Style Stuffed Brinjal,0.0
2120,Uppu Seedai Recipe - Krishna Janmashtami | Gokulashtami,0.0
15636,Karwar Style Surana Bhaji Recipe - Hot and Sour Yam Dry Curry,0.0
15634,Urulai Kizhangu Masiyal Recipe (Potatoes in a Tangy lemon and Ginger Gravy),0.0
2121,Vellai Seedai Recipe - Krishna Janmashtami | Gokulashtami Recipe,0.0
15631,Vadyancho Ross Recipe (Ash Gourd Chips Curry),0.0
15700,Aloo Potol Posto Recipe (Aloo Parwal in Poppy Seed Masala Recipe),0.0
15630,Carrots & Sweet Potato Stuffed Paratha Recipe,0.0
15628,No Onion No Garlic Aloo Makhana Sabzi Recipe,0.0
15627,Bhaat Na Rasawala Muthia Dhokla Recipe | Gujarati Rasiya Dhokla,0.0
15625,Kuvale Sasam Recipe - Konkani Ash Gourd Curry,0.0
15623,Mullangi Poriyal Recipe,0.0
15621,Rajasthani Style Sukhe Gatte Capsicum Ki Sabzi Recipe,0.0
15620,Assamese Style Walking Catfish In Curry Leaf Gravy Recipe,0.0
2138,Tulsi Kashayam Recipe (Kaada) - Herbal Drink From Tulsi,0.0
15615,Nutty Aloo Paratha Recipe,0.0
2140,Andhra Gongura Pulihora Recipe | Gongura Puliyodharai | Spicy Red Roselle Leaves Rice,0.0
2141,Whole Wheat Methi Garlic Naan Recipe | Oven Method with yeast,0.0
2145,Karnataka Style Ragi Ujju Rotti Recipe,0.0
15609,Senai Kizhangu Poriyal Recipe-Yam Poriyal Recipe,0.0
15656,Aloo Bhindi Recipe Flavored With Mustard And Poppy Seeds,0.0
2108,Mullu Murukku Recipe - Chakli Recipe - South Indian Snack,0.0
2107,Whole Wheat Masala Papdi Recipe / Kadak Puri Recipe,0.0
2103,Punjabi Samosa Recipe - A Spiced Potato Tea Time Snack,0.0
15699,Sorekai Majjige Huli Recipe (Bottle Gourd In Coconut Yogurt Curry Recipe),0.0
2074,Gulab Phirni Recipe - Rose Flavoured Rice Pudding Shots,0.0
2076,Mulyachi Bhaji Recipe - Goan Style Mooli Ki Sabzi,0.0
15696,Grated Beetroot Chilli Paratha Recipe,0.0
2077,Pan Fried Brussel Sprouts Recipe,0.0
15694,Bengaluru Style Brinjal Gravy Recipe - For Biryani,0.0
15693,Halli Style Mutton Saaru Recipe - South Indian Mutton Curry,0.0
2079,Ajwain Puri Recipe - Puri Flavoured With Carom Seeds,0.0
15691,Maa Ki Dal Recipe - Punjabi Style Black Urad Dal Recipe,0.0
15689,Maavina Hannina Gojju (Karnataka Style Ripe Mango Curry Recipe),0.0
2081,Milagu Keerai Poricha Kootu Recipe - Palak And Moong Dal Kootu,0.0
15686,Cauliflower In Coconut Milk Curry Recipe,0.0
15685,Karwar Style Kairichi Udid Methi Recipe (Raw Mango Methi Curry),0.0
2083,Tamil Nadu Style Kothamali Aval Upma Recipe - Coriander Poha Recipe,0.0
15683,Fish Tandoori Recipe,0.0
2084,Namak Para Recipe - Traditional Diwali Snack Recipe,0.0
15679,Achari Amla Mirchi Ki Sabzi Recipe - Gooseberry & Green Chilli Sabzi,0.0
15677,Goan Style Mushroom Shagoti Recipe,0.0
2085,Shakkar Para Recipe | Gur Para | Shankarpali - Diwali Festive Snack,0.0
15675,Peanut Curry Recipe,0.0
2092,Kashmiri Dahi Baingan Recipe,0.0
2093,Cucumber Mor Kuzhambu Recipe (Cucumber Curry),0.0
15668,Kerala Style Taroo Root Curry Recipe (Colacasia),0.0
15667,तुरई चना सब्ज़ी - Ridge Gourd With Black Gram Dal (Recipe In Hindi),0.0
15666,Kerala Cherupayar Curry Recipe (Green Moong and Yellow Moong Dal Recipe),0.0
2098,Tandoori Aloo Tikka Recipe - Indian Spiced Roasted Smoked Potatoes,0.0
15664,Eggplant In Mustard Poppy Seed Yogurt Gravy Recipe-Begun Doi Sorse Posto bata Jhol,0.0
15783,Sweet Corn Poriyal Recipe,0.0
15785,Barnyard Millet and Ragi Khichdi Recipe,0.0
2439,Besan Ladoo (Recipe In Hindi),0.0
15879,Sesame Peanut Potato Mix Recipe,0.0
15895,Kashmiri Style Dum Oluv Recipe - Dum Aloo Recipe,0.0
1884,Kodubale Recipe - Tea Time Snack From Karnataka,0.0
1886,Roat Recipe | Uttarakhand Style Sweetened Flatbread,0.0
15891,Gajar Pulao Recipe - Spiced Carrot Rice,0.0
15890,Gehu Bajra Thepla Recipe - Bajra Masala Paratha,0.0
15889,Narthangai Curry | Sweet and Sour Citron fruit Curry,0.0
1887,Hariyali Chicken Tikka Masala Recipe,0.0
1893,Chicken Sholay Kebab Recipe,0.0
15886,Lauki Badi Ki Sabzi Recipe,0.0
15885,Palak Gobi Sabzi Recipe (Indian Style Cauliflower with Spinach),0.0
15884,Parangikkai Keerai Kuzhambu Recipe (Pumpkin Spinach Curry),0.0
1898,Drumstick Leaves Kadhi Pakora Recipe - Moringa Kadhi Pakora,0.0
1899,Beetroot Poriyal Recipe - Stir Fried Beetroot,0.0
15878,Pandu Mirapakaya Pachadi - Andhra Red Chilli Chutney Recipe,0.0
1868,Mamidikaya Pappu Recipe - Andhra Raw Mango Dal,0.0
15877,Fruit Pachadi Recipe,0.0
15876,Chingiri Paturi Recipe,0.0
15875,Green Chilli Vegetable Recipe,0.0
15869,Goan Style Brinjal Bharta Recipe,0.0
1913,Kasuri Methi Mach Recipe - Dry Fenugreek Flavoured Fish Curry,0.0
1918,Narangi Pulao Recipe - Orange Flavoured Rice,0.0
15866,Dahi Wale Tinda Ki Sabzi Recipe - Apple Gourd in Yogurt Curry,0.0
15865,Karnataka Style Ragi Ujju Rotti Recipe,0.0
15864,Bajri Ki Roti Recipe,0.0
15863,Beet and Avocado Chapati Recipe,0.0
15862,Foxtail Millet Idli Recipe - Healthy Indian Diabetic Idli Recipe,0.0
15861,Kerala Olan Recipe with Pumpkin and Black Eyed Beans - Coconut Milk Vegetable Stew,0.0
15860,Meen Peera (Kerala Style Fish Recipe With Shredded Coconut),0.0
15896,Chicken Cooked in Banana Leaves Recipe,0.0
1862,Karnataka Style Hurigadale Tambittu Recipe - Gram Flour Ladoo,0.0
15786,Vankaya Gasagasala Kura | Andhra Style Eggplant Poppy Seeds Curry Recipe,0.0
15922,Chamadumpa Sabzi Recipe - Andhra Style Dry Baked Masala Arbi,0.0
1806,Chettinad Beans & Cauliflower Poriyal Recipe (South Indian Stir Fry),0.0
1807,Pumpkin Sabzi Recipe with Panch Phoron Masala,0.0
15935,Moong Dal Sookhi Sabzi Recipe,0.0
15934,Sweet Potato Sabzi Recipe,0.0
15933,The Oat and Green Moong Dal Pesarattu-Savory Lentil Crepe Recipe,0.0
1811,Ukad Recipe - Maharashtrian Rice Flour Porridge,0.0
15929,Ajwain Puri Recipe - Puri Flavoured With Carom Seeds,0.0
1816,Andhra Style Kandi Pachadi Recipe (Masoor Dal Chutney Recipe),0.0
1817,Murgh Malai Kebab Recipe - Chicken Malai Kebab,0.0
15926,Pan Fried Brussel Sprouts Recipe,0.0
15925,Mulyachi Bhaji Recipe - Goan Style Mooli Ki Sabzi,0.0
15924,Gulab Phirni Recipe - Rose Flavoured Rice Pudding Shots,0.0
15923,Spicy & Masaledar Aloo Gobi & Beans Tawa Sabzi Recipe,0.0
1829,Rajma Kofta In Milk And Poppy Seed Gravy Recipe,0.0
15902,Tamil Nadu Style Kothamali Aval Upma Recipe - Coriander Poha Recipe,0.0
15918,Badusha Recipe | Balushahi Recipe - Sweet Indian Doughnut,0.0
15916,नुव्वुला पचड़ी रेसिपी - Nuvvula Pachadi Recipe,0.0
15915,Andhra Style Kandagadda Vepudu Recipe - Yam Stir Fry Recipe,0.0
1838,Shakarkand Beans Subzi Recipe (Spicy Sweet Potato Beans Stir fry),0.0
15912,Suran Kofta Curry Recipe - Yam Kofta Curry,0.0
15911,Kanchipuram Idlis Recipe,0.0
15910,Methi Lachha Paratha Recipe,0.0
1847,Hariyali Chicken Tikka Recipe,0.0
15908,Stuffed Palak Paneer Paratha,0.0
15907,Muringakka Manga Mulakushyam - Mango & Drumstick Kootu Curry,0.0
1848,No Onion And No Garlic Aloo Gajar Matar Ki Sabzi Recipe,0.0
15905,Podi Potta Pachhai Kathirikai | Brinjal Stir Fry Recipe With Curry Powder,0.0
15904,Milagu Keerai Poricha Kootu Recipe - Palak And Moong Dal Kootu,0.0
15859,Gujarati Methi Thepla- Spiced Indian Flat Bread with Fenugreek Leaves,0.0
1920,Thor Chal Recipe - Banana Stem Pulao Recipe,0.0
15857,Puli Koozh Recipe - Rice Flour Porridge In Tamarind,0.0
15804,Singhara Pulao Recipe - Water Chestnut Mixed Rice,0.0
15820,Almond and Cashew Nut Mushroom Curry Recipe,0.0
1972,Rajasthani Dal Muthiya Recipe,0.0
1974,Kerala Style Vegetable Stew Recipe with Coconut Milk,0.0
1975,Kashmir Style Bom Chount/Wangan Recipe-Spicy Apple Brinjal Curry,0.0
1983,Baked Modak and Karanji/Gujiya Recipe,0.0
1984,Matar Karanji /Gujiya Recipe (Maharashtrian Deep Fried Savoury Pastry),0.0
15813,Andhra Dondakaya Ulli Kura Karam Recipe | Andhra Kovakkai Fry,0.0
1985,Curd Oats Recipe,0.0
15810,Whole Wheat Methi Garlic Naan Recipe | Oven Method with yeast,0.0
15809,Karamani Poriyal Recipe - Yard Long Beans Stir Fry | Chawli | Barbati Sabzi,0.0
1992,Baked Amritsari Kulcha Recipe (Without Yeast),0.0
2000,Stuffed Mooli Paratha Recipe (Radish Flat Bread),0.0
2003,Chettinad Rasam Powder Recipe,0.0
15803,Mulakootal (Vegetables In Coconut Gravy) Recipe,0.0
15856,Bihari Shakarkand Bhujiya Recipe - Spicy Sweet Potato Sabzi,0.0
15801,अरबी मसाला कसूरी मेथी के साथ - Arbi Masala (Recipe In Hindi),0.0
15800,Tamil Nadu Style Ulundhu Kuzhambu Recipe - Black Lentil Curry,0.0
2006,Maharastrian Kairichi Amti Recipe - Raw Mango Curry Recipe,0.0
2007,Maharashtrian Gopalkala Recipe (Curd Poha With Fruits),0.0
2009,Prawn Cutlets With Sweet Potatoes Wedges Recipe,0.0
2011,Restaurant Style Hara Bhara Kebab Recipe - Vegetarian Green Patties,0.0
15794,Karnataka Style Sabsige Soppu Akki Rotti (Dill leaves and flattened Rice Bread Recipe),0.0
2012,Bhaat Na Muthiya Dhokla Recipe | Gujarati Farsan | Snack,0.0
15792,No Onion No Garlic Aloo Gajar Ki Sabzi Recipe,0.0
2014,Chettinad Cauliflower Pepper Fry Recipe - Chettinad Poo Kosu Poriyal,0.0
2015,Karnataka Style Huggi (Rice and Moong dal Savory Porridge),0.0
15789,Orange Rasam Recipe,0.0
15788,Dhaba Style Chana Masala From Deserts of Jaisalmer,0.0
1965,Mango Pulusu Recipe - Mamidi Pandu Pulusu Recipe,0.0
15822,Andhra Gongura Pulihora Recipe | Gongura Puliyodharai | Spicy Red Roselle Leaves Rice,0.0
1963,Karamani Poriyal Recipe - Yard Long Beans Stir Fry | Chawli | Barbati Sabzi,0.0
1958,Mullangi Mor Pachadi Recipe (Radish in spicy tempered Yogurt Gravy Recipe),0.0
1922,Brinjal Mor Kuzhambu Recipe,0.0
1930,Vazhakkai Poriyal Recipe - Raw banana Roast With Pepper,0.0
1931,Bell Pepper Sabji Recipe-No Onion No Garlic,0.0
15852,Homemade Easy Gulab Jamun Recipe - Delicious & Tasty,0.0
1936,Oats Methi Muthia Recipe-Healthy Diabetic Friendly Muthia,0.0
15850,Gujarati Sev Tameta Nu Shaak | Sev Tamatar Ki Sabzi Recipe,0.0
1937,Tamil Nadu Style Milagu Thattai Recipe,0.0
15847,Cucumber Mor Kuzhambu Recipe (Cucumber Curry),0.0
15846,Kashmiri Dahi Baingan Recipe,0.0
1938,Pumpkin Peas Palya Recipe,0.0
1940,Ragi Nippattu Recipe With Peanuts And Sesame - Ragi Thattai / Chekkalu,0.0
15843,Rava Ladoo Recipe | Sooji Laddu Recipe,0.0
15842,Gujarati Khatta Dhokla Recipe,0.0
15841,No Onion No Garlic Black Eyed Beans Curry Recipe,0.0
15840,Homemade Rice Puttu Recipe | Kerala Matta Rice or Basmati Rice,0.0
1944,Kashmiri Kokur T Nadir Recipe-Chicken and Lotus Stem Curry,0.0
15838,Chettinad Poondu Rasam Recipe | Spicy Garlic Rasam,0.0
15837,Dry Navratan Korma Recipe,0.0
15836,Tirunelveli Mor Kuzhambu Recipe,0.0
15834,Pohala Jhola Recipe (Pohala Fish Curry),0.0
15833,Panjiri Recipe - Healthy Punjabi Dry Fruit Snack,0.0
1950,Masaledar Moongphali Til Wale Aloo Recipe,0.0
1952,Chocolate Rava Ladoo Recipe,0.0
15830,Vatanyacha Phadna Recipe - Sugar Snap Peas Stir Fry,0.0
15829,Rajasthani Kachri Phali Ki Sabzi Recipe -Wild Cucumber And Beans Sabzi,0.0
15828,Pudina Moong Dal Recipe (Mint Moong Dal),0.0
15827,Awadh Style Bakarhani Roti Recipe ( Thick Spiced Flat-Bread Recipe ),0.0
2147,Gujarati Methi Thepla- Spiced Indian Flat Bread with Fenugreek Leaves,0.0
15606,Murg Badami Recipe - Chicken In Almond Gravy,0.0
15605,Poosanikai Haddu Sweet Curry Recipe - Pumpkin Sweet Curry,0.0
15378,Creamy and Delicious Fruit Custard Recipe,0.0
15392,Andhra Vankaya Fry Recipe With Peanuts - Brinjal Peanut Sabzi,0.0
2365,Curry Leaves Buttermilk Recipe - Curry Patta Chaas Recipe,0.0
15390,Menthe / Fenugreek Seeds Tambli Recipe (Karnataka Recipes),0.0
2369,Bharwa Besan Mirch Sabzi Recipe - Chillies Stuffed With Spiced Gram Flour,0.0
15387,Tawa Paratha Recipe - Plain Paratha,0.0
15386,Kathirikai Rasavangi Recipe - Eggplant is a Tangy Coconut Gravy,0.0
2371,Chettinad Masala Powder Recipe - Chettinad Masala Powder Recipe,0.0
15384,Gawarphali Ki Sabzi Recipe -Cluster Beans Sabzi,0.0
15383,Niramish Aloo Dum Recipe,0.0
15382,Mirchi Ke Tipore Recipe - Green Chilli Stir Fry,0.0
2373,Hibiscus (Chembaruthi) Neer Dosa Recipe,0.0
15380,Masala Roti Recipe-Soft and Spicy Indian Flat Bread,0.0
15379,Pachai Payaru Poriyal Recipe - Green Moong Sprout Poriyal,0.0
15377,Maharastrian Style Bharli Bhindi Recipe - Stuffed Bhindi With Coconut,0.0
2358,Pudina Pyaz Kachumber Salad Recipe - Mint Onion Kachumber Salad Recipe,0.0
15376,Matar Ajwain Ki Puri Recipe,0.0
15375,Bajra Kaddu Ki Roti Recipe - Bajra Pumpkin Roti Recipe,0.0
15373,Chenakayi Erissery Recipe - Yam Erissery,0.0
2379,Falsa/Phalsa Ka Sharbat Recipe - Indian Berry Juice,0.0
15371,Fajeto Recipe - Gujarati Ripe Mango Curry Recipe,0.0
15370,Bharva Baingan Recipe (Stuffed Roasted Eggplant),0.0
15369,Baked Fish Crisps Recipe (Fish Fry In Oven),0.0
15367,Rice With Quinoa Recipe- Pressure Cooker Method,0.0
2382,Stir Fried Beetroot (Recipe In Hindi),0.0
2385,Maharashtrian Steel Carichi Dal Recipe (Chana Dal & Raun Mango Hash),0.0
15362,Maharashtrian Narali Bhaat Recipe (Sweetened Coconut Rice),0.0
2387,Kulia Fruit Chaat Recipe,0.0
2389,Goan Dessert Sakhar Bhaat Recipe,0.0
2360,Spiced Buttermilk With Coriander And Ginger Recipe,0.0
2354,Aval Dosa | Poha Dosa Recipe (Savory Flattened Rice Crepe),0.0
2148,Kerala Olan Recipe with Pumpkin and Black Eyed Beans - Coconut Milk Vegetable Stew,0.0
15419,Moong Bean Sprouts Upkari Recipe - Moong Beans Stir Fry,0.0
2318,Bharwa Karela Masala (Recipe In Hindi),0.0
2319,Konkani Style Southe Koddel Recipe-Mangalore Cucumber in Coconut curry,0.0
15436,Garlic Dal Recipe,0.0
15435,Vazha Thandu Poriyal Recipe - Tamil Nadu Style Dry Banana Stem Fry,0.0
15434,आलू पोस्टो रेसिपी - Aloo Posto Recipe,0.0
2320,Karnataka Style Heerekai Dosa Recipe-Ridge Gourd Dosa Recipe,0.0
2323,Bengali Style Shaak Bhaja Recipe (Stir Fried Green Amaranth leaves Recipe),0.0
15431,Kashmiri Style Nadru Yakhni Recipe-Lotus Stem in Yogurt Sauce,0.0
2324,Quick Beetroot Pulao Recipe,0.0
2327,Kathirikai Paruppu Kootu Recipe,0.0
15426,Karwar Style Ambade Udid Methi Recipe - Hog Plum Curry,0.0
2329,Chow Chow Moss Lentil Fry Recipe - Toyota Squash and Moong Stir Fry,0.0
2332,Shahi Dal Recipe - Shahi Dal Recipe,0.0
15418,Badami Paneer Masala Recipe -Paneer In Almond Gravy,0.0
2351,Uchellu Chutney Recipe,0.0
2334,Chunni Ki Puri Recipe - Moong Dal & Besan Fried Puri Recipe,0.0
2335,Spiced Khooba Roti (Rajasthani Pinched Flatbread Recipe),0.0
15414,Pesara Pappu Pulusu Recipe,0.0
2342,Mambazha Mor Kuzhambu Recipe - Ripe Mango Mor Kuzhambu,0.0
2346,Matar Ki Tehri Recipe - Matar Ki Tehri Recipe,0.0
15410,Konkani Style Alasande Randayi Recipe-Black Eyed Beans and Yam Gravy,0.0
15408,Carrot Paruppu Usili Recipe - Steamed Lentils Crumbled With Carrots,0.0
2349,Mirchi Ka Kuta Recipe,0.0
15406,Chettinad Keerai Mandi Recipe With Amaranth Greens,0.0
15405,Delicious Methi Chicken Curry - Murgh Methi Curry Recipe,0.0
2350,Cabbage Pea Fry Recipe - Tamil Nadu Style Coffee and Beef Stir Fry,0.0
2657,Mung Bean Sprouts Upkari Recipe - Mung Beans Stir Fry,0.0
15402,Karnataka Style Sandige Huli Recipe (Toor dal dumplings in Gravy Recipe),0.0
15359,Prawn Balchao Recipe,0.0
2392,Appe Payasa Recipe - Poori Payasam,0.0
15357,Aratikaya Masala Pulusu Recipe - Raw Banana Stir Fry,0.0
15298,Kaccha Kela Aur Bhindi Ki Sabzi Recipe - Raw Banana & Ladies Finger Stir Fry,0.0
2417,Red Chilli Thecha (Recipe In Hindi),0.0
15312,Amlechi Uddamethi Recipe - Goan Raw Mango Curry,0.0
2421,No Onion No Garlic Aloo Makhana Sabzi Recipe,0.0
2422,Gulab Jamun Trifle Recipe,0.0
15308,Kerala Egg Roast Masala Recipe,0.0
15307,बैंगलोर रेस्टोरेंट स्टाइल सांबर रेसिपी - Bangalore Restaurant Style Sambar Recipe,0.0
15306,Prawns Biryani Recipe,0.0
2423,Maharashtrian Ghavan Recipe - Rice Flour Crepes,0.0
15304,Pudina & Dhaniya Raita Recipe,0.0
15303,Kinnathappam Recipe,0.0
15302,पुदीना मूंग दाल रेसिपी - Mint Moong Dal Recipe,0.0
15301,Thalicha Thayir Sadam Recipe - Spicy Seasoned Curd Rice,0.0
15299,Semiya Kesari Recipe,0.0
15297,Lehsun Amla Chutney Recipe - Garlic Gooseberry Chutney,0.0
15355,Aluchi Bhaji Recipe - Maharashtrian Style Colocasia Leaves Curry,0.0
15296,Saunf Wali Hari Gobi Sabzi Recipe - Cauliflower Spiced with Fennel and Green Chutney,0.0
15295,Passion Fruit- Shrikhand Shots Recipe,0.0
15294,Kerala Thenga Chammanthi Recipe- Coconut Onion Chutney,0.0
15293,मुघलाई भिंडी रेसिपी - Mughlai Bhindi Recipe,0.0
15292,भिंडी मसाला रेसिपी - Bhindi Masala Recipe,0.0
15291,पालक पनीर रेसिपी - Palak Paneer Recipe,0.0
15290,Pudina Idli Recipe - Mint Flavoured Idli,0.0
15289,Dry Fruit Halwa Recipe,0.0
15288,Lachedar Kakdi Pyaz Kachumber Recipe - Onion Cucumber Salad,0.0
2431,Tamil Nadu Style Sorkai Porial - Spicy Dry Bottle Gourd (Recipe In Hindi),0.0
2436,Doodhi Sabudana Kheer Recipe,0.0
15285,Beetroot Carrot Raita Recipe,0.0
2437,Cabbage Pachadi Recipe,0.0
15317,Easy Creamy Chicken Curry Recipe,0.0
15318,Omakka Curry Recipe - Kerala Style Papaya Curry,0.0
2415,Red Kidney Beans Chocolate Barfi Recipe,0.0
2412,Konkani Style Patholi/Kadabu Recipe-Sweet Dumpling Recipe,0.0
15354,Maheri Recipe,0.0
2393,Tandoori Gobi Tikka Recipe,0.0
15351,Pudina Tawa Paratha Recipe (Mint Leaf Skillet Flat Bread),0.0
2399,Mahunada Khaja Recipe - Rose Cookie Recipe,0.0
2400,Mambhazam Pulissery Recipe,0.0
2402,Curry Fried Quinoa Rice Recipe,0.0
15347,Palak Tambuli Recipe - Udupi Style Spinach Tambli,0.0
15346,Mustard Vegetable Curry Recipe,0.0
15344,Pata Gobi Aur Kele Kofta Curry Recipe - No onion No Garlic,0.0
15343,Kashmiri Style Haak T Thool Recipe - Greens Cooked With Eggs,0.0
15342,Senai Kizhangu Gotsu Recipe - Spicy & Tangy Yam Curry Recipe,0.0
15341,Long Brinjal Poriyal Masala Recipe - Green Baingan Sabzi,0.0
15340,Chenai Kizhangu Masiyal-South Indian Style Yam Masiyal,0.0
2404,Raw Jackfruit Biryani Recipe - Kathal Biryani,0.0
15337,Cheesy Mushroom Masala Dosa Recipe,0.0
15335,Kerala Style Konju Curry With Thengakothu Recipe (Kerala Style Prawn Curry),0.0
15334,Cabbage Poricha Kootu Recipe (Red Cabbage) - South Indian Cabbage Dal,0.0
15333,Paneer Stuffed Ragi Paratha Recipe - High Protein Breakfast,0.0
15332,Chettinad Vendakkai Saddam Recipe (Spicy Okra Rice),0.0
15331,Kurkuri Bhindi And Onion Masala Recipe,0.0
15330,Pulikuthi Upperi Recipe - Spicy & Tangy Palakkad Poriyal Recipe,0.0
15328,Hirve Kaalvan Recipe (Fresh Coriander and Coconut Curry),0.0
15327,Tomato Rice With Basil Recipe,0.0
15326,Konkani Style Southe Koddel Recipe-Mangalore Cucumber in Coconut curry,0.0
2407,Cabbage & Buttermilk Curry (Recipe In Hindi),0.0
2409,Roasted Pumpkin Rava Dhokla Recipe - Sooji Dhokla,0.0
2411,Tamil Nadu Style Badam Puri Recipe (Almond Stuffed Whole Wheat Puri Recipe),0.0
15440,Baked Modak and Karanji/Gujiya Recipe,0.0
15441,Curd Oats Recipe,0.0
2316,Kalmi Kabab Recipe - Mughlai Style Chicken Tangdi Kebab,0.0
2201,Aloo Parwal Sabzi Recipe - A Classic Bengali Dish,0.0
2179,Puran Poli Recipe | Gujarati & Maharastrian | Sweet Spiced Stuffed Paratha With Jaggery,0.0
15558,Karnataka Style Chicken Saaru Recipe,0.0
2180,Bengali Cholar Dal Recipe,0.0
2183,Pacha Manga Pachadi Recipe - Raw Mango Pachadi,0.0
15553,Gulkand Seviyan Kheer Recipe,0.0
15552,Pumpkin Peas Palya Recipe,0.0
15551,Chettinad Kathirikai Chops Recipe - Brinjal Curry for Biryani,0.0
15550,Kabuli Chana Rasam Recipe,0.0
15549,North Indian Chawli ki Sabzi Recipe | Yard Long Beans | Barbati | Karamani,0.0
15548,Bell Pepper Sabji Recipe-No Onion No Garlic,0.0
15547,Vazhakkai Poriyal Recipe - Raw banana Roast With Pepper,0.0
2188,Hara Dhania Paratha Recipe - Coriander Paratha,0.0
2192,Marwadi Gatte Ki Kadhi Recipe - Gram Flour Dumpling In Yogurt Curry,0.0
15543,Hariyali Chicken Tikka Masala Recipe,0.0
15525,Cauliflower Paneer Kofta Curry Recipe,0.0
15542,Roat Recipe | Uttarakhand Style Sweetened Flatbread,0.0
2207,Kerala Style Vendakka Pachadi Recipe - Roasted Bhindi Coconut Raita,0.0
2208,Peerkangai Thogayal Recipe | Ridge Gourd Peel Chutney | Beerakaya Pachadi,0.0
2213,Drumstick Leaves Ragi Roti Recipe - Moringa Millet Flat Bread,0.0
2215,Homemade Kashmiri Garam Masala Recipe,0.0
2216,Chamadumpa Vepudu Recipe - Andhra Style Colocasia Stir Fry | Arbi Sabzi,0.0
2218,Badam Elaichi Kulfi Recipe,0.0
2219,Maharashtrian Kakdi Thalipeeth Recipe - Spiced Cucumber Flat Bread,0.0
15532,Kalyana Veetu Senai Curry Recipe - South Indian Spicy Roasted Yam,0.0
15531,Restaurant Style Green Peas Masala Recipe,0.0
2222,Bathua Raita Recipe,0.0
15529,Kasuri Methi Mach Recipe - Dry Fenugreek Flavoured Fish Curry,0.0
2225,Moong Dal Ghughra Recipe (Gujiya/ Karanji),0.0
15560,Kaju Butter Masala Recipe,0.0
15561,Vempampoo Rice Recipe (Dried Neem Flowers Rice),0.0
15562,Raw Mango Puliyogare Gojju Recipe With Peanuts,0.0
15564,Matar Millet Pulao Recipe - Peas Pulao Recipe,0.0
15603,Jowar Bajra Garlic Roti Recipe,0.0
2149,Foxtail Millet Idli Recipe - Healthy Indian Diabetic Idli Recipe,0.0
2151,Beet and Avocado Chapati Recipe,0.0
15598,Karwar Style Dali Ambat Ani Maska Sang Recipe-Toor Dal & Drumsticks Pod Curry,0.0
2154,Dahi Wale Tinda Ki Sabzi Recipe - Apple Gourd in Yogurt Curry,0.0
2156,Kerala Pazham Pori Recipe - Banana Fritters Recipe | Nedra Pazham Fry,0.0
15593,Andhra Style Sorakaya Kura Recipe - Bottle Gourd And Toor Dal Recipe,0.0
2159,Homemade Rice Puttu Recipe | Kerala Matta Rice or Basmati Rice,0.0
15591,Tomato Kurma Recipe - Thakkali Kurma For Biryani & Parotta,0.0
2160,Gehu Bajra Thepla Recipe - Bajra Masala Paratha,0.0
15587,Mutton Dum Biryani Recipe,0.0
15586,Palak Makhana Recipe (Navratri Fasting/Vrat Recipe),0.0
15585,Goan Bimbla Uddamethi Recipe,0.0
2166,Rajasthani Sweet & Spicy Ker Sangri Sabzi Recipe,0.0
15583,Andhra Style Vankaya Kothimeera Karam Koora Recipe,0.0
15579,Konkani Style Karate Batate Puddi Sagle Recipe - Bitter Gourd & Potato Curry,0.0
15578,Kathirikai Pitlai Recipe - South Indian Tangy & Spicy Brinjal Curry,0.0
15577,Chana Dal Pulao Recipe,0.0
15576,Patta Gobi Sabzi Recipe - Cabbage Tomato Sabzi,0.0
15575,Palak Tovve Recipe - South Indian Dal Palak With Coconut,0.0
15574,Poosanikai Rasavangi Recipe - Ash Gourd Curry With Dal,0.0
15573,Nadan Tomato Curry Recipe (Kerala Style Tomato Curry),0.0
15572,Ridge Gourd Tambli Recipe - Spicy Ridge Gourd in Coconut Curry,0.0
15571,Kela Matar ki Sabzi Recipe - Raw Banana Green Peas Stir Fry,0.0
15569,Radhaballabhi Recipe (Bengali Stuffed Poori With Spiced Urad Dal),0.0
15568,Mooga Gathi (Sprouted Moong In Coconut Paste) Recipe,0.0
15565,Konkani Style Vengaya Sagle Recipe - Eggplant Drumstick Curry,0.0
15526,Nellikai Pachadi Recipe (Amla/ Gooseberry Raita),0.0
2230,Punjabi Bhindi Kadhi Recipe - Roasted Okra In Yogurt Curry,0.0
15445,Baked Amritsari Kulcha Recipe (Without Yeast),0.0
2306,Raw Papaya Mor Kootu Recipe - Ayurvedic No Onion No Garlic Recipe,0.0
15478,Chettinad Style Prawn Biryani Recipe,0.0
2301,South Indian Poli Recipe - Boli | Obbattu | Bobbatlu | Holige,0.0
15475,Kadai Beans And Carrot Pulao Recipe,0.0
15473,Kashmir Style Bom Chount/Wangan Recipe-Spicy Apple Brinjal Curry,0.0
15472,Kerala Style Vegetable Stew Recipe with Coconut Milk,0.0
15471,Rajasthani Dal Muthiya Recipe,0.0
15470,Dahi Methi Puri Recipe - Fenugreek Leaves Puri With Yogurt,0.0
15469,Bhaat Na Muthiya Dhokla Recipe | Gujarati Farsan | Snack,0.0
15468,Maharashtrian Gopalkala Recipe (Curd Poha With Fruits),0.0
15467,Chettinad Sura Meen Kuzhambu Recipe (Shark Fish Curry),0.0
15466,Thakkali Vengaya Sambar Recipe - Tomato Onion Sambar,0.0
15465,Kashmiri Monj Haakh Recipe - Knol Khol Flavored With Asafoetida,0.0
2303,"South Indian Paniyaram Recipe - 3 types - Classic, Carrot & Spinach",0.0
15462,Drumstick Leaves Kadhi Pakora Recipe - Moringa Kadhi Pakora,0.0
15522,Kosamalli Recipe (Chettinad Style Brinjal and Potato Mash),0.0
15461,Bajra Aloo Paratha Recipe,0.0
2308,Thengai Poli Recipe - Coconut Poli Recipe,0.0
15458,Chicken Sholay Kebab Recipe,0.0
2311,Khajur Imli Chutney Recipe,0.0
15454,Panasa Pottu Aava Koora Recipe - Andhra Style Mustard Flavoured Raw Jackfruit Curry,0.0
15453,Mixed Vegetable Pulao Recipe,0.0
2314,Healthy Veg Lollipop Recipe With Palak & Rajma,0.0
15451,Kashmiri Kokur T Nadir Recipe-Chicken and Lotus Stem Curry,0.0
15450,Cabbage & Buttermilk Curry Recipe,0.0
15449,Spicy Baby Potatoes Recipe,0.0
15448,Konkani Style Maskasangi Magge Koddel Recipe-Drumstick and Mangalore Cucumber Curry,0.0
2315,Seem Paal Recipe - Steamed Colostrum Milk Pudding,0.0
15446,Whole Wheat Lachha Paratha Recipe-Multilayered Layered Indian Flat Bread,0.0
2295,Gujarati Vaghareli Mag Recipe - Whole Green Moong Dal Sabzi Recipe,0.0
2290,रागी बादाम सूप रेसिपी - Ragi Badam Soup Recipe,0.0
15482,Masaledar Moongphali Til Wale Aloo Recipe,0.0
15484,Chocolate Rava Ladoo Recipe,0.0
15521,Lauki and Whole Green Moong Dal Cheela Recipe,0.0
15520,Beetroot Tambuli Recipe,0.0
2236,Vazhakkai Milagu Kootu Recipe - Plantains Pepper Curry,0.0
15514,Stuffed Karela With Aloo Recipe,0.0
15513,Chawli Ki Phali & Aloo Sabzi Recipe,0.0
2244,Gujarati Style Bhakri Recipe-A Multigrain Flat Bread,0.0
2259,Chicken Cooked in Banana Leaves Recipe,0.0
15510,Perum Payaru Theeyal Recipe (Kerala Style Black Eyed Bean Curry),0.0
15509,Beans Karam Recipe (Beans Curry),0.0
15508,Brinjal Mor Kuzhambu Recipe,0.0
15507,Thor Chal Recipe - Banana Stem Pulao Recipe,0.0
15505,Narangi Pulao Recipe - Orange Flavoured Rice,0.0
15504,Maharashtrain Amti Recipe,0.0
2263,Crisp Baked Tandoori Mayo Cheddar Chicken Recipe,0.0
15499,Beetroot Poriyal Recipe - Stir Fried Beetroot,0.0
2266,Sorakkai Kozhukattai Paal Kuzhambu Recipe - Bottle Gourd Curry,0.0
2267,How to Make Homemade Jalebi Recipe,0.0
15496,Maharastrian Kairichi Amti Recipe - Raw Mango Curry Recipe,0.0
2270,Fansi Muthia Nu Shaak Recipe - Green Beans With Gram Flour Dumplings,0.0
2271,Karatyacho Fodi Recipe - Pan Fried Bitter Gourd,0.0
15493,Stuffed Mooli Paratha Recipe (Radish Flat Bread),0.0
2272,Rava Fried Prawns Recipe,0.0
2273,Tawa Tandoori Roti Recipe,0.0
15490,Urulaizhilangu Podimas (South Indian Style Potato Mash),0.0
15489,Mullangi Mor Pachadi Recipe (Radish in spicy tempered Yogurt Gravy Recipe),0.0
2274,No Onion No Garlic Rajasthani Gatte Ki Kadhi Recipe,0.0
15485,Stuffed Gilka Recipe (Maharashtrian Style Stuffed Silk Squash),0.0
14911,Beetroot Rice Recipe - Beetroot Pulao,0.0
14761,Banarasi Chooda Matar/Chura Matar Recipe,0.0
2658,Kacche Aam Aur Lehsun Ki Dal Recipe,0.0
3140,Chana dal and rice - Bengal Gram Dal and Rice (Recipe In Hindi),0.0
13956,Fada Ni Khichdi Recipe,0.0
13957,Pudina Chutney Recipe,0.0
13958,Kerala Tomato Fry Recipe - Kerala Tomato Fry Recipe,0.0
13960,Dum Ke Shami Kebab Recipe,0.0
3142,Nagli/Ragi Laddu Recipe,0.0
13962,Steam Hilsa Recipe (SateAmed Hilsa),0.0
13965,Makka Cholam Sundal Recipe (Spicy Sweet Corn Recipe),0.0
14272,Cannabis cold recipe,0.0
13966,Oriya Hour Tarkari Recipe - Oriya Style Mixed Vegetables Curry (Recipe In Hindi),0.0
13967,Tamil Nadu Style Capsicum With Lentils Spice Mix (Recipe In Hindi),0.0
13968,Mullangi Poriyal recipe - South Indian Style Radish Stir Fry,0.0
3134,Spicy Gram Flour Sabzi (Recipe In Hindi),0.0
13974,Restaurant Style Chicken 555 Recipe,0.0
13975,Palak Kadhi Recipe - Spinach Kadhi,0.0
13955,Beetroot Garlic Lemon Rasam Recipe,0.0
13953,Palak Tovve Recipe - Palak Tovve Recipe,0.0
13952,Coriander Mint Chicken Tikka Recipe - Dhaniya Pudina Chicken Tikka Recipe,0.0
3144,Spinach Foxtail Millet Dhokla Recipe,0.0
3145,Ragi And Dill Nippattu Recipe,0.0
13948,Kesar Elaichi Shrikand Recipe,0.0
3146,Besan Laddu Recipe,0.0
13946,Andhra Style Makka Garelu Recipe - Andhra Style Makka Garelu Recipe,0.0
13945,Kathirikai Sundakkai Vathal Kuzhambu Recipe,0.0
13944,Capsicum Usili Recipe (Tamil Nadu Style Capsicum cooked with lentils spice mix),0.0
13943,Beetroot & Sesame Thepla Recipe,0.0
13942,Doodh Dudhi Recipe- Bottle Gourd In Milk Curry,0.0
13940,Cabbage Capsicum Sabzi Recipe - Simla Mirch Patta Gobi Sabzi,0.0
13939,Kolhapuri Palak Egg Curry Recipe,0.0
13936,Yellow Pumpkin Pulao Recipe,0.0
3147,Raw Papaya Thoran Recipe,0.0
3150,Wheat Pudding Recipe - Gehun Ka Halwa (Recipe In Hindi),0.0
3132,Mogre's Sorbet Recipe - Fresh Jasmine Drink,0.0
13979,Cucumber / Cucumber Fry Recipe - Tindora Fry,0.0
13980,Lucknowi Singhade Ki Kachori (Recipe In Hindi),0.0
14005,Kerala Style Chakka Chased Ari Payasam Recipe - Jagapriyat Brown Rice Kahir,0.0
14026,Gluten Free Rajgira Barfi Recipe,0.0
14025,Ellu Sadam Recipe - South Indian Style Til Pulao Recipe,0.0
14024,Khakhra Pizza Recipe With Cheese Spread & Roasted Vegetables,0.0
14022,Peanut Chutney Recipe - Peanut Chutney Recipe,0.0
14021,Bengali Steam Doi Recipe,0.0
14020,Traditional Anarsa Recipe With Curd (Apoopa),0.0
14019,Aluchi Bhaji Recipe,0.0
14018,Bengali Style Dimer Chop Recipe,0.0
14017,Simple Lemon Tea Recipe,0.0
3116,Konkani Style Vali Bendi Recipe-Malabar Spinach Curry,0.0
14014,Sun Dried Raw Mango Raita Recipe-Ambula Rai,0.0
14012,Kulith sesame chutney recipe - horsegram sesame chutney recipe,0.0
3119,Radish Paratha (Radish Paratha) Recipe,0.0
14007,Prawns Biryani Recipe,0.0
3120,Lauki Badi Ki Sabzi Recipe,0.0
13981,Egg Roast Masala Dosa Recipe - With Moong Dal Dosa Batter,0.0
14003,Fish Tandoori Recipe,0.0
14002,Gooseberry Juice Recipe - Whole Gooseberry Juice,0.0
14000,Carrot Cauliflower Peas Sabzi Recipe - Gajar Gobi Matar Sabzi,0.0
3121,Poricha Kuzhambu Tamil Nadu Style Mixed Vegetables and Lentil Stew (Recipe In Hindi),0.0
13996,Puran Poli Recipe | Gujarati & Maharastrian | Sweet Spiced Stuffed Paratha With Jaggery,0.0
13995,Indian Style Tapenade Recipe,0.0
13994,Horsegram Sesame Chutney Recipe,0.0
13993,Bengali Luchi Recipe - Bengali Softa Maida Puffed Puri,0.0
3123,Tamil Nadu Style Vengaya Sambar Recipe - Pearl Onion Sambar,0.0
13991,Chutney Chilli Cheese Toast (Recipe In Hindi),0.0
13987,Oats and Rajma Cutlet Recipe,0.0
3126,Ginger Chutney Recipe - Ginger Chutney Recipe,0.0
3128,Sweet And Sour Lemon Pickle Recipe,0.0
13984,Khandeshi Dal Recipe,0.0
13931,Wheat Paratha Recipe With Pizza Topping,0.0
13930,Maharashtrian Dinkache Ladoo Recipe (Whole Wheat Flour Truffles With Edible Gum & Dry Fruits),0.0
13929,Makai Dhokla Recipe - Savoury Steamed Corn Cake,0.0
3205,Avocado Ada Pradhaman Recipe (With Vegan Option),0.0
3183,Gujarati Biraj Recipe - Saffron Flavored Sweet Lentil Rice With Dry Fruits & Coconut,0.0
3186,Satori Recipe (Maharashtrian Mawa Flat Bread),0.0
3187,Crispy Amla Gawar Phali Sabzi (Recipe In Hindi),0.0
13867,Yellow Cucumber Pachadi Recipe,0.0
3188,Creamy Mocha Lassi Recipe,0.0
3190,Goan Poee Recipe - Delicious Whole Wheat Buns Recipe,0.0
3195,Moong Dal Potli Recipe - With Baked Option,0.0
3196,Matar Besan And Paneer Cheela Recipe -Green Peas & Paneer Crepes,0.0
3197,Jowar and Vegetable Porridge Recipe,0.0
3198,Matta Rice/ Chemba Rice Recipe-Pressure Cooker Method,0.0
13849,Bhaja Pithe Recipe,0.0
13847,Chow Chow Vegetable Recipe - Chow Chow Poriyal,0.0
3200,Andhra Style Coconut Flavored Rice Upma Recipe,0.0
13845,Kerala Style Beetroot Pachadi Recipe,0.0
3207,Tomato Onion Gravy Sabzi (Recipe In Hindi),0.0
13875,Pumpkin Spice Curry Recipe - Andhra Style Pumpkin Curry,0.0
13842,Maharashtrian Tindora Sabzi With Peanuts Recipe,0.0
13841,Gujarati Valsadi Vada Recipe - Multigran Masala Vada,0.0
13839,Foxtail Millet Podi Dosa Recipe,0.0
13838,Doodhibhoplyacha Bharit Recipe - Maharashtrian Style Lauki Bharta,0.0
13834,Goan Pumpkin Sabzi (Recipe In Hindi),0.0
3211,Quinoa Sweet Paniyaram Recipe,0.0
3215,Burani Raita Recipe - Garlic Based Yogurt,0.0
13829,Potoler Dolma Recipe (Bengali Style Stuffed Pointed Gourd Curry),0.0
13828,Gulab Jamun Bread Pudding Recipe,0.0
3220,Tawa Crispy Pomfret Fry Recipe,0.0
13823,Keerai Masiyal Recipe (Stir Fried Green with Mustard and Curry Leaves),0.0
13822,Papad Raita (Recipe In Hindi),0.0
3221,Beguni Recipe - Baingan/Eggplant Pakora,0.0
3223,Ragi Malpua With Rabri Recipe (Indian Pancakes With Creamy Pudding),0.0
3180,Instant Sooji Oats Dhokla Recipe - Steamed Semolina & Oats Dhokla,0.0
3178,Rajma Aloo Cutlet Recipe (Tikki / Patty),0.0
3151,Karnataka Style Set Dosa Recipe,0.0
13904,Capsicum Curry (Recipe),0.0
13924,Churma Ladoo Recipe With Badam & Flaxseed - High Protein Snack,0.0
3153,Coconut Peanut Chutney Recipe - Coconut Peanut Chutney Recipe,0.0
13920,Rajasthani Hare Chana Halwa Recipe (Cholia Halwa),0.0
13919,Oats and Green Moong Dal Dahi Vada Recipe,0.0
3156,Green Chilli Chicken Fry Recipe,0.0
13915,Mixed Vegetable Idli Upma Recipe,0.0
3158,Double Beans Sundal Recipe,0.0
13912,Goan Style Mushrooms (Recipe In Hindi),0.0
3159,Maharastrian Bhadang Recipe (Puffed Rice Snack Mix),0.0
13910,Kashmiri Saag Recipe - Kashmiri Style Spinach / Palak,0.0
13909,Banarasi Chuda Pea / Chuda Pea Recipe,0.0
3162,Upvaas Thalipeeth Recipe,0.0
13906,Mint and Pomegranate Raita (Mint and Pomegranate Raita Recipe),0.0
3165,Chettinad Nandu Varuval Recipe (Crab Fry Dry With Baby Onions),0.0
13903,Bajra Khincha recipe,0.0
13880,Ratalu Pakora Recipe - Purple Yam Pakora/Fritters,0.0
13902,Khumb Kakuri Potli Kebab Recipe With Sandwich Spread,0.0
13901,Assamese Style Walking Catfish In Curry Leaf Gravy Recipe,0.0
13900,Kaacha Gola Recipe (Bengali Sweet Cottage Cheese Balls),0.0
3167,Healthy Ragi & Rice Breakfast Porridge Recipe,0.0
13897,Crisp Baked Tandoori Mayo Cheddar Chicken Recipe,0.0
13895,Besan Capsicum Ki Sabzi (Recipe In Hindi),0.0
13894,Mughalai Shahi Kaju Aloo Ki Sabzi Recipe,0.0
13893,Cauliflower & Potato Stir Fry with Nigella Seeds (Recipe in Hindi),0.0
3175,Ragi Oatmeal Kanji Recipe - Healthy Diabetic Porridge Recipe,0.0
13891,Chettinad Eral Thokku Recipe - Prawn Masala,0.0
13889,Goan Style Bimblanche Sasav Recipe,0.0
13886,Brown Rice Flakes Pudding / Desi Poha Kheer Recipe,0.0
13885,Egg Rolls With Moringa Leaves Recipe-Eggs with Drumstick Leaves,0.0
3176,Oats and Besan Cheela Recipe (High Protein Spiced Crepes),0.0
3114,Karnataka Style Bell Saaru Recipe,0.0
14028,Cholar Dal Recipe,0.0
14029,Shahi Vegetable Pulao Recipe,0.0
3052,Chaal Kopi Recipe - Bengali Style Cauliflower Stir Fry,0.0
14210,Gulab Phirni Recipe,0.0
14209,Aloo & Nariyal Ki Kachori Recipe (Pan Fried Farali Aloo Vada),0.0
14208,Chicken Malai Kebab Recipe (Reshmi Kebab),0.0
14207,Sakkaravalli Kizhangu Poriyal Recipe - Spicy Sweet Potato Roast,0.0
14206,One Pot Vangi Bath Recipe Using Preethi Electric Pressure Cooker (Brinjal Rice),0.0
3038,Red Rice Dosa Recipe,0.0
14202,Goan Style Khatkhatem Recipe (Mixed Vegetable Gravy),0.0
3040,Singhara Pulao Recipe - Water Chestnut Mixed Rice,0.0
14194,Lauki Moongphali Soup (Recipe In Hindi),0.0
3047,Spiced Mulled Apple Juice Recipe,0.0
3048,Savory Shrimps On Skillet Recipe,0.0
14189,Andhra Dondakaya Chutney Recipe - Tindora Chutney,0.0
3050,Multigrain Paneer Dahi Vada Recipe,0.0
14186,Mini Idli Upma Recipe - Mini Idli Upma Recipe,0.0
3054,Lehsuni Pudina Chutney Recipe,0.0
14212,Methi Dana Sabzi Recipe - Healthy Fenugreek Seeds Stir Fry,0.0
14179,Beetroot Moong Phali Sabzi Recipe-Beetroot Stir Fry with Roasted Peanuts,0.0
14178,Peerkangai Thogayal Recipe - Peerkangai Thogayal Recipe,0.0
14174,Quick Indian Style Ginger Pickle Recipe,0.0
3056,Idli Upma Recipe - Idli Upma,0.0
14170,Pata Gobi Aur Kele Kofta Curry Recipe - No onion No Garlic,0.0
3057,Vegetarian Kabuli Pulao Recipe - Vegetarian Kabuli Pulao Recipe,0.0
3060,Puli Keerai Recipe (Tamarind Spinach Curry),0.0
14165,Sesame Peanut Potato (Recipe In Hindi),0.0
3061,Masala Roti Recipe-Soft and Spicy Indian Flat Bread,0.0
14163,Jeera Hing Aloo Recipe - No Onion No Garlic Recipe,0.0
14160,Chettinad Mixed Bean Adai Recipe,0.0
3065,Khamang Kakdi Recipe - Khamang Kakdi Recipe,0.0
14152,Pheki Mathri Recipe - Crispy Fried Savoury Fritters,0.0
14151,Goan Style Brinjal Bharta (Recipe In Hindi),0.0
3036,Walnut Barfi Recipe - Walnut Barfi,0.0
3035,Urulai Kizhangu Roast Recipe - Spicy Potato Roast Recipe,0.0
3066,Mysore Bonda Recipe (Healthy Pan Fried Recipe),0.0
14243,Onion Vegetable Recipe,0.0
14268,Besan Bread Toast Recipe - Besan Bread Toast (Recipe In Hindi),0.0
14266,Nadru Ke Kabab Recipe - Nadru Ke Kabab Recipe,0.0
14264,Muringakka Manga Mulakushyam - Mango & Drumstick Kootu Curry,0.0
14263,Pineapple Curry Recipe - Jackfruit & Dal Curry,0.0
14262,Eggless Thandai Cookie Recipe,0.0
3010,Poha Chivda Recipe - Fried Poha Chivda Recipe,0.0
14260,Saunf Wale Aloo Baingan (Recipe),0.0
14258,Homemade Thengai Sevai Recipe - Coconut Idiyappam Recipe,0.0
3011,Kerala Avial (Recipe In Hindi),0.0
14249,Gil-E-Firdaus Recipe (Kesar Phirni),0.0
14247,Manjal Poosanikai Sambar Recipe (Yellow Pumpkin in Toor Dal Recipe),0.0
14246,Dal Banjara Recipe - Dal Banjara Recipe,0.0
14245,Avarakkai Poricha Kootu Recipe - Broad Beans Kootu Recipe,0.0
14244,Uttarakhand Style Singhal Recipe,0.0
3018,Moong Dal Idli & Dosa Batter Recipe,0.0
3034,South Indian Carrot Poriyal Recipe - Carrot Poriyal (Recipe),0.0
14239,Khurchan Mawa Burfi Recipe,0.0
14237,Punjabi Chana Masala (Recipe In Hindi),0.0
3020,Paan Matka Kulfi Recipe,0.0
3022,Methi Paneer Bhurji Recipe,0.0
14233,Aloo Parwal Sabzi (Recipe In Hindi),0.0
3024,Stuffed Onion Vegetable Recipe,0.0
3025,Dhaba Style Tomato Chutney Recipe,0.0
14228,Moong Dal Sookhi Sabzi Recipe,0.0
3029,Andhra Style Peanut Chutney Recipe With Tomatoes,0.0
14225,Maharashtrian Anarsa Recipe,0.0
3031,Assamese Style Mohura Pitha Recipe - Sweet Rice Dumplings Recipe,0.0
14218,Palak Chole (Recipe In Hindi),0.0
3032,Aloo Dal Pakoras Recipe - Aloo Dal Pakora Recipe,0.0
14215,Gajar Vadi Recipe,0.0
14150,Dhania Wale Aloo Recipe - Rich Potato Recipe,0.0
14145,Egg Butter Masala (Recipe In Hindi),0.0
3112,Jain Style Corn Palak - Jain Style Corn Palak (Recipe In Hindi),0.0
14064,Mung Pani Recipe - Whole Green Mung Soup,0.0
3093,Cinnamon Spiced Black Lemon Tea Recipe,0.0
3094,Salt Bell Pudding Recipe - Kara BT Pudding,0.0
14083,Ragi Appam Recipe - A Healthy Twist To The Classic Kerala Appam,0.0
14082,Beans Matki Bhaji Recipe - Green Beans Moth Beans Sabzi,0.0
14080,Tamil Nadu Style Broccoli Poriyal Recipe - Tamil Nadu Style Broccoli Poriyal Recipe,0.0
3095,Andhra Chama Dampa Pulusu Recipe - Arbi With Sesame Tamarind Sauce (Recipe In Hindi),0.0
14076,Mulyachi Bhaji Recipe - Goan Style Mooli Ki Sabzi,0.0
14075,Kerala Style Chena Mezhukkupuratty Recipe - Yam Stir Fry,0.0
3098,Coriander Tamarind Millet Rice Recipe,0.0
14072,Agathi Keerai Recipe,0.0
3099,Falahari Rajgira Aloo Tikki Recipe (Gluten Free Amaranth Potato Patty),0.0
14069,Kasuri Malai Murgh Tikka Recipe,0.0
14068,Thecha Paniyaram Recipe,0.0
3100,Bhindi Masala Curry (Recipe In Hindi),0.0
14063,Carrot Tadka Raita Recipe - Carrot Tadka Raita Recipe,0.0
14088,Baked Chevdo Recipe (Chivda Mixture -Tea Time Snack),0.0
14062,Chettinad Keerai Mandi Recipe With Amaranth Greens,0.0
14058,Broccoli And Aloo Poriyal Recipe (Recipe In Hindi),0.0
14054,Roz Gulkand Firni Recipe,0.0
14053,Andhra Style Pappu Urumindi Recipe,0.0
14051,Making Apple Mash - Mashed Banana Apple (Recipe In Hindi),0.0
14048,Togarikaayi Usli Recipe (Green Pigeon Peas),0.0
14047,Raw Jackfruit Poriyal Recipe - South Indian Raw Jackfruit Stir Fry,0.0
3102,Vazha Thandu Poriyal Recipe - Tamil Nadu Style Dry Banana Stem Fry,0.0
14042,Kathirikai Podi Curry Recipe,0.0
3105,Kesar Elaichi Lassi Recipe,0.0
14038,Kerala Style Appam Recipe - Fermented Rice Pancakes With Coconut,0.0
3106,Cabbage And Carrot Poriyal Recipe - No Onion And Garlic,0.0
3109,Cucumber Gantha Recipe (Kheer Puli),0.0
14031,Kuthiraivali Upma Kozhukattai Recipe (Barnyard Millet Steamed Dumplings),0.0
14086,Besan Chila Recipe Stuffed with Chatap Paneer,0.0
14089,Mixed Sprouts Sabzi (Recipe In Hindi),0.0
14144,Khajoor Imli Chutney Recipe - Khajoor Imli Ki Chutney Recipe,0.0
3082,Grain Free Chocolate Porridge Recipe,0.0
14143,Lauki and Whole Green Moong Dal Cheela Recipe,0.0
14142,Coconut Chutney Recipe - Coconut Chutney Recipe,0.0
14141,Healthy Oats And Nuts Energy Bar Recipe,0.0
14140,Lahsuni Palak Dal Recipe (Spinach & Lentil Curry with Garlic),0.0
3067,Bhindi Masala Recipe - Bhindi Masala Recipe,0.0
3072,Creamy Phirni Recipe - North Indian Rice Pudding,0.0
14134,Kandarappam Recipe (Chettinad Sweet Appam),0.0
14132,Radish Raita Recipe - Spicy Yogurt Salad with Radish,0.0
14127,Dhaba Style Urad Dal Recipe - Dhaba Style Urad Dal Recipe,0.0
14126,Moong Dal Tadka (Recipe),0.0
14123,Orange Rasam Recipe,0.0
14121,Simple Steamed Indian Beet Salad Recipe,0.0
14118,Corn And Drumstick Leaves Salad Recipe,0.0
14117,Kala Desi Chana (Recipe In Hindi),0.0
3083,Jaggery Coffee Without Milk Recipe,0.0
14090,Totapuri Mango Chutney Recipe - Sweet & Spicy Totapuri Mango Chutney Recipe,0.0
3084,Green Beans Poriyal Recipe With Peanuts & Sesame Recipe,0.0
14110,Chicken Keema Sliders Recipe - Indian Chicken Keema Sliders Recipe,0.0
14109,Karnataka Style Sandige Huli Recipe (Toor dal dumplings in Gravy Recipe),0.0
14107,Mooli And Moong Dal Sabji Recipe,0.0
14106,Barley Rava Idli Recipe,0.0
3085,Oats Apple Phirni Recipe,0.0
14104,Pudina Rice (Recipe In Hindi),0.0
14103,Utanki Recipe - Crispy Rice Crepes,0.0
3086,Pepper Mushroom Stir Fry (Recipe In Hindi),0.0
14099,Rajasthani Mirchi Bada Recipe,0.0
3087,Kerala Style Chakkakuru Mezhukkupuratti Recipe-Jackfruit Seed Poriyal,0.0
14095,Makai Wali Bhindi Recipe,0.0
14094,Mughlai Zafrani Murg Recipe,0.0
14093,Lu Methi Vegetable Recipe - Own Fangrik Layaves Vegetable,0.0
3225,Spinach and Green Peas Curry (Recipe In Hindi),0.0
13808,Sprouted Moong and Methi Cheela Recipe - A Healthy Breakfast,0.0
13807,Thandu Keerai Poriyal Recipe,0.0
13509,Kerala Style Tomato Fry Recipe,0.0
3355,Kashmiri Mutton Yakhni Recipe,0.0
3356,Semolina Gujiya Recipe,0.0
13529,Kerala Style Vattayappam Recipe (Steamed Coconut Rice Cakes Recipe),0.0
13528,Maharashtrian Multigrain Thalipeeth Recipe,0.0
13527,South Indian Style Vegetable Kurma Recipe,0.0
13526,Goan Chicken Vindaloo Recipe,0.0
13523,Kothavarangai Paruppu Usili Recipe - Gawar Phali Dal Sabzi,0.0
13522,Broccoli And Aloo Lifafa Paratha Recipe,0.0
13519,Nawabi Tawa Paratha Recipe,0.0
13518,Crispy Chicken Pakoda Recipe - Crispy Chicken Pakoda Recipe,0.0
13517,Rajma Sagwara Recipe - Dry Kidney Beans and Spinach Stir Fry (Recipe),0.0
3357,Maharashtrian Style Namkeen Shankarpali (Savory Flaky Pastry Diamonds Recipe),0.0
13513,Niramish Aloo Dum Recipe,0.0
3362,South Indian Coconut Chutney Recipe With Coconut Water,0.0
13502,Karamani Sundal Recipe - Spicy Tossed Black Eyed Beans Recipe),0.0
13538,Mulakootal Recipe (Vegetables In Coconut Gravy),0.0
13498,Palak Tambuli Recipe (Udupi Style Spinach Tambli),0.0
3363,Bitter Gourd Chips Recipe,0.0
13494,Chana Aur Aloo Ki Sookhi Sabzi (Recipe in Hindi),0.0
13493,Chewy Pumpkin Seed Chikki Recipe,0.0
13491,Karwar style Tousali Recipe-Cucumber Steamed Cake,0.0
13490,Puffed Rice Bar Recipe,0.0
13489,Roat Recipe | Uttarakhand Style Sweetened Flatbread,0.0
13487,Apple Puree Recipe (Baby Food - 4 months onwards),0.0
13486,Bakery Style Baked Nippattu Recipe - Bakery Style Baked Nippattu Recipe,0.0
3364,Tomato Pea Poha Recipe - Tomato Poha With Peas,0.0
13480,Kollu Thogayal Recipe,0.0
13479,Peanut Raita Recipe - Boiled Peanut Raita Recipe,0.0
13477,Jhure Jhure Aloo Bhaja Recipe - Jhure Jhure Aloo Bhaja Recipe,0.0
13476,Beetroot and Fig Chutney Recipe,0.0
13535,Dal Vangi Recipe,0.0
13543,Assamese Style Dil Pasand Recipe,0.0
13474,Tomato Methi Rice (Recipe),0.0
13568,Fish Jaismandi Recipe - Rajasthani Steel Fish in Creamy Gravy,0.0
13591,Dhaba Mutton Recipe-Spicy Mutton Gravy,0.0
13590,Kashmiri Style Shami Mutsch Recipe - Minced Lamb Cutlets In Yogurt Gravy,0.0
13585,Karwar Style Muga Ambat Recipe (Moong Sprouts in Coconut Curry),0.0
3330,Kashmiri Style Nadru Yakhni Recipe-Lotus Stem in Yogurt Sauce,0.0
13581,Ammini Kozhukattai Recipe,0.0
13580,Crispy Amla Gawar Pod Sabzi Recipe,0.0
3334,Karnataka Style Avarekalu Kosambari Recipe,0.0
13578,North Kanara Sour Sweet Mango Chutney Recipe - North Kanara Sweet and Sour Raw Mango Chutney Recipe,0.0
13577,Red Chilli Thecha - Maharashtrian Style Red Chilli Chutney Recipe,0.0
13575,Khatte Pudina Aloo Recipe - Tangy Mint Potatoes,0.0
13573,Palak Baingan Ki Sabzi - Recipe in Hindi,0.0
13572,Karwar Style Yerappe Ani Recipe- Rice and Black Split Gram Fried Dumpling,0.0
13570,Beetroot And Tofu Patty Recipe,0.0
13569,Dark Chocolate Sandesh (Shondesh) Dipped In Chocolate Recipe,0.0
13567,Paneer And Almond Milk Recipe,0.0
13546,Bhatt Ki Dal Recipe - Bhatt Ki Dal Recipe,0.0
3344,Muttai Parotta Recipe ( Ande Ka Paratha / Egg Filled Flat Bread),0.0
13563,Green Beans Fry Recipe,0.0
13562,Dhaba Style Dal Palak Recipe (Dhaba Style Dal Palak),0.0
3345,Meen Varutathu Recipe - Kerala Style Fish Fry Recipe,0.0
13558,Kerala Pumpkin Black Eyed Beans Erissery Recipe,0.0
3346,Lehsuni Methi Paneer Recipe - Garlic Methi Paneer Curry,0.0
3350,Samai Arisi Pidi Kozhukattai (Tamil Nadu Breakfast Recipe),0.0
13554,Mango Shikanji Recipe - Chatpata Mango Spritzer,0.0
3351,Chettinad Thakkali Vengaya Kuzhambu Recipe,0.0
13551,Awadhi Style Sultani Dal (Recipe In Hindi) - Awadhi Style Sultani Dal Recipe,0.0
13550,Chettinad Pazha Payasam Recipe - Fruit Payasam Recipe,0.0
13549,Thenga Vada Recipe (Spicy Coconut Fritters),0.0
13548,Churma Ladoo Recipe - Atta/Whole Wheat Ladoo,0.0
13547,Gola Kebab (Indian Style Meat Balls) Recipe,0.0
13475,Kela Matar ki Sabzi Recipe - Raw Banana Green Peas Stir Fry,0.0
13472,Jain Style Paneer Makhani Recipe - Jain Style Paneer Makhani (Recipe In Hindi),0.0
3320,Dimer Malai Curry Recipe (Bengali Style Egg Curry In Coconut Milk),0.0
13382,Saffron Pilaf Recipe,0.0
13400,Dry Fruit Halwa Recipe,0.0
3398,Foxtail Millet Khichdi Recipe with Batata Aloo Nu Shaak,0.0
13396,Seppankizhangu Roast (South Indian Style Arbi Fry) Recipe,0.0
13395,Kashmiri Style Noon Tea Recipe - Kashmiri Style Noon Chai Recipe,0.0
13394,Moong Dal Ghughra Recipe (Gujiya / Karanji),0.0
13393,Sitaphal Rabdi Recipe,0.0
3399,Konkani Tendli Sukke Recipe - Ivy Gourd/Tindora Stir Fry,0.0
3404,Besan Aur Mirch Ki Sabzi (Recipe In Hindi),0.0
13389,Vegetable Rava Idli Recipe - Veggie Rava Idli (Recipe),0.0
3406,Andhra Style Beetroot Vepudu Recipe,0.0
13387,Khichdi With Fresh Spices Recipe,0.0
13386,Onion Kachori Recipe,0.0
13385,Chettinad Kavuni Arisi Sweet Recipe (Black Rice Pudding),0.0
3407,Wheat Grass Rasam (Recipe In Hindi),0.0
13381,Vellarikka Kosumalli Recipe- South Indian Style Cucumber Salad,0.0
3396,Sabudana Thalipeeth Recipe - Tapioca Pearl Spicy Flat Bread,0.0
13380,Baked Amritsari Kulcha Recipe (Without Yeast),0.0
13377,North Indian Chawli ki Sabzi Recipe | Yard Long Beans | Barbati | Karamani,0.0
13376,Roasted Coriander Potatoes With Thyme Recipe,0.0
3409,Gajar Shalgam Ka Paani Wala Achar Recipe - Carrot And Turnip Pickle,0.0
13373,Amarnath Suji & Oats Dhokla Recipe,0.0
13372,Postal Millet Lemon Rice Recipe-Lemon Honey,0.0
13370,Bengali Special Chocolate Sandesh Recipe (Chocolate Infused Cottage Cheese Dessert),0.0
13368,Beer Batter Prawns Recipe,0.0
13366,Chicken Tikka Recipe,0.0
13365,Healthy Homemade Ragi Dosa Recipe,0.0
13364,The Goan Kelyachyo Fodi Recipe (Spicy & Crispy Pan Fried Banana Recipe),0.0
13362,Lemon Pudina Curry Leaf Shikanji Recipe,0.0
13361,Gajar Halwa Barfi Recipe (Carrot Fudge),0.0
13359,Andhra Style Usirikaya Pachadi Recipe (Indian Gooseberries Chutney),0.0
3397,Shahi Vegetable Pulao Recipe - Shahi Vegetable Pulao,0.0
13408,Barnyard Millet Jaggery Payasam Recipe,0.0
13469,Dal Bukhara Recipe,0.0
3378,Goan Bimbla Uddamethi Recipe,0.0
13466,Gujarati Tawa Handvo Recipe - Healthy Pan Fried Lentil Cake,0.0
3368,Kuvale Sasam Recipe - Konkani Ash Gourd Curry,0.0
3369,Instant Lemon Avalakki Recipe - Instant Poha Snack,0.0
13459,Prawn Cutlets With Sweet Potatoes Wedges Recipe,0.0
3371,Hurali Kalu Chutney Recipe - Hurali Kalu Chutney Recipe,0.0
13457,Carrot Pachadi With Coconut Recipe,0.0
13456,Kashmiri Paneer Gravy Recipe - Kashmiri Paneer Gravy Recipe,0.0
13454,Arbi Masala Recipe with Arabic Masala Kasuri Methi,0.0
13453,Crispy Pan Fried Pomfret Recipe,0.0
13451,Hariyali Egg Curry Recipe In Coriander and Mint Gravy,0.0
3373,Malvani Kala Chana Masala Recipe - Spicy Kala Chana Curry,0.0
13446,Murgh Aur Masoor Dal Recipe-Bombay Style Chicken with Dal,0.0
3374,Recipe of Nut Mustard Chitran,0.0
13444,Narangi Pulao Recipe - Orange Flavoured Rice,0.0
3380,Horsegram Dal Recipe,0.0
13409,Kashmiri Rajma Recipe - Kashmiri Rajma (Recipe),0.0
13440,Quick And Simple Egg Curry (Recipe In Hindi),0.0
13430,Pumpkin Raita Recipe,0.0
13429,Whole Recipe - Puri Recipe,0.0
3381,Jowar Bajra Garlic Roti Recipe,0.0
13424,Homemade Ghee Recipe,0.0
13420,Papad Er Dahna Recipe - Bengali Papad Curry Recipe,0.0
13419,Konkani Style Doddak Recipe-Lentil Pancakes,0.0
3388,Broccoli And Tofu Green Curry Recipe,0.0
13416,Pachai Payaru Payasam Recipe - Green Moong Dal Payasam,0.0
13415,Maa Ki Dal Recipe - Maa Ki Dal Recipe,0.0
13413,Ratalu Ki Chutney Recipe,0.0
13412,Onion Rava Dosa Recipe - Spiced Semolina Crepe,0.0
3389,Matar Paneer (Recipe In Hindi),0.0
13410,Tawa Tandoori Roti Recipe,0.0
3323,Heerekai Sippe Chutney Recipe (Ridge Gourd Peel Chutney),0.0
3316,Surati Jowar Vada,0.0
3233,The Oat and Green Moong Dal Pesarattu-Savory Lentil Crepe Recipe,0.0
13735,Kaju Pista Roll Recipe - Cashew Nut Pistachio Fudge,0.0
13758,Coffee Recipe With Instant Coffee Powder,0.0
3262,Kasuri Methi Paneer Sabzi Recipe,0.0
13755,Low Pot Alo Ponda Recipe - Matte's Pit Paneer Pan,0.0
3263,Spinach And Coriander Dosa Recipe,0.0
13751,Gujarati Style Osaman Dal Recipe,0.0
13750,Lal Bhoplyacha Bharit Recipe (Red Pumpkin Raita),0.0
13749,Spring Onion Pakoda Recipe,0.0
13747,Besan Arbi Roast (Recipe In Hindi),0.0
13744,Chicken Pies Recipe,0.0
3267,Andhra Style Chama Dumpa Pulusu Recipe - Arbi With Sesame Tamarind Sauce Recipe,0.0
13742,Kerala Style Okra Thoran Recipe - Kerala Style Vendakkai Thoran (Recipe In Hindi),0.0
13739,Oats Pesarattu Recipe - Oatmeal & Green Gram Crepes,0.0
13738,Beetroot Chas Recipe - Spiced Beetroot Buttermilk Recipe,0.0
13736,Kathiawadi Dhokli Nu Shaak Recipe,0.0
13733,Snow Drop Cookies Recipe,0.0
13760,Saffron Milk Masala Recipe,0.0
13730,Microwave Oats Milk Halwa Recipe,0.0
13727,Bengali Style Cholar Dal Recipe - Bengali Cholar Dal (Recipe In Hindi),0.0
13726,Karnataka Style Badanekayi Palya Recipe - Long Brinjal In Spicy Coconut Recipe,0.0
13725,Chettinad Chicken Curry Recipe - Chettinad Chicken Surri,0.0
13724,Boodida Gummadikaya Pachi Vadiyalu Recipe -Andhra Style Ash Gourd Fritters Recipe,0.0
13723,Maharashtrian Ambat Goda Dal Recipe,0.0
13718,Kesar Paneer Ki Kheer Recipe - Cottage Cheese Milk Pudding,0.0
13716,Moong khichdi recipe,0.0
13714,South Indian Poli Recipe with Coconut (Obbattu/Bobbattu),0.0
13713,Tomato Onion Chutney (Recipe In Hindi),0.0
13712,Tallyanche Suke Recipe - Sardine Dry,0.0
13711,Cabbage Chana Dal Sabzi - Gobi Chana Dal Recipe,0.0
13709,Carrot Podi Dosa Recipe,0.0
3272,Gavarphali Ki Sabji Recipe,0.0
13759,Oats Banana And Apple Porridge Recipe For Babies And Toddlers,0.0
13761,Methi Thalipeeth Recipe (Fresh Fenugreek Leaves Flat Bread),0.0
13706,Dhokla Sandwich With Capsicum And Paneer Recipe,0.0
13784,Dahi Vada With Sweet & Spicy Chutney Recipe,0.0
13803,Safed Murgh Handi Recipe - Chicken In White Gravy,0.0
3234,Chettinad Cauliflower Pepper Fry Recipe (Milagu Pirattal Poriyal),0.0
3235,Homemade Coconut Milk Recipe,0.0
13797,Palak Makhana Recipe,0.0
13796,Barnyard Millet Sweet Pongal Recipe (Kuthiraivali Sakkarai Pongal),0.0
13794,Chocolate Peda Recipe,0.0
13793,Avarekalu Kadubu Recipe (Hyacinth Beans Steamed Dumplings),0.0
3236,Awadhi Style Kathal Ke Kebab Recipe- Raw Jackfruit Kebabs,0.0
3240,Kitkat Cake With Sponge Recipe (Eggless),0.0
3241,Millet Jowar Paniyaram Recipe,0.0
13788,Pineapple And Semolina Sheera Recipe,0.0
13787,Thenkuzhal Murukku Recipe - South Indian Snack,0.0
13786,Spinach Paneer Kofta Curry Recipe,0.0
13785,Ragi Murukku And Kodubale Recipe -Chakli And Kodubale,0.0
13783,Brahmin Style Vegetable Kurma Recipe,0.0
3261,Karamani Poriyal Recipe - Yard Long Beans Stir Fry | Chawli | Barbati sabzi,0.0
3242,Raw Papaya Kofta In Yogurt Curry Recipe,0.0
13781,Andhra Avakaya Recipe - Spicy Raw Mango Pickle Recipe,0.0
3244,Sukhi Dahi Wali Lauki (Recipe In Hindi),0.0
13779,Barnyard Millet and Ragi Khichdi Recipe,0.0
3248,Tomato Rice With Basil Recipe,0.0
13776,Cabbage Bhurji Recipe,0.0
13774,Dahi Suran Ki Sabzi (Recipe In Hindi),0.0
13771,Chaat Masala Recipe,0.0
3249,Horsegram Idli Recipe - Kulith or Kollu Idli,0.0
13769,Kara Sevai Recipe (Lemon Vermicelli),0.0
3250,Pasi Paruppu Masiyal Recipe-Green Moong Dal Curry Recipe,0.0
3252,Traditional Mathri Recipe - North Indian Savoury Cracker Recipe,0.0
3257,Raw Papaya Mor Kootu Recipe - Ayurvedic No Onion No Garlic Recipe,0.0
13765,One Pot Aloo Gobi (Recipe In Hindi),0.0
13707,Phool Makhana Kheer Recipe - Sweetened With Jaggery,0.0
13705,Hariyali Paneer Tikka Masala Gravy (Recipe in Hindi),0.0
13598,Ragi Kanji (Recipe In Hindi),0.0
13629,Beans and Matki Bhaji Recipe - Beans and Matki Bhaji Recipe,0.0
13645,Chinna Vengaya Puli Kuzhambu Recipe (Spicy Tangy Baby Onion Curry),0.0
13644,How To Make Homemade Almond Flour Recipe,0.0
13643,Moong Dal Dosa (Recipe In Hindi),0.0
13642,Hara Dhania Paratha Recipe,0.0
13641,Pumpkin Dal With Garlic Tadka (Recipe In Hindi),0.0
13640,Boondi Ki Kheer Recipe,0.0
13639,Achaari Aloo Gobhi (Recipe In Hindi),0.0
3301,Subz Noor E Chashm Recipe (Nawabi Curry Recipe ),0.0
3304,Ridge Gourd Pachadi (Recipe In Hindi),0.0
13635,American Perugu Pachadi Recipe -Raw Mango Yogurt Pachadi,0.0
3308,Madurai Spicy Tomato Chutney Recipe- Thakkali Vengayam Chutney,0.0
3309,Gujarati Style Bhakri Recipe-A Multigrain Flat Bread,0.0
13631,Segdalu Recipe - Oriya Tea Time Snack,0.0
3310,Badam Burfi Recipe - Almond Burfi,0.0
13628,Gujarati Style Oriya Pak Recipe,0.0
13648,Gulachi Poli Recipe (Jaggery And Poppy Seeds Stuffed Paratha),0.0
13623,Andhra Style Aratikaya Vepudu Recipe - Raw Banana Dry Sabzi,0.0
3312,Amrood Ki Chutney (Recipe),0.0
13621,Karnataka Style Mangrasa Recipe - Raw Mango Chutney Recipe,0.0
13620,Kashmiri Style Noon Chai Recipe - Pink Tea,0.0
13616,Malabar Parrot Recipe - Kerala Parrot Recipe,0.0
3313,Spicy Chana Chaat Frankie Recipe,0.0
13610,Stuffed Mooli Paratha Recipe (Radish Flat Bread),0.0
13607,Instant Lemon Pickle Recipe,0.0
13605,Kothamalli Thogayal Recipe | Coriander Leaves Chutney,0.0
13604,Bottle Gourd & Mint Vegetable Juice Recipe - Lauki Juice,0.0
3314,Methi Murgh Recipe - Chicken with Fenugreek Leaves,0.0
3315,Besan Burji (Recipe In Hindi),0.0
13601,Kerala Thenga Chammanthi Recipe- Coconut Onion Chutney,0.0
13600,Bengali Style Raw Mango Dal,0.0
3299,Manathakkali Thayir Pachadi Recipe,0.0
13649,Watermelon Seeds And Pumpkin Seeds Podi Recipe,0.0
13703,North Kanara Sweet And Sour Raw Mango Chutney Recipe,0.0
3285,Bharwa Baingan Aur Pyaaz Ki Sabzi (Recipe in Hindi),0.0
13702,Mini Onion Vada With Vengaya Sambar Recipe - Pan Fried Fritters in Tangy Lentil Curry,0.0
13701,Malnad Special Appe Midi Uppinakayi Recipe - Tender Mango Pickle,0.0
13700,Turkey chutney recipe - ridge gourd chutney (recipe),0.0
13699,Lauki Ke Gatte Recipe - Whole Wheat Bottle Gourd Dumplings,0.0
3273,Mirchi Lahsun Ka Chunda Recipe (Chilli Garlic Chunda),0.0
13697,Nadan Tomato Curry Recipe - Kerala Style Nadan Tomato Curry Recipe,0.0
3276,Punjabi Choori Recipe (Sweet Crumbled Rotis),0.0
3278,Surul Appam Recipe,0.0
13692,Tawa Paratha (Recipe in Hindi),0.0
3281,Oriya Kancha Kadali Bara Recipe (Raw Banana Cutlets),0.0
3282,Jackfruit Idli Recipe - Pansu Idli,0.0
3284,Potato Bonda Recipe - Low Fat Aloo Bonda Recipe,0.0
13685,Punjabi Garam Masala Powder Recipe,0.0
13684,How To Make Homemade Rose Syrup Recipe,0.0
13682,Bengali Phool Gobhir Paturi Recipe (Cauliflower & Potatoes With Poppy Seed Paste),0.0
3295,Mooli Gobhi Aur Methi Sabzi Recipe,0.0
13679,Mirchi Ke Tipore Recipe - Green Chilli Stir Fry,0.0
13677,Mint Curd Rice Recipe - Curd Rice Recipe With Mint,0.0
13673,Gopalkala Recipe - Janmashtami Special),0.0
13668,Peach Lassi Recipe - Peach Yogurt Smoothie,0.0
13667,Masala Jowar Methi Roti Recipe,0.0
13666,"Kesar Mawa Gujiya Recipe- Gujiya Stuffed With Saffron, Khoya & Nuts",0.0
13665,Chocolate Rava Ladoo Recipe,0.0
13664,Baked Masala Namak Para Recipe,0.0
13663,Paneer Sweet Kadla Curry Recipe - Sweet & Spicy Kadala Curry (Recipe),0.0
13662,Sukhe Methi Chole Recipe,0.0
3290,Narikol Pitha Recipe - Sweetened Coconut Fritter,0.0
3291,Kaddu Simla Mirch Sabzi (Recipe In Hindi),0.0
3293,Chettinad Masala Powder Recipe,0.0
3294,Khatte Baingan Recipe,0.0
14270,Malvani Masala Powder Recipe,0.0
3009,Healthy & Delicious Jamun Fruit Smoothie - Black Plum Smoothie Recipe,0.0
2659,Potlakaya Perugu Pachadi Recipe,0.0
14699,Besan Ka Sheera Recipe (Natural Cold Remedy),0.0
14693,Idli Dosa Milagai Podi Recipe - South Indian Chilli Chutney Powder,0.0
14694,Ragi & Whole Wheat Halwa Recipe - Finger Millet Pudding,0.0
14695,परवल मसाला रेसिपी - Parwal Masala Recipe,0.0
2779,Boiled Potato in Tangy Tomato Sauce (Recipe In Hindi),0.0
14697,Spicy Tomato Rice - Tomato Pulihora Recipe,0.0
14698,Jeera Milagu Rasam Recipe - South Indian Pepper Cumin Rasam,0.0
2774,Bengali Style Papad Curry (Recipe In Hindi),0.0
14277,Sanjori Bread Recipe (Maharashtrian Sweet Flatbread Stuffed with Halwa),0.0
14701,Achari Masala Puri Recipe,0.0
14702,मेथी मूंग दाल रेसिपी - Methi Moong Dal Recipe,0.0
14703,Ridge Gourd Peel Chutney Recipe,0.0
14704,Sprouted Green Gram Kosambari Recipe- With Pomegranates,0.0
14705,Godhuma Rava Payasam - Dalia/Broken Wheat Payasam,0.0
14706,हैदराबादी वेजिटेबल बिरयानी रेसिपी - Hyderabadi Vegetable Biryani Recipe,0.0
14692,Andhra Style Peanut Chutney Recipe With Tomatoes,0.0
14691,बंगाली आलू दम रेसिपी - Bengali Aloo Dum Recipe,0.0
14690,Chow Chow Poricha Kootu Recipe,0.0
14689,मिनी इडली उपमा रेसिपी - Mini Idli Upma Recipe,0.0
14688,गाजर गोभी मटर सब्ज़ी रेसिपी - Carrot Cauliflower Peas Sabzi Recipe,0.0
14687,Chocolate Cheese Gujiya Recipe,0.0
14686,केसर पिलाफ रेसिपी - Saffron Pilaf Recipe,0.0
2781,Cauliflower And Red Bell Pepper Stir Fry (Recipe In Hindi),0.0
2782,Nuvvula Pachadi (Recipe In Hindi),0.0
14683,Palak (Spinach) Puri Recipe,0.0
14682,Delicious Breakfast Anda Ghotala Recipe With Butter Pav,0.0
14681,Crunchy Carrot Peanut Raita Recipe - Gajar Moongphali Raita,0.0
14680,Rumali Roti Recipe,0.0
2784,Mooga Gathi (Sprouted Moong In Coconut Paste) Recipe,0.0
14676,Paneer in White Gravy Recipe - No Onion No Garlic Recipe,0.0
2785,Bottle Gourd Peel Chutney Recipe,0.0
14674,Ragi Onion Uttapam Recipe - Wholesome Breakfast Recipe,0.0
2773,Crispy Fried Kurkuri Bhindi Recipe Spiced With Cumin & Chaat Masala,0.0
2770,Raw Papitha No Sambharo Recipe,0.0
2768,Besan Methi Paratha Recipe,0.0
14731,Kesar Peda Recipe,0.0
14747,Whole Wheat Naan Recipe,0.0
14746,Indian Tea Masala Powder,0.0
14745,Poha Buttermilk Idli Recipe,0.0
14743,Gulab Sandesh Recipe - Cottage Cheese Flavored with Rose Water,0.0
2753,Cauliflower Pepper Fry (Recipe In Hindi),0.0
14741,थक्काली रसम रेसिपी - Thakkali Rasam Recipe,0.0
2758,Thavala Adai Recipe,0.0
14739,Thengai Poornam Kozhukattai / Ukadiche Modak Recipe With Rice Flour,0.0
2759,Tangy Raw Beetroot & Tomato Chutney Recipe,0.0
14737,Egg Kothu Paratha Recipe,0.0
2760,Sweet Potato Dal Recipe,0.0
14735,Bharwa Parwal Sabzi Recipe -Stuffed Pointed Gourd Dry Vegetable,0.0
14733,मटर पुलाव रेसिपी - Peas Pulao Recipe,0.0
14732,कढ़ाई छोले रेसिपी - Kadai Chole Recipe,0.0
14729,Ghee Roast Dosa Recipe - Crispy Paper Dosa Recipe,0.0
14714,Oats and Besan Cheela Recipe (High Protein Spiced Crepes),0.0
14728,Maharashtrian Kulith Shengole Recipe - Spicy Horse Gram Flour Dumplings,0.0
14727,Ragi Idli Recipe - Learn How To Make A Healthy Ragi Idli,0.0
2762,Mooli Jowar Ki Roti Recipe - Mullangi Kambu Chapathi,0.0
14725,Date and Tamarind Chutney Recipe - Khajur Imli Chutney,0.0
14724,मटर की तेहरी रेसिपी - Matar Ki Tehri Recipe,0.0
14723,Mushroom Methi Brown Rice Recipe,0.0
14722,Jeera Rice Recipe - Cumin And Ghee Flavored Rice,0.0
2764,Salted Caramel Popcorn Recipe,0.0
2765,Watermelon Seeds Rice Recipe,0.0
14719,Whole Masala Gobhi Recipe - Spiced Whole Roasted Cauliflower Masala,0.0
14718,पापड़ एर डालना रेसिपी - Bengali Papad Curry Recipe,0.0
14717,Lehsun ki Chutney - Spicy Garlic Chutney,0.0
2766,Kollu Rasam (Recipe In Hindi),0.0
14715,चाउ चाउ पोरिचा कूटू रेसिपी - Chow Chow Poricha Kootu Recipe,0.0
14672,Feijoada Recipe - Spicy Goan Black Eyed Peas Stew,0.0
14670,Broccoli And Tofu Green Curry Recipe,0.0
14669,Kesar Pista Kulfi Recipe,0.0
2837,Uttarakhand Style Black Gram Chainsoo Recipe,0.0
14629,Nellikai Rasam Recipe - Whole Gooseberry Rasam,0.0
2826,Black Forest Cupcake Recipe,0.0
2828,Paneer Shashlik (Recipe In Hindi),0.0
2830,Rajasthani Pyaaz Ki Kadhi Recipe,0.0
14625,Raw Papaya Mor Kootu Recipe - Ayurvedic No Onion No Garlic Recipe,0.0
14624,Kerala Style Varutharacha Mutton Curry Recipe,0.0
14623,Puliyodharai / Puliyogare Recipe (Spicy Tamarind Rice) with Pulikachal,0.0
14621,Green Beans Paruppu Usili Recipe - Iyengar Style,0.0
2831,Turmeric Milk Recipe - Haldi Doodh / Golden Milk,0.0
2832,Tea Spiced Nuts Recipe (Skillet Roasted),0.0
14616,Varan Bhaat Recipe - Maharashtrian Dal Recipe,0.0
14615,वरन भात रेसिपी - Varan Bhaat Recipe,0.0
14614,Kollu Rasam Recipe - Healthy Horse Gram Rasam,0.0
2835,Sorakkai Kozhukattai Paal Kuzhambu Recipe - Bottle Gourd Curry,0.0
2839,Peanut Rice With Coconut Recipe,0.0
14631,Paneer and Green Peas Paratha Recipe,0.0
14609,Gujarati Kadhi Recipe - Sweet And Spicy Gujarati Kadhi,0.0
14608,Andhra Style Aratikaya Vepudu Recipe - Raw Banana Dry Sabzi,0.0
14607,Ragi Rava Idli Recipe - Steamed High Protein Finger Millet Idli,0.0
2841,Karuvepillai Pachadi Recipe - Curry Leaf Raita,0.0
2846,Hare Chane Ka Kebab Recipe,0.0
14603,पोट्टू कडलई चटनी रेसिपी - Roasted Chickpea Chutney Recipe,0.0
14602,Gurellu Chutney Podi Recipe,0.0
14601,Uchellu Chutney Recipe,0.0
2848,Sweet Pongal With Thai Jasmine Rice And Palm Sugar Recipe,0.0
2850,Manga Ogre Recipe (Mango Rice),0.0
2851,Coriander Tamarind Millet Rice Recipe - Coriander Tamarind Millet Rice Recipe,0.0
2853,Phool Mathri Recipe,0.0
14594,Aamras Ki Kadhi Recipe - Mango Kadhi Recipe,0.0
14593,Chettinad Style Tomato Vermicelli Upma Recipe,0.0
2824,Vaangi Bhaat Recipe (Maharashtrian Style Brinjal Rice),0.0
14632,Vaghareli Rotli Recipe - Roti Ka Poha,0.0
2790,Shimla Mirchi Panchamrut Recipe | Konkani Capsicum Cashew Peanut Sabzi,0.0
14651,Pavakkai Poriyal Recipe - Karela Ki Sabzi,0.0
14667,Dry Fruit Ghughra/Gujiya Recipe (Pastry Crust Pockets Filled With Dry Fruits),0.0
14665,Matar Besan And Paneer Cheela Recipe -Green Peas & Paneer Crepes,0.0
14663,Instant Sooji Oats Dhokla Recipe - Steamed Semolina & Oats Dhokla,0.0
14662,Jolada Roti Recipe - Jowar Bhakri,0.0
14661,Murungai Keerai Sambar Recipe - Drumstick Leaves Sambar,0.0
2800,Hariyali Chicken Tikka Masala Recipe,0.0
2801,Karela Thepla Recipe - Bitter Gourd Indian Flat Bread,0.0
14658,Murungai Keerai Puttu - Drumstick Leaves Puttu Recipe,0.0
2802,Green Moong Dal Cheela Recipe - Savory Green Mung Bean Pancakes,0.0
2803,Dry Chole Recipe,0.0
2804,Meen Peera (Kerala Style Fish Recipe With Shredded Coconut),0.0
14654,Khandeshi Dal Recipe,0.0
2805,Chena Kaya Erissery Recipe,0.0
2808,Savoury Carrot And Coriander Pancakes Recipe,0.0
2809,Dimer Malai Curry Recipe,0.0
14633,Jowar Atta Roti Recipe - Sorghum Wheat Phulka Recipe,0.0
2811,Moong Dal With Radish Greens Recipe,0.0
14646,Beetroot Raita Recipe,0.0
14645,Aloo Methi Sabzi Recipe - Potato Fenugreek Leaves Sabzi,0.0
14644,Ven Pongal Recipe - South Indian Rice And Lentil Pudding,0.0
2816,Matar Ka Cheela (Recipe In Hindi),0.0
14642,Muttaikose Poriyal Recipe - Cabbage Stir fry With Coconut,0.0
14641,Cabbage Thoran Recipe - Kerala Style Cabbage Stir Fry,0.0
14640,Beans Matki Bhaji Recipe - Green Beans Moth Beans Sabzi,0.0
2819,Dip Potato Recipe - Dubki Wale Aloo (Recipe In Hindi),0.0
2822,Jain Style Dal Makhani (Recipe In Hindi),0.0
2823,Cauliflower And Red Bell Pepper Stir Fry Recipe,0.0
14636,Carrot Cauliflower Peas Sabzi Recipe - Gajar Gobi Matar Sabzi,0.0
14635,Appalam Vatha Kuzhambu Recipe - Papad In Tamarind Gravy,0.0
14634,Pachai Payaru Payasam Recipe - Green Moong Dal Payasam,0.0
14749,Akhrot Ka Sheera/Halwa Recipe - Walnut Pudding/Fudge Recipe,0.0
14750,Badam Ki Kheer Recipe - Spiced Almond Milk,0.0
14751,Banana Sheera Recipe - Sweet Banana Halwa/ Pudding,0.0
14849,पालक धनिया डोसा रेसिपी - Spinach And Coriander Dosa Recipe,0.0
14867,Paneer Do Pyaza Recipe,0.0
14866,Mangai Inji Pickle Recipe- Instant Mango Ginger Pickle,0.0
14865,Mango Ladoo Recipe,0.0
14863,Oats Uttapam topped with Paneer Recipe,0.0
14860,कोल्हापुरी पालक अंडे की करी रेसिपी - Kolhapuri Palak Egg Curry Recipe,0.0
14859,मुत्तई कुंजहम्बू रेसिपी - South Indian Egg Curry Recipe,0.0
14858,Shabnam Curry Recipe - Mughlai Style Mushroom And Peas Gravy,0.0
2693,Rajasthani Seeds Fenugreek & Papad K Sag Recipe,0.0
2695,Dill Idle Recipe (Dill Leaves Idli),0.0
14855,Chana Dal And Methi Ki Sabzi Recipe,0.0
2696,Achari Masala Recipe For Fresh Pickles - Sambharo Masala,0.0
14852,Malvani Kala Chana Masala Recipe - Spicy Kala Chana Curry,0.0
14851,Ajwaini Kache Kele Ki Sabzi Recipe -Plantains Cooked With Caraway Seeds,0.0
14850,घी रोस्ट डोसा रेसिपी - Homemade Crisp Ghee Roast Dosa (Recipe In Hindi),0.0
14848,कॉर्न और ड्रमस्टिक सलाद रेसिपी - Corn And Drumstick Leaves Salad Recipe,0.0
2683,Gujarati Lasaniya Batata Recipe - Gujarati Lasaniya Batata Recipe,0.0
14847,Egg Sholay Kebab Recipe,0.0
14846,टमाटर और कढ़ी पत्ते की चटनी रेसिपी - Tomato Curry Leaf Chutney Recipe,0.0
14845,ड्राई फ्रूट हलवा रेसिपी - Dry Fruit Halwa Recipe,0.0
14844,कुलीथ तिल चटनी रेसिपी - Horsegram Sesame Chutney Recipe,0.0
14843,Karnataka Style Bendekayi Gojju - Kayirasa Recipe,0.0
2699,Allam Pachadi | Ginger Chutney Recipe,0.0
2701,Kirai Sambar (Recipe in Hindi),0.0
14840,बीटरूट पराठा रेसिपी - Whole Wheat Beetroot Paratha Recipe,0.0
14839,लौकी रायता रेसिपी - Lauki Raita Recipe,0.0
14838,Kashmiri Paneer Gravy Recipe,0.0
14837,No Onion No Garlic Lobia Masala Recipe In Electric Pressure Cooker,0.0
2702,Palak Tambuli (Recipe In Hindi),0.0
14835,कोथामली थोवयल रेसिपी - Kothamalli Thovayal Recipe,0.0
14834,Methi Dana Sabzi Recipe - Healthy Fenugreek Seeds Stir Fry,0.0
14869,Keri Na Gotla Nu Shaak Recipe - Gujarati Style Ripe Mango Curry,0.0
14871,Sukhe Chole Recipe - Dry Masala Chickpeas,0.0
14832,Baby Corn Carrot Sabzi Recipe,0.0
2669,"Methi, Mooli Makkai Paratha Recipe",0.0
14907,आलू मटर सब्ज़ी रेसिपी - Aloo Matar Sabzi Recipe,0.0
14906,Bharwa Baingan Aur Pyaaz Ki Sabzi Recipe - Roz Ka Khana With Figaro Olive Oil,0.0
2660,Mung Pani Recipe,0.0
2661,Maharashtrian Style Groundnut Curry (Recipe In Hindi),0.0
14901,कच्चा आम ककड़ी गाजर सलाद रेसिपी - Raw Mango Carrot Cucumber Salad Recipe With Peanuts,0.0
14899,Senai Kizhangu Varuval Recipe - Spicy Chettinad Style Yam Stir Fry,0.0
14898,Nawabi Tawa Paratha Recipe,0.0
2666,Khatte Pudina Aloo Recipe,0.0
14896,Kerala Style Tomato Fry Recipe,0.0
14895,Broccoli And Aloo Poriyal Recipe - South Indian Broccoli And Potato Stir Fry,0.0
14894,Vendakkai Thoran Recipe - Kerala Style Bhindi Stir Fry,0.0
2667,Red Capsicum Poriyal Recipe - Red Bell Pepper Stir Fry,0.0
14892,White Pumpkin Mor Kuzhambu Recipe - Kerala Style White Pumpkin Curry,0.0
14891,Methi Malai Matar Recipe - Fenugreek Peas Curry With Cream,0.0
2670,Palak Makhana Recipe (Navratri Fasting / Vrat Recipe),0.0
14872,पनीर बटर मसाला बिरयानी रेसिपी - Layered Paneer Butter Masala Biryani Recipe,0.0
14888,वेज मक्खनवाला रेसिपी - Veg Makhanwala Recipe,0.0
14887,Bengali Potol Bhaja Recipe-Bengali Style Parwal Sabzi,0.0
2672,Mango Curry Recipe - Mango Curry,0.0
14885,Cauliflower And Peas Bhurji Recipe,0.0
14884,Varagu Arisi Pongal Recipe -Kodo Millet Pongal,0.0
2673,Nadan Tomato Curry Recipe (Kerala Style Tomato Curry),0.0
14882,Lahsuni Dal Tadka -Moong Dal with Pumpkin,0.0
2674,Mixed Millet and Lentils Adai Recipe - Mixed Millet and Lentils Adai Recipe,0.0
2677,Hyderabad Style Kuska Recipe (Biryani Rice Recipe),0.0
14879,Chow Chow Milagu Kootu Recipe-Chayote Squash Cooked in Peppery Lentil Curry,0.0
14876,Raw Mango Thokku Recipe - Tamil Nadu Style Raw Manga Thokku,0.0
14875,Chatpata Baby Potato Recipe,0.0
14874,Kala Desi Chana Recipe -Brown Chickpea Curry,0.0
14873,प्याज कुल्चा रेसिपी - Whole Wheat Onion Stuffed Kulcha Recipe,0.0
14833,छिलके वाली मूंग दाल रेसिपी - Chilke Wali Mung Dal Recipe,0.0
2704,Uttarakhand Mooli Thechua Recipe (Radish Salad),0.0
14752,Chironji And Makhane Ki Kheer Recipe,0.0
2745,Spinach Oats Vada Recipe,0.0
14787,Maharashtrian Green Chilli Thecha Recipe,0.0
14786,Mooli Gobhi Aur Methi Sabzi Recipe,0.0
14784,Instant Cucumber Pickle Recipe,0.0
2730,"Carrot, Radish & Peanut Salad with Lemon Recipe",0.0
2734,Green Tea Coconut Ladoo Recipe - Coconut Energy Balls,0.0
14781,Thengai Poli Recipe - Coconut Poli Recipe,0.0
14780,Avarakkai Poricha Kootu Recipe - Broad Beans Kootu Recipe,0.0
2737,Hare Chana Barfi Recipe,0.0
2741,Paneer Biryani Recipe,0.0
14776,Egg Korma Recipe,0.0
14775,Dry Fruits Meetha Paneer Paratha Recipe,0.0
14774,Ujju Rotti Recipe (Indian Rice Flat Bread),0.0
14773,मशरुम करी - Mushroom Curry (Recipe In Hindi),0.0
2743,Konkani Style Pomfret Fry Recipe - South Indian Fish Fry Recipe,0.0
14769,Sun Dried Raw Mango Raita Recipe-Ambula Rai,0.0
2728,Rice Flour Bhakri Recipe (Maharashtrian Tandalachi Bhakri),0.0
14768,Gujarati Lasaniya Batata Recipe - Garlic Potato Curry,0.0
2748,Ghee Rice (Recipe In Hindi),0.0
2749,Tamter Wangun (Recipe In Hindi),0.0
14764,Kavuni Arisi Halwa Recipe (Black Rice Halwa),0.0
14763,Kerala Style Avial Recipe - Onam Sadya Recipe,0.0
14762,Gojju Avalakki Recipe - Puli Aval,0.0
15940,Pyaz Wali Bhindi Recipe | Bhindi Do Pyaza - Okra Onion Stir Fry,0.0
14760,Pasi Paruppu Kosumalli Recipe (Spiced Lentil Salad Recipe),0.0
2750,Chenakayi Erissery Recipe - Yam Erissery,0.0
14757,Kerala Special Mambazha Puliserry Recipe,0.0
14756,Thelivu Rasam Recipe,0.0
14755,Karnataka Style Mangrasa Recipe - Raw Mango Chutney Recipe,0.0
14754,Zucchini Paratha Recipe,0.0
14753,Dry Fruit Barfi Recipe - A Healthy Dry Fruit Halwa,0.0
14788,Angoor Raita Recipe,0.0
14790,Besan Methi Paratha Recipe,0.0
14830,महाराष्ट्रियन कढ़ी रेसिपी - Maharashtrian Kadhi Recipe,0.0
14812,Gujarati Khatta Mag - Green Moong in Buttermilk Curry,0.0
2705,Keema Bhindi Recipe - Keema Bhindi Recipe,0.0
2706,Lachedar Kakdi Pyaz Kachumber Recipe - Onion Cucumber Salad,0.0
2708,Rose Lassi Recipe,0.0
2710,Karnataka Style Haalbai Recipe,0.0
2711,Raw Mango Thokku Recipe - Tamil Nadu Style Raw Manga Thokku,0.0
14822,"Til Moongphali Aur Kundru Sabzi Recipe - Sesame, Peanuts And Ivy Gourd Stir Fry",0.0
14821,पनीर बिरयानी रेसिपी - Paneer Biryani Recipe,0.0
14820,Maharashtrian Style Farasbi Chi Bhaji Recipe - Beans Cooked With Peanuts,0.0
14819,Thotakura Vepudu Recipe - Andhra Style Amaranth Greens Stir Fry,0.0
2714,Huruli Kaalu Chutney Pudi Recipe (Horse Gram Chutney Podi),0.0
14816,Chow Chow Pasi Paruppu Poriyal Recipe - Chayote Squash And Moong Stir Fry,0.0
14815,पंजाबी मेथी कढ़ी रेसिपी - Punjabi Methi Kadhi Recipe,0.0
14814,गुजराती खट्टा मग रेसिपी - Gujarati Khatta Mag Recipe,0.0
2715,Thelivu Rasam Recipe,0.0
2716,Saoji Egg Curry Recipe - Saoji Egg Curry Recipe,0.0
14791,South Indian Style Sorakkai Kootu Recipe - Bottle Gourd Cooked with Lentils,0.0
2717,Annanas Ka Muzzafar Recipe,0.0
2718,Thengai Thogayal Recipe - Thengai Thogayal Recipe,0.0
14806,Tamil Nadu Style Coconut Chutney Recipe - For Idli And Dosa,0.0
2720,Mosaru Kodubale Recipe - Yogurt-Rice Flour Fritters,0.0
14804,Kothamalli Kozhukattai (Coriander Rice) Recipe,0.0
14803,Lal Bhoplyacha Bharit Recipe (Red Pumpkin Raita),0.0
14802,North Kanara Sweet And Sour Raw Mango Chutney Recipe,0.0
14801,Karela Besan Sabzi Recipe,0.0
14798,"Raw Papaya, Apple & Carrot Salad Recipe",0.0
14797,Mughlai Zafrani Murg Recipe,0.0
14796,South Indian Style Vegetable Kurma Recipe,0.0
2724,Andhra Gongura Pulihora Recipe | Gongura Puliyodarai | Spicy Red Roselle Leaves Rice,0.0
2725,Moong Dal Idli Recipe,0.0
14793,Homemade Soft Idli Recipe - Steamed Rice and Lentil Cake,0.0
14591,Beetroot Sambar Recipe - Tangy Beetroot Lentil Curry,0.0
14590,उलावा चारु रेसिपी - Horse Gram Rasam (Recipe In Hindi),0.0
14589,मुलांगी करी रेसिपी - Mullangi Curry (Recipe In Hindi),0.0
14381,Iyengar Vendakkai Mor kuzhambu Recipe,0.0
14395,Kobbari Charu Recipe - Coconut Milk & Dal Sambar Recipe,0.0
14394,Sadya Parippu Recipe - Kerala Style Lentils,0.0
2955,Vegan Black Beans Stuffed Paratha Recipe,0.0
14392,Sweet Corn And Raw Mango Salad Recipe,0.0
14391,Oats Mor Kali Recipe - Oats & Buttermilk Breakfast Porridge,0.0
2956,Cabbage Tomato Sabzi (Recipe In Hindi),0.0
14389,Kuruku Kaalan Recipe - Raw Bananas in Coconut Curry,0.0
14388,Pori Urundai Recipe - Healthy Puffed Rice Balls With Jaggery,0.0
14387,Menthya Matvadi Palya Recipe - Madhwa Brahmin Style Methi-Chana Dal Sabzi,0.0
14386,Lasun Batata Poori Recipe - Spiced Coriander Fried Bread Recipe,0.0
14385,Kaju Pista Roll Recipe - Cashew Nut Pistachio Fudge,0.0
2958,Palak Khichdi Recipe - Palak Khichdi With Brown Rice And Toasted Peanuts,0.0
14383,Mooli Palak Sabji Recipe - Radish Spinach Sabzi,0.0
14382,Kerala Style Vendakka Uppadan Recipe,0.0
14380,Atte Ka Halwa Recipe - Whole Wheat Flour Halwa with Khoya,0.0
14397,Andhra Style Chama Dumpa Pulusu Recipe - Arbi With Sesame Tamarind Sauce Recipe,0.0
2959,Guava Jam Recipe,0.0
14377,केला बेसनी सब्ज़ी विधि रेसिपी - Kela Besani Sabzi Recipe,0.0
2960,Dhaba Style Spicy Ghee Rice Recipe Made From Whole Spices,0.0
14374,Cabbage Pachadi Recipe,0.0
14373,Chow Chow and Carrot Kootu Recipe,0.0
2961,Masala Chai Recipe - Masala Chai Recipe,0.0
2967,Chana Dal Aloo Cutlet Recipe - Gram Dal Potato Cutlet Recipe,0.0
14369,Raw Banana Thoran Recipe,0.0
14368,Satvik Carrot Sprouts Salad Recipe - No Onion No Garlic,0.0
14367,Jain Style Corn Palak Recipe,0.0
14366,Gorikayi Palya Recipe - Karnataka Style Gawar Phali Sabzi,0.0
14365,Moru Kachiyathu Recipe - Kerala Style Seasoned Buttermilk,0.0
14364,स्मोक्ड ढाबा दाल रेसिपी - Smoked Dhaba Dal Recipe,0.0
14363,Kesar Paneer Ki Kheer Recipe - Cottage Cheese Milk Pudding,0.0
2953,Carrot Pistachio Coconut Cake Recipe,0.0
2952,Green Beans Lentil Usili Recipe - Iyengar Style,0.0
14361,चना मेथी दाल रेसिपी - Chana Methi Dal Recipe,0.0
14419,Bengali Holud Mishti Pulao Recipe - Saffron Flavored Rice With Nuts,0.0
14436,Mysore Chutney Recipe - Chana Dal Chutney,0.0
14434,Paal Kesari Recipe - South Indian Style Milk Kesari,0.0
14433,Ragi Appam Recipe - A Healthy Twist To The Classic Kerala Appam,0.0
14432,Whole Wheat Beetroot Paratha Recipe,0.0
14430,Raw Mango Raita Recipe,0.0
14429,Jeera Hing Aloo Recipe - No Onion No Garlic Recipe,0.0
14428,Beetroot Carrot Halwa Recipe,0.0
14427,Papaya and Carrot Halwa Recipe,0.0
2935,Rajasthani Kachri Ki Chutney Recipe (Wild Cucumber Chutney),0.0
2938,Health Benefits of Rasna (Alpinia Galanga) - Ayurvedic Medicinal Plant,0.0
14424,Vegetable Biryani Recipe With Chatpata Aloo,0.0
14423,Matar Ki Tehri Recipe - Fragrant rice cooked with spices and fresh peas,0.0
14422,Kaju Katli Recipe (Kaju Barfi),0.0
14421,Kharbyaali Masale Khara Recipe - North Karnataka Sambar Powder,0.0
14418,Maharashtrian Karanji Recipe (Gujiya) - A Delicious Diwali Sweet,0.0
14399,Authentic Godumai Dosai Recipe - Whole Wheat Flour Crepes,0.0
2941,Amla Methi Sukhi Sabzi Recipe - Amla Methi Sukhi Sabzi Recipe,0.0
14416,Makhane Ki Phirni Recipe - Lotus Seed Milk Pudding,0.0
2942,Dal and rice recipe - Mashed Dal Rice (Recipe),0.0
2945,Artichoke Bodi Surri Recipe - Artichoke Fry,0.0
14412,Mango Payasam Recipe-Mambazha Payasam - Onam Special,0.0
14411,Gajar Amla Raita Recipe - Carrot Gooseberry Raita Recipe,0.0
14410,Mango Kesari Recipe | Mango Sooji Halwa | Mango Sheera,0.0
2949,Dried Kala Chana Masala Recipe - Ashtami Prasad,0.0
14408,Egg Biryani Recipe With Coconut Milk,0.0
2950,Mullangi Thogayal Recipe - Mullangi Thogayal Recipe,0.0
14405,केरला स्टाइल उल्ली थियल रेसिपी - Kerala Style Ulli Theeyal Recipe,0.0
14404,कुरुकु कालन रेसिपी - Kurukku Kaalan Recipe,0.0
14403,केरला स्टाइल एग रोस्ट करी रेसिपी - Kerala Style Egg Roast Curry Recipe,0.0
14402,Methi Moong Dal Recipe - Healthy Diabetic Friendly Recipe,0.0
14362,सोबजी दीए भाजा मुगेर दाल रेसिपी - Sobji Diye Bhaja Muger Dal Recipe,0.0
2968,Maavina Hannina Gojju (Karnataka Style Ripe Mango Curry Recipe),0.0
14438,Kerala Style Appam Recipe Without Yeast,0.0
14303,Aval Upma Recipe,0.0
14319,Konkani Style Solkadhi Recipe - Kokum Drink,0.0
2981,Cabbage Foogath Recipe - Goan Style Cabbage Stir Fry,0.0
14317,कुम्भ पुलाव रेसिपी - Spiced Kumbh Pulao Recipe,0.0
14316,केरला स्टाइल कच्चा केला और सुरन कोटु करी रेसिपी - Kerala Style Plantain & Yam Thoran Recipe,0.0
14315,पुली कुज़ह रेसिपी - Puli Koozh Recipe,0.0
14314,गुट्टी वांकाया रेसिपी - Gutti Vankaya Recipe,0.0
14313,Carrot Beans Thoran Recipe - Kerala Thoran For Onam Sadya,0.0
14312,Lehsun Methi Raita Recipe,0.0
2983,Satvik Carrot Sprouts Salad Recipe - No Onion No Garlic,0.0
14310,Bharwa Besan Mirch Sabzi Recipe - Chillies Stuffed With Spiced Gram Flour,0.0
14309,खमंग ककड़ी रेसिपी - Khamang Kakdi Recipe,0.0
14308,Maharashtrian Style Kala Chana Cooked In Koli Masala Recipe,0.0
2985,Manda Pitha Recipe-Orissa Style Steamed Rice Flour Dumplings,0.0
2986,Fajeto Recipe - Gujarati Ripe Mango Curry Recipe,0.0
2987,Hing Pani Puri Recipe-Asafoetida Pani Puri,0.0
14322,ऑरेंज रसम रेसिपी - Orange Rasam Recipe,0.0
2988,Til Ke Ladoo Recipe - Sesame Ladoo Recipe,0.0
14299,Kerala Style Banana Dosa Recipe,0.0
2989,Kala Chana Amti Recipe,0.0
2990,Urad Ki Sukhi Dal Recipe - Urad Ki Sukhi Dal Recipe,0.0
2991,Pumpkin Vegetable Recipe with Panchh Phon Masala,0.0
2992,Bengali Style Chori Recipe-Mixed Vegetable Sabzi,0.0
2994,Elaneer Rasam Recipe,0.0
14286,Quinoa Vangi Bath Recipe,0.0
14285,Punjabi Sabut Moong Ki Dal Recipe (Whole Green Lentils Cooked With Punjabi Spices),0.0
2996,Lehsun ki Chutney - Spicy Garlic Chutney,0.0
3002,Paatolyo Recipe (Goan Sweet Dish),0.0
3006,Menthya Jolada Mudde Recipe - Methi & Jowar Balls Recipe,0.0
14279,Beetroot Garlic Lemon Rasam (Recipe In Hindi),0.0
14278,Creamy Mango Kulfi Recipe With Cream Cheese,0.0
14321,Lemon Rasam Recipe - Nimbe Saaru Recipe,0.0
14323,Homemade Lemon Sevai Recipe - Lemon Idiyappam Recipe,0.0
2970,Zucchini Paratha Recipe,0.0
14341,Sobji Diye Bhaja Muger Dal Recipe - Bengali Style Moong Dal with Winter Vegetables,0.0
14358,राजस्थानी प्याज की कढ़ी रेसिपी - Rajasthani Pyaaz Ki Kadhi Recipe,0.0
14357,Green Beans Poriyal Recipe With Peanuts & Sesame Recipe,0.0
14356,आलुची भाजी रेसिपी - Aluchi Bhaji Recipe,0.0
2971,Whole Wheat Flour Puttu Recipe,0.0
14354,Ellu Chutney Recipe - Sesame Seeds Chutney Recipe,0.0
14353,Rose Flavoured Shahi Tukda Recipe,0.0
14352,एल्लु चटनी रेसिपी - Ellu Chutney Recipe,0.0
14351,Khamang Kakdi Recipe - Maharashtrian Cucumber Salad,0.0
14347,ढाबा स्टाइल एग करी रेसिपी - Dhaba Style Egg Curry Recipe,0.0
14346,Bengali Jhinge Narkol Chenchki Recipe - Stir Fried Ridge Gourd With Coconut,0.0
14345,Spicy Mullangi Thogayal Recipe (Radish Chutney),0.0
14344,करेला कढ़ी रेसिपी - Karela Kadhi Recipe,0.0
14343,हरियाली अंडे की करी रेसिपी - Hariyali Egg Curry Recipe In Coriander and Mint Gravy,0.0
14342,मुलांगी थोगयल रेसिपी - Mullangi Thogayal Recipe,0.0
14340,Homemade Doodh Peda Recipe - Milk Peda,0.0
14324,Pudina Lehsun Laccha Paratha Recipe - Mint Garlic Layered Paratha,0.0
2973,Traditional Rasmalai Recipe,0.0
2977,Saag Tofu Recipe,0.0
14337,लहसुन की चटनी रेसिपी - Lahsun ki Chutney Recipe,0.0
14336,Maharashtrian Tindora Sabzi With Peanuts Recipe,0.0
14335,Andhra Style Vankaya Kothimeera Karam Recipe - Brinjal Cooked With Spicy Coriander Mix Recipe,0.0
14334,आंध्रा स्टाइल वांकाया कोथिमीरा करम रेसिपी - Andhra Style Vankaya Kothimeera Karam Recipe,0.0
14333,Thandai Flavoured Rice Kheer Recipe,0.0
14332,Sing Paak Recipe - Spiced Peanut Burfi,0.0
14331,Gluten Free Rajgira Burfi Recipe,0.0
14330,Dry Fruit Burfi Recipe With Gulkand,0.0
14329,Konkani Style Mande/Mandige/Chavde Recipe-Thin fried pancakes stuffed with sweet coconut Recipe,0.0
2978,Spinach And Millet Pulav Recipe,0.0
14327,Spicy Poppy Seeds Pulao Recipe - Gasa Gasala Saddi,0.0
14325,Coriander Tadka Raita Recipe,0.0
14437,Anda Bhurji Recipe,0.0
14439,सुखी उरद दाल रेसिपी - Sukhi Urad Dal Sabzi Recipe,0.0
14588,आलू सागु रेसिपी - Potato Sagu Recipe,0.0
14536,Brown Rice Kozhukattai Recipe - Savory Brown Rice Dumplings,0.0
14550,Kerala Style Ragi Puttu Recipe - Healthy Diabetic Friendly Recipe,0.0
14549,Pavakka Theeyal Recipe - Bitter Gourd In A Roasted Coconut Gravy,0.0
2868,Homemade Multigrain Baby Cereal Recipe (Baby Porridge),0.0
14547,Doodhi Na Muthiya Dhokla Recipe,0.0
2872,Egg Biryani Recipe With Coconut Milk,0.0
2875,Cucumber Mor Kuzhambu Recipe (Cucumber Curry),0.0
14544,Cauliflower & Cucumber Raita Recipe (Cauliflower Yogurt Salad),0.0
2876,Drumstick Spinach Usili Recipe - Drumstick Loves & Tour site,0.0
2877,Halli Style Mutton Saaru Recipe - South Indian Mutton Curry,0.0
14541,Green Moong Dal Khichdi Recipe,0.0
14540,Sabudana Kheer Recipe - Tapioca Pearl Milk Pudding,0.0
2878,Kaju Pakoda Recipe,0.0
2880,Moong Dal Chilla (Recipe In Hindi),0.0
2881,Goan Prawns Balchao Recipe (Prawns Pickle),0.0
2882,Anar & Aloo Pakora Recipe - Dry Pomegranate & Potato Pakora,0.0
14552,Kakdi Chi Koshimbir Recipe - Maharashtrian Style Cucumber Salad,0.0
14534,Beetroot Halwa Recipe,0.0
14533,Godhuma Dosa Recipe - Instant Whole Wheat Flour Dosa Recipe,0.0
2883,Mango Pudding Recipe,0.0
14531,Pisarna Manga Recipe -Instant Raw Mango Pickle,0.0
14530,Nellikai Chitranna Recipe - Gooseberry-Amla Rice Recipe,0.0
2884,Tamil Nadu Style Pala Kottai Sambar Recipe - Mangalore Cucumber & Jackfruit Seed Sambar,0.0
2886,Potatoes In Poppy Seed Paste (Recipe In Hindi),0.0
14527,Burani Raita Recipe - Garlic Based Yogurt,0.0
14526,Mint And Pomegranate Raita Recipe,0.0
14525,पत्ता गोभी थोरन रेसिपी - Cabbage Thoran/Poriyal Recipe,0.0
14524,Ellu Kuzhambu Recipe- Sesame Seeds Kuzhambu,0.0
14522,Punjabi Style Boondi Kadhi Recipe,0.0
14521,पंजाबी स्टाइल बूंदी कढ़ी रेसिपी - Punjabi Style Boondi Kadhi Recipe,0.0
14520,मटर बेसन और पनीर चीला रेसिपी - Matar Besan And Paneer Cheela Recipe,0.0
14551,Hesaru Bele Southekayi Kosambari Recipe - Cucumber Kosambari,0.0
14553,"South Indian Style Green Moong Sprouts, Raw Mango Salad Recipe",0.0
2890,Authentic Godumai Dosai Recipe - Whole Wheat Flour Crepes,0.0
14570,बांदे दिन्दु कडले पाल्या रेसिपी - Banana Stem Chickpea Curry,0.0
2855,Green Moong Dal Makhani (Recipe In Hindi),0.0
14586,Aloo Bhindi Sabzi Recipe - Potatoes Lady's Finger Stir Fry,0.0
14585,Vendakkai Podi Curry Recipe - Vendakkai Poriyal,0.0
2857,Shakarkandi Malpua Recipe - Mishti Aloo Malpua Recipe,0.0
14583,Andhra Gongura Pachadi Recipe - Andhra Style Sorrel Leaves Chutney,0.0
14582,Lehsuni Methi Paneer Recipe - Garlic Methi Paneer Curry,0.0
14581,Goan Shepeche Polle Recipe,0.0
14580,Ghoogri Recipe - Jowar Upma,0.0
14579,Maharashtrian Anarsa Recipe,0.0
14578,Avarekalu Kadubu Recipe (Hyacinth Beans Steamed Dumplings),0.0
14576,Assamese Poita Bhat With Aloo Pitika Recipe,0.0
2860,Motichoor Modak Recipe,0.0
2861,Kasuri Methi Paneer Sabzi (Recipe In Hindi),0.0
14571,चकुंदर पनीर करी रेसिपी - Beetroot Paneer Curry Recipe In Coconut Milk,0.0
14569,Kerala Style Ulli Theeyal Recipe - Small Onions Roasted in Spicy Tamarind Coconut Gravy,0.0
2866,Sprouted Kollu Sambar Recipe,0.0
14568,Khajur Satori Recipe (Dates Flatbread),0.0
2862,Mulakootal (Vegetables In Coconut Gravy) Recipe,0.0
2864,Konkani Style Kadgi Chakko Recipe - Raw Jackfruit With Coconut,0.0
14565,इमली चिल्ली आलू रेसिपी - Tamarind Chilli Potato Recipe,0.0
14564,बीन्स करम रेसिपी - Beans Curry (Recipe In Hindi),0.0
14563,Begun Basanti Recipe - Eggplant In Mustard Yogurt Curry,0.0
14562,Potato And Cauliflower In Peanut Curry Recipe,0.0
14561,Pasi Paruppu Masiyal Recipe-Green Moong Dal Curry Recipe,0.0
14560,हैदराबादी खादी मसूर की दाल रेसिपी - Hyderabadi Khadi Masoor Ki Dal Recipe,0.0
2865,Vendaikai (Okra) Puli Kootu,0.0
14558,काथीरीकइ गोथ्सु रेसिपी - Kathirikai Gotsu Recipe,0.0
14557,Peanut Chutney Podi Recipe,0.0
14556,गुजराती कढ़ी रेसिपी - Gujarati Kadhi Recipe,0.0
14555,Avocado Raita Recipe,0.0
2888,"South Indian Kosambari Recipe With Raw Mango, Cucumber, Carrot & Beetroot",0.0
2896,Jeera Rice Recipe,0.0
14440,Murungai Keerai Paruppu Usili Recipe - Drumstick Leaves & Toor Dal,0.0
14457,Onion Rava Dosa Recipe - Spiced Semolina Crepe,0.0
14474,अवल उपमा रेसिपी - Aval Upma Recipe,0.0
14473,Konkani Style Phanna Doddak Recipe-Tempered Dosa Recipe,0.0
2915,Steamed Lentil Crumbled With Fenugreek Leaves (Recipe In Hindi),0.0
14469,Karnataka Style Kashi Halwa Recipe With Ash Gourd,0.0
14468,High Protein Soya Idli Recipe,0.0
2917,Paneer do Pyaza (Recipe in Hindi),0.0
2918,Karathe Nonche Recipe - Bitter Gourd Pickle,0.0
14465,चाय मसाला पाउडर रेसिपी - Indian Tea Masala Powder Recipe,0.0
14464,Tomato Onion Chutney Recipe - Thakkali Vengayam Chutney,0.0
2919,Chicken Cooked in Banana Leaves Recipe,0.0
14461,Beetroot Gajar Mooli Salad Recipe - Radish & Beetroot Salad,0.0
14460,Karnataka Style Guliappa Recipe (Gundponglu/Paniyaram/Paddu),0.0
14459,पालक तौव्वे रेसिपी - Palak Tovve Recipe,0.0
2921,Thayir Semiya Recipe (Curd Semiya),0.0
14456,Rajasthani Ghevar Recipe,0.0
2912,Hirve Kalvan Recipe (Fresh Coriander and Coconut Curry),0.0
14455,Gulab Jamun Recipe With Khoya,0.0
14454,Paruppu Payasam Recipe - Stewed Dal Coconut Milk Payasam,0.0
2922,Yogurt Lamb Curry Recipe,0.0
14452,Mullangi Poriyal recipe - South Indian Style Radish Stir Fry,0.0
14451,कश्मीरी पनीर ग्रेवी रेसिपी - Kashmiri Paneer Gravy Recipe,0.0
14450,Whole Wheat Spinach Paratha Recipe,0.0
14449,भिंडी टमाटर सब्ज़ी रेसिपी - Bhindi Tomato Sabzi Recipe,0.0
14448,Pudina Pyaz Kachumber Salad Recipe - Mint & Onion Salad,0.0
14447,Kumbalakai Majjige Huli Recipe- Ash Gourd Buttermilk Curry,0.0
14446,Lauki Raita Recipe - Grated Bottle Gourd Yogurt Salad,0.0
14445,दही अचारी भिंडी रेसिपी - Dahi Achari Bhindi Recipe,0.0
2925,Shahi Egg Curry Recipe - Tomato & Cashew Gravy,0.0
14443,वन पॉट बटर चिकन खिचड़ी रेसिपी - One Pot Butter Chicken Khichdi Recipe,0.0
14441,North Indian Sooji Halwa Recipe,0.0
14475,Healthy Homemade Ragi Dosa Recipe,0.0
14477,Ella Ada Recipe-Steamed Rice Pancakes With Coconut & Jaggery Filling,0.0
14516,Kathirikai Podi Curry Recipe (Roasted Brinjal with Spices),0.0
14498,Maharashtrian Ghavan Recipe - Rice Flour Crepes,0.0
14515,कथीरिकै पौड़ी करी रेसिपी - Kathirikai Podi Curry Recipe,0.0
14514,केरला वेंडकई थोरन रेसिपी - Kerala Vendakkai Thoran Recipe,0.0
14512,Vazhakkai Varuval Recipe- Raw Banana Roast Recipe,0.0
2899,Khandeshi Dal Recipe,0.0
14510,Carrot Badam Kheer Recipe - Carrot Almond Milk Pudding,0.0
14509,Aam Ki Launji Pickle Recipe - Sweet & Spicy Mango Pickle,0.0
14508,Bengali Luchi Recipe - Bengali Softa Maida Puffed Puri,0.0
14507,Malabar Parotta Recipe - Kerala Parotta Recipe,0.0
14506,कीमा भिंडी रेसिपी - Keema Bhindi Recipe,0.0
14505,Traditional Bengali Rasgulla Recipe - Cottage Cheese Balls In Sweetened Syrup,0.0
14502,Kerala Vendakkai Thoran Recipe - Okra Stir Fry with Coconut,0.0
14501,Boondi Raita Recipe Spiced With Black Salt,0.0
14500,हरा धनिया पराठा रेसिपी - Hara Dhania Paratha Recipe,0.0
14499,"अंकुरित हरे मूंग और कच्चे आम का सलाद रेसिपी - Green Moong Sprouts, Raw Mango Salad Recipe",0.0
14497,Sabudana Thalipeeth Recipe - Tapioca Pearl Spicy Flat Bread,0.0
14478,मूंगफली चटनी पोड़ी रेसिपी - Peanut Chutney Podi Recipe,0.0
14495,आम की लौंजी रेसिपी - Aam Ki Launji Recipe,0.0
14494,भिंडी मसाला ग्रेवी रेसिपी - Bhindi Masala Gravy Recipe,0.0
14493,Bengali Bhog Khichuri Recipe - Bengali Khichdi Using Electric Pressure Cooker,0.0
2903,Rajasthani Bajre Khatti Rabri Recipe,0.0
14491,Grated Cucumber Raita Recipe,0.0
2905,Ujju Rotti Recipe (Indian Rice Flat Bread),0.0
2908,Tamil Nadu Style Egg Fry Recipe - Tamil Nadu Style Egg Fry Recipe,0.0
14487,North Arcot Special Godumai Rava Puliyodharai Recipe - Broken Wheat/Dalia Puliogare,0.0
14486,Pineapple Kesari Bhath Recipe - Sweet Semolina Pudding,0.0
14485,चेट्टिनाड ड्राई पेप्पर चिकन रेसिपी - Chettinad Dry Pepper Chicken Recipe,0.0
14484,"चकुंदर, गाजर और ककड़ी का सलाद रेसिपी - Beetroot, Carrot & Cucumber Salad with Peanuts Recipe",0.0
14483,"Beetroot, Carrot & Cucumber Salad with Peanuts Recipe",0.0
14481,वन पॉट प्रेशर कुकर चिकन करी रेसिपी - One Pot Pressure Cooker Chicken Curry Recipe,0.0
14480,वन पॉट पंजाबी राजमा मसाला रेसिपी - One Pot Punjabi Rajma Masala Recipe,0.0
15939,Ragi Rava Dosa Recipe With Oats - Finger Millet & Oats Dosa Recipe,0.0
1635,Uchellu Chutney Recipe,0.0
15941,Warqi Paratha Recipe,0.0
17667,Karnataka Style Avarekalu Kosambari Recipe,0.0
17661,Kathiyawadi Shaak Recipe,0.0
735,Gutti Dondakaya Vepudu Recipe - Stuffed Ivy Gourds | Stuffed Tendli | Kovakkai,0.0
17663,Kathiawadi Dhokli Nu Shaak Recipe,0.0
17664,Kathiyawadi Adad Dal Recipe- Spicy Urad Dal,0.0
17665,"Gujarati Badshahi Pulao Recipe - A Rich Preparation Of Rice, Vegetables, Nuts And Spices",0.0
17666,Calcutta Style Chicken Biryani Recipe,0.0
733,Goan Style Khatkhatem Recipe (Mixed Vegetable Gravy),0.0
17679,कच्चे आम की लौंजी रेसिपी - Kacche Aam Ki Launji Recipe,0.0
17669,केरला स्टाइल अंडा काजू करी रेसिपी - Kerala Style Egg Cashew Curry Recipe,0.0
17670,आंध्रा स्टाइल पप्पू चारु रेसिपी - Andhra Style Pappu Charu Recipe,0.0
17671,पितोर की सब्ज़ी रेसिपी - Pitor Ki Sabzi Recipe,0.0
17674,कोथामली थोगयल रेसिपी - Kothamalli Thogayal Recipe,0.0
17675,Karuvepillai Pachadi Recipe - Curry Leaf Raita,0.0
17676,दाल तड़का रेसिपी - Dal Tadka Recipe Flavoured With Lemon And Coriander,0.0
17660,Gujarati Style Lapsi Recipe - Millet Sweet Pudding,0.0
745,Karwar Style Dali Ambat Ani Maska Sang Recipe-Toor Dal & Drumsticks Pod Curry,0.0
746,Bajra Aloo Paratha Recipe,0.0
17656,पनीर कोफ्ता करी रेसिपी - Paneer Kofta Curry Recipe,0.0
17654,शाही भिंडी रेसिपी - Shahi Bhindi Recipe In Cashew Nut Gravy Recipe,0.0
17653,चेट्टिनाड वेंगया कोसु रेसिपी - Chettinad Vengaya Kosu Recipe,0.0
17652,कथीरिकै रसा वांगी रेसिपी - Kathirikai Rasa Vangi Recipe,0.0
748,Narthangai Curry | Sweet and Sour Citron fruit Curry,0.0
17650,Kashmiri Style Kokur Yakhni Recipe-Chicken Cooked In Yogurt,0.0
17649,चेट्टिनाड वेजिटेबल पुलाव रेसिपी - Chettinad Vegetable Pulao Recipe,0.0
758,No Onion No Garlic Lobia Masala Recipe In Electric Pressure Cooker,0.0
765,Bengali Holud Mishti Pulao Recipe - Saffron Flavored Rice With Nuts,0.0
766,Shorshe Maach Recipe - Bengali Style Mustard Fish Curry,0.0
17642,अासामीस बिलाहिर तोक रेसिपी - Assamese Bilahir Tok Recipe,0.0
17641,पुडलंगाई मिलागु कूट रेसिपी - Pudalangai Milagu Kootu Recipe,0.0
17640,सुंडकई मेथी सांबर रेसिपी - Sundakkai And Methi Leaves Sambar Recipe,0.0
775,Karnataka Style Sandige Huli Recipe (Toor dal dumplings in Gravy Recipe),0.0
17677,Thatte Idli Recipe,0.0
17680,खजूर इमली की चटनी रेसिपी - Khajur Imli Chutney Recipe,0.0
17633,टोमेटो राइस विथ बेसिल रेसिपी - Tomato Rice With Basil Recipe,0.0
17710,Kerala Chicken Roast Recipe,0.0
17702,Fada Ni Khichdi Recipe,0.0
709,Coconut Burfi Recipe - Kopra Pak/ Fresh Coconut Fudge,0.0
708,Maharashtrian Bakar Bhaji Recipe,0.0
702,Homemade Sambar Powder Recipe-South Indian Curry Powder,0.0
17708,Chenna Poda Recipe,0.0
17709,लहसुन आमला चटनी रेसिपी - Lehsun Amla Chutney Recipe,0.0
694,Aloo Bhindi Sabzi Recipe - Potatoes Lady's Finger Stir Fry,0.0
731,Kuvale Sasam Recipe - Konkani Ash Gourd Curry,0.0
693,Whole Wheat Spinach Paratha Recipe,0.0
17713,Green Moong Dal Kootu with Raw Banana Peel Recipe,0.0
17714,Chanar Payesh Recipe,0.0
17715,Val Papdi Bhaji Recipe - Goan Style Flat Beans Dry Sabzi,0.0
17717,Kathirikai Paruppu Kootu Recipe,0.0
691,Kashmiri Rogan Josh Recipe - Mutton in Red Curry,0.0
17701,पुदीना इडली रेसिपी - Pudina Idli Recipe,0.0
17700,दही ओट्स रेसिपी - Curd Rice Style Overnight Oats Recipe,0.0
17699,Shahi Vegetable Pulao Recipe,0.0
713,Kerala Style Pulissery Recipe (Mor Kuzhambu),0.0
17696,Meethe Chawal Recipe - Zarda Pulao,0.0
724,Konkani Style Batata Song Recipe - Dry Red Chili Potatoes Fry,0.0
725,Andhra Style Palakura Pappu Recipe (Spinach Dal Recipe),0.0
17692,Bhagar Recipe - Maharashtrian Style Spicy Barnyard Millet Pulao,0.0
17691,Karnataka Style Set Dosa Recipe,0.0
727,Jolada Roti Recipe - Jowar Bhakri,0.0
17689,वेरुसेनेगा सांबर रेसिपी - Verusenaga Sambar Recipe,0.0
17688,अदरक शिमला मिर्च चावल रेसिपी - Crunchy Ginger Capsicum Rice Recipe,0.0
17687,Raw Mango Carrot Cucumber Salad Recipe With Peanuts,0.0
17686,माँगा ओगरे रेसिपी - Manga Ogre Recipe,0.0
17685,दाल मखनी रेसिपी - Dal Makhani Without Onion And Garlic (Recipe In Hindi),0.0
17684,लहसुनि दाल तड़का रेसिपी - Lahsuni Dal Tadka Recipe,0.0
17683,मूलांगी तौव्वे रेसिपी - Moolangi Tovve Recipe,0.0
17635,Badshahi Chicken Recipe,0.0
17632,गाजर निम्बू चावल रेसिपी - Carrot Lemon Rice Recipe,0.0
689,Carrot And Broccoli Poriyal Recipe,0.0
827,Vendakkai Poriyal Recipe (South Indian Style Okra Stir Fry Spiced With Sambar Powder),0.0
17571,Gujarati Style Osaman Dal Recipe,0.0
834,Karnataka Style Orange Peels Curry Recipe,0.0
17573,Healthy Carrot Methi & Mooli Thepla Recipe,0.0
17575,Nimbu Chunda Recipe (Lemon Chutney) - No Cook And Oil Free,0.0
17576,Gujarati Vagharela Mag Recipe - Moong Sprouts Sabzi Recipe,0.0
829,Moolangi Tovve Recipe - Radish Curry,0.0
17579,Cheese Garlic Naan Recipe,0.0
818,Konkani Style Vengaya Sagle Recipe - Eggplant Drumstick Curry,0.0
17580,Sweet And Sour Lemon Pickle Recipe,0.0
825,Maheri Recipe,0.0
17582,Raw Mango Murabba Recipe - Cinnamon Spiced Mango Jam,0.0
17584,Mor Milagai Recipe - South Indian Sun Dried Chillies,0.0
17585,Oil Free Gujarati Undhiyu Recipe - No Onion No Garlic,0.0
17586,Milagu Jeera Curry Leaf Sadam Recipe,0.0
17568,Rajasthani Gunde Ki Sabzi Recipe (Bird Lime Stir Fry),0.0
17567,Pudina Dahi Chutney Recipe- Mint Yoghurt Dip,0.0
17566,Andhra Style Paruppu Podi Recipe - Dal Podi,0.0
17565,Sweet and Spicy Tomato Chutney Recipe,0.0
17563,Healthy Pumpkin Carrot Idli Recipe,0.0
17562,वेपमपू करा कोलंब रेसिपी - Vepampoo Kara Kuzhambu Recipe,0.0
17560,मोरिंगा मसूर दाल रेसिपी - Moringa Masoor Dal Recipe,0.0
848,Ripe Jackfruit Malpua With Rabdi Recipe - Kathal Malpua,0.0
17557,One Pot Spicy Vegetable Pulao Recipe with Coconut Milk,0.0
17556,Spinach Paneer Kofta Curry Recipe,0.0
17555,Spiced Rajma Pulao Recipe - Spiced Kidney Bean Rice,0.0
850,Chironji Ki Dal Recipe,0.0
851,Paan Matka Kulfi Recipe,0.0
17551,Coconut Rice Pulao With Coconut Cream Recipe,0.0
854,Dry Fruit Halwa Recipe,0.0
17549,Sukhi Aloo Sabzi Recipe (Spiced Potato Stir Fry),0.0
17548,Simple Steamed Indian Beet Salad Recipe,0.0
17587,Traditional Gujarati Mohanthal Recipe - Gram Flour Fudge with Nuts and Saffron,0.0
17590,Muri Masala Recipe Kolkata Style Used in Jhal Muri,0.0
782,Beetroot & Sesame Thepla Recipe,0.0
17623,केरल की कटहल सब्ज़ी रेसिपी - Kerala Style Jack Fruit Seeds Stir Fry (Recipe In Hindi),0.0
17616,मिलागू जीरा सदम रेसिपी - Milagu Jeera Sadam (Recipe In Hindi),0.0
17618,Quick and Easy Bread Upma Recipe,0.0
17619,Instant Ragi Rava Dhokla - Wholesome & Delicious Ragi Recipe,0.0
17620,चम्मंथी चटनी रेसिपी - Chammanthi Chutney Recipe,0.0
17621,Stuffed Mango Pickle Recipe - Gujarati Dabla Keri Nu Athanu,0.0
17622,Ragi Malpua With Rabri Recipe (Indian Pancakes With Creamy Pudding),0.0
17624,Averekaalu Rava Laddu Recipe - Field Beans Semolina Ladoo,0.0
812,Moongphali Bhindi Sabzi Recipe - Lady's Finger Peanut Stir Fry,0.0
785,Mooli And Moong Dal Sabji Recipe,0.0
17626,Awadhi Style Sheermal Recipe - Sweet Flat Bread,0.0
17627,Manoharam Murukku Recipe-South Indian Diwali Special Paruppu Thengai),0.0
17628,Pumpkin Dal with Garlic Tadka Recipe,0.0
17629,पम्पकिन एरीसेरी रेसिपी - Pumpkin Erissery Recipe,0.0
17630,आंध्रा स्टाइल बीटरूट वेपुडु रेसिपी - Andhra Style Beetroot Vepudu Recipe,0.0
790,Jowar Atta Roti Recipe - Sorghum Wheat Phulka Recipe,0.0
17614,Nagli Rava Upma Recipe - Healthy Ragi Rava Upma Recipe,0.0
17612,Broken Wheat Upma Recipe - Healthy Dalia Upma for Breakfast,0.0
17609,Murungai Keerai Thogayal Recipe-Drumstick Leaves Thogayal,0.0
798,Gulab Jamun Trifle Recipe,0.0
17607,Murungai Keerai Rasam Recipe,0.0
17605,Murungai Keerai Thogayal Recipe - Moringa/Drumstick Leaves Chutney,0.0
800,Rose Flavoured Shahi Tukda Recipe,0.0
17603,Vegetable Semiya Upma Recipe,0.0
801,Kashmiri Monj Haakh Recipe - Knol Khol Flavored With Asafoetida,0.0
17601,Bengali Style Chori Recipe-Mixed Vegetable Sabzi,0.0
17600,Corn And Drumstick Leaves Salad Recipe,0.0
804,Shahi Tukda Gajar Halwa Shots With Rabri Recipe,0.0
807,Boondi Ki Kheer Recipe,0.0
17596,तीखा राजमा पुलाव रेसिपी - Spiced Rajma Pulao Recipe,0.0
17595,Rajasthani Makki Ka Chatpata Dhokla Recipe,0.0
17594,आलू बोंदा रेसिपी - Potato Bonda Recipe Flavoured With Sambar Powder in Hindi,0.0
17719,Chocolate Modak Recipe,0.0
681,Moong Dal Sookhi Sabzi Recipe,0.0
17546,नवाबी पनीर करी रेसिपी - Nawabi Paneer Curry Recipe,0.0
17838,हरियाली मटर रेसिपी - Hariyali Matar Recipe,0.0
571,Menthi Vankaya Recipe - Andhra Style Fenugreek Spiced Baingan,0.0
17830,Kerala Chicken Puttu Recipe,0.0
17832,Safed Murgh Handi Recipe - Chicken In White Gravy,0.0
17834,अदरक की चटनी रेसिपी - Ginger Chutney Recipe,0.0
17835,मैसुर चटनी रेसिपी - Mysore Chutney Recipe,0.0
17836,झूरे झूरे आलू भाजा रेसिपी - Jhure Jhure Aloo Bhaja Recipe,0.0
17839,मूली भुर्जी रेसिपी - Mooli Bhurji Recipe,0.0
17849,Bread Halwa Recipe,0.0
17840,गोभी मूंग दाल रेसिपी - Cauliflower Moong Dal Recipe,0.0
17841,पुदीना मूंग दाल रेसिपी - Pudina Moong Dal Recipe,0.0
17842,Kesar Pista Falooda Recipe,0.0
17843,Rose Gulkand Phirni Recipe,0.0
17845,Kimami Sewai Recipe,0.0
17847,छोले पिंडी रेसिपी - Chole Pindi Recipe,0.0
17827,चाउ चाउ करी रेसिपी - Chow Chow Curry Recipe,0.0
572,Arbi Dahi Wali Sabzi Recipe,0.0
573,Sweet Corn Poriyal Recipe,0.0
574,Red Capsicum Poriyal Recipe - Red Bell Pepper Stir Fry,0.0
576,Warqi Paratha Recipe,0.0
577,Chettinad Vegetable Pulao Recipe,0.0
579,Andhra Style Vankaya Kothimeera Karam Recipe - Brinjal Cooked With Spicy Coriander Mix Recipe,0.0
17820,Tallyanche Suke Recipe - Sardine Dry,0.0
17818,आलू विंडालू रेसिपी - Potato Vindaloo Recipe,0.0
17817,चटपटी मकई मसाला रेसिपी - Chatpatti Makai Masala Recipe,0.0
17816,Chicken In Tomato Onion Gravy Recipe,0.0
581,Mirchicha Chatka (Fire Roasted Chillies With Yogurt Recipe),0.0
17812,South Indian Style Murungakkai Poriyal Recipe - Drumstick Stir Fry,0.0
17811,गोबी और सोया कीमा रेसिपी - Gobi and Soya Keema Recipe,0.0
17810,स्ट्रॉबेरी चटनी रेसिपी - Strawberry Chutney Recipe,0.0
17809,Dahi Wali Singhare Ki Sabzi Recipe,0.0
587,Urulai Kizhangu Masiyal Recipe (Potatoes in a Tangy lemon and Ginger Gravy),0.0
17848,राजस्थानी दाल रेसिपी - Rajasthani Dal Recipe,0.0
17850,Shorshe Maach Recipe - Bengali Style Mustard Fish Curry,0.0
17805,Mambhazam Pulissery Recipe,0.0
552,अरबी मसाला कसूरी मेथी के साथ - Arbi Masala (Recipe In Hindi),0.0
562,Bengali Style Labra Recipe - Mix Vegetable Sabzi,0.0
17872,Soya Chunk And Green Peas Sabzi Recipe,0.0
17873,Konkani Tendli Sukke Recipe - Ivy Gourd/Tindora Stir Fry,0.0
17874,Carrot Poriyal Recipe - Steamed Carrot Stir Fry,0.0
17875,बूंदी की खीर रेसिपी - Boondi Ki Kheer Recipe,0.0
553,Singhara Pulao Recipe - Water Chestnut Mixed Rice,0.0
17878,Basundi / Rabri Recipe,0.0
17851,भरवा प्याज की सब्ज़ी रेसिपी - Bharwa Pyaz Ki Sabzi Recipe,0.0
17879,Scrambled Egg Bread Upma Recipe With Potatoes,0.0
550,Tea Spiced Nuts Recipe (Skillet Roasted),0.0
17882,Gujarati Dal Dhokli Recipe-Sweet & Spicy Tangy Dal Curry with Whole Wheat Strips,0.0
17883,Gajar Shimla Mirch Sambharo Recipe - Instant Gujarati Carrot Capsicum Pickle,0.0
17884,चकुंदर सलाद रेसिपी - Simple Steamed Indian Beet Salad Recipe,0.0
547,Karnataka Style Sabsige Soppu Akki Rotti (Dill leaves and flattened Rice Bread Recipe),0.0
17870,उरद की सुखी दाल रेसिपी - Urad Ki Sukhi Dal Recipe,0.0
17869,Boondi Ki Kheer Recipe,0.0
17868,Chow Chow Thoran (Poriyal) Recipe,0.0
17867,Carrot And Beans Poriyal Recipe,0.0
563,Matta Rice/ Chemba Rice Recipe-Pressure Cooker Method,0.0
17865,Pepper Mushroom Stir Fry Recipe,0.0
17863,मूंगफली की चटनी रेसिपी - Peanut Chutney Recipe,0.0
17861,Chocolate Kaju Katli Recipe - Chocolate Kaju Barfi,0.0
17860,Mishti Doi Recipe - Traditional Bengali Sweet Yogurt,0.0
17859,Besan Halwa Recipe,0.0
17858,Mohan Bhog Recipe - Bengali Style Sooji Ka Halwa,0.0
17857,Easy Gajar Halwa Recipe With Khoya Made In A Pressure Cooker,0.0
17856,Avarekalu Payasa Recipe - Broad Beans Payasa,0.0
17855,गोंगुरा चिकन करी रेसिपी - Gongura Chicken Curry Recipe,0.0
17854,Chanar Paturi Recipe-A Bengali Paneer Dish With Mustard,0.0
17853,नारियल मूंगफली की चटनी रेसिपी - Coconut Peanut Chutney Recipe,0.0
567,"Kashmiri Pulao Recipe - Pulao Spiced With Saffron, Whole Spices & Nuts",0.0
17807,Dum Murgh Kali Mirch Recipe - Chicken In Rich White Gravy,0.0
17804,Cabbage Chana Dal Sabzi - Gobi Chana Dal Recipe,0.0
17724,Masala Cornflakes Chicken Recipe,0.0
17756,Vellarikka Manga Curry Recipe - Cucumber Mango Pulissery,0.0
17749,मसूर दाल मखनी रेसिपी - Masoor Dal Makhani Recipe,0.0
17750,टमाटर लहसुन की चटनी रेसिपी - Tomato Garlic Chutney Recipe,0.0
17751,दाल वांगी रेसिपी - Dal Vangi Recipe,0.0
17752,कुलीथ दाल रेसिपी - Horsegram Dal Recipe,0.0
624,Ven Pongal Recipe - South Indian Rice And Lentil Pudding,0.0
17755,Andhra Style Urlugadda Munagakaya Charu Recipe - Potato And Drumstick Gravy,0.0
17757,Chettinad Thakkali Vengaya Kuzhambu Recipe,0.0
17765,थेंगइ थोगयल रेसिपी - Thengai Thogayal Recipe,0.0
17758,Pazhutha Manga Pachadi Recipe - Kerala Style Ripe Mango Curry,0.0
17759,Puli Manga Kuzhambu Recipe - South Indian Spicy Mango Curry,0.0
17760,Rajasthani Hari Mirch Ka Maas Recipe,0.0
17761,नारियल धनिये की चटनी रेसिपी - Desiccated Coconut Coriander Chutney Recipe,0.0
17762,कच्चे आम और लहसुन की दाल रेसिपी - Kacche Aam Aur Lehsun Ki Dal Recipe,0.0
17763,Cabbage And Carrot Poriyal Recipe - No Onion And Garlic,0.0
633,Goan Style Recheado Bangdo Recipe | Stuffed Mackerel,0.0
17746,Raw Papaya Thoran Recipe,0.0
17745,हरे चने की चटनी रेसिपी - Green Chana Chutney Recipe,0.0
646,"Methi, Mooli Makkai Paratha Recipe",0.0
17742,महाराष्ट्रियन हरी मिर्च का थेचा रेसिपी - Maharashtrian Green Chilli Thecha Recipe,0.0
17741,Flaxseed Podi-Flaxseed Chutney Powder,0.0
17740,सौंफ आलू रेसिपी - Saunf Aloo Recipe,0.0
17738,अमृतसरी सूखी दाल रेसिपी - Amritsari Sookhi Dal Recipe,0.0
656,Beetroot Moong Phali Sabzi Recipe-Beetroot Stir Fry with Roasted Peanuts,0.0
17734,Stir Fried Carrot And Green Beans Recipe,0.0
17732,Carrot And Broccoli Poriyal Recipe,0.0
17731,Kerala Style Karamani Thoran Recipe - Yard Beans Stir Fry With Coconut,0.0
17730,धनिआ वाले आलू रेसिपी - Dhania Wale Aloo Recipe,0.0
17729,गवारफली की सब्ज़ी रेसिपी - Gavarphali Ki Sabji Recipe,0.0
668,Khatti Arbi Ki Sabzi Recipe - Colocasia In Yoghurt Curry,0.0
17727,Andhra Dondakaya Chutney Recipe - Tindora Chutney,0.0
673,Crispy Pan Fried Pomfret Recipe,0.0
17764,Mulangi Thoran Recipe - Radish Stir Fry With Coconut,0.0
17766,Kerala Style Fish Curry Recipe,0.0
17803,Assamese Saaru Maas Diya Adar Jhol Recipe - Fish In Ginger Gravy,0.0
17794,Gongura Pappu Recipe - Gongura/ Sorrel Leaves Dal,0.0
600,Thengai Poornam Kozhukattai / Ukadiche Modak Recipe With Rice Flour,0.0
17789,मिलेट जोवार पनियारम रेसिपी - Millet Jowar Paniyaram Recipe,0.0
17790,काला चना सलाद रेसिपी - Kala Chana Salad Recipe,0.0
17791,Chettinadu Kozhi Kuzhambu Recipe - Chettinadu Chicken Curry,0.0
17792,Mooli And Moong Dal Sabji Recipe,0.0
17793,Besan Aur Dahi Wali Kacche Kele Ki Sabzi Recipe,0.0
17795,Bajra Na Rotla Recipe - A Traditional Gujarati Pearl Millet Bread,0.0
17767,तड़के वाली मसूर दाल रेसिपी - Tadkewali Masoor Dal Recipe,0.0
599,Kaccha Kela Aur Bhindi Ki Sabzi Recipe - Raw Banana & Ladies Finger Stir Fry,0.0
17798,बीटरूट और टमाटर चटनी रेसिपी - Tangy Raw Beetroot & Tomato Chutney Recipe,0.0
17799,कोल्लु थोगयल रेसिपी - Kollu Thogayal Recipe,0.0
17800,मसूर दाल और राजमा मसाला रेसिपी - Masoor Dal Aur Rajma Masala Recipe,0.0
589,Thekera Tenga Recipe,0.0
588,Karwar Style Bibya Usal Recipe (Spiced Cashew Nut Sabzi),0.0
605,Konkani Style Karate Batate Puddi Sagle Recipe - Bitter Gourd & Potato Curry,0.0
612,Whole Wheat Naan Recipe,0.0
17784,Assamese Sesame Kaffir Lime Chicken Curry,0.0
17782,Cabbage Foogath Recipe - Goan Style Cabbage Stir Fry,0.0
616,Bihari Shakarkand Bhujiya Recipe - Spicy Sweet Potato Sabzi,0.0
618,Foxtail Millet Lemon Rice Recipe-Elumichai Thenai,0.0
17778,Dry Jamun Recipe,0.0
620,Gulkand Seviyan Kheer Recipe,0.0
17776,मकई वाली भिंडी रेसिपी - Makai Wali Bhindi Recipe,0.0
17775,Multigrain Methi Thepla Recipe With Ragi & Whole Wheat,0.0
17774,Dhokla Sandwich With Capsicum And Paneer Recipe,0.0
17773,Maharashtrian Bakar Bhaji Recipe,0.0
17772,शाही दाल रेसिपी - Shahi Dal Recipe,0.0
17771,पालक कढ़ी रेसिपी - Palak Kadhi Recipe,0.0
17770,तीखी गोअन मशरुम रेसिपी - Spicy Goan Style Mushrooms Recipe,0.0
17769,चाउ चाउ थोरन रेसिपी - Chow Chow Thoran Recipe,0.0
17768,Vendakkai Varuval Recipe - Tamil Nadu Style Okra Stir Fry,0.0
17547,Creamy Indian Butter Fish Recipe - Creamy Pabda Fish,0.0
17545,Urulai Kizhangu Kathirikai Poriyal Recipe - South Indian Style Potato & Eggplant Curry,0.0
15942,Makki and Methi Roti Recipe,0.0
17335,हरा चना मसाला रेसिपी - Hara Chana Masala (Recipe In Hindi),0.0
17328,Andhra Style Paakundalu/ Pakam Undalu Recipe (Rice flour Coconut Fritters),0.0
17329,नवाबी मिक्स्ड वेजिटेबल रेसिपी - Nawabi Mixed Vegetable Gravy (Recipe In Hindi),0.0
17330,Belagavi Style Kunda Recipe (Terati Pal / Kalakand),0.0
17331,अरबी दही वाली सब्ज़ी रेसिपी - Arbi Dahi Wali Sabzi (Recipe In Hindi),0.0
17332,चेटिनाड स्टाइल काली मिर्च मशरुम रेसिपी - Chettinad Style Pepper Mushroom (Recipe In Hindi),0.0
17333,Sweet Dashami Recipe (Maharashtrian Flatbread Made With Wheat Flour & Sugarcane Juice),0.0
17336,मटर मसाला रेसिपी - Peas In Onion Tomato Gravy (Recipe In Hindi),0.0
17345,पत्ता गोभी और छाछ की सब्ज़ी रेसिपी - Cabbage & Buttermilk Curry (Recipe In Hindi),0.0
1006,Kashmiri Style Dum Oluv Recipe - Dum Aloo Recipe,0.0
1004,Oil Free Gujarati Undhiyu Recipe - No Onion No Garlic,0.0
17339,Snake Gourd Kootu Recipe (Pudalangai Kootu),0.0
17340,केरला स्टाइल फूल गोभी कुरमा रेसिपी - Kerala Style Cauliflower Kurma (Recipe In Hindi),0.0
17341,Dry Fruit & Nut Modak Recipe,0.0
17342,राजस्थानी बड़ी की सब्ज़ी रेसिपी - Rajasthani Badi Ki Sabzi (Recipe In Hindi),0.0
1015,Sweet & Spicy Ripe Mango Curry Recipe,0.0
17326,Lotus Stem Koftas in Silky Gravy Recipe,0.0
17325,ब्रोकली और टोफू की सब्ज़ी रेसिपी - Broccoli And Tofu Green Curry (Recipe In Hindi),0.0
17323,तीखा मटर मसाला रेसिपी - Spicy Matar Masala (Recipe In Hindi),0.0
17322,Punjabi Sabut Moong Ki Dal Recipe (Whole Green Lentils Cooked With Punjabi Spices),0.0
17321,Khirapat Panchakhadya Recipe,0.0
17320,Maharashtrian Style Gul Pohe (Sweetened Beaten Rice with Coconut),0.0
1020,नुव्वुला पचड़ी रेसिपी - Nuvvula Pachadi Recipe,0.0
17318,सेमिया उपमा रेसिपी -Semiya Upma (Recipe In Hindi),0.0
17317,टमाटर प्याज और ककड़ी का रायता रेसिपी - Tomato Onion Cucumber Raita (Recipe In Hindi),0.0
17315,ब्रेड उपमारेसिपी - Quick and Easy Bread Upma (Recipe In Hindi),0.0
17314,Maharashtrian Style Kakdichi Amti (Cucumber Gravy Recipe),0.0
17313,Maharashtrian Style Semolina and Yogurt Cake Recipe,0.0
17312,बूंदी रायता रेसिपी - Boondi Raita Recipe Spiced With Black Salt (Recipe In Hindi),0.0
17311,राजस्थानी घसेला रेसिपी - Besan Ka Pitta (Recipe In Hindi),0.0
17310,गवार कद्दू की सब्ज़ी रेसिपी - Gavar Pumpkin Sabji (Recipe In Hindi),0.0
17309,हरी फली की सब्ज़ी रेसिपी - Green Beans Fry (Recipe In Hindi),0.0
17344,Raw Papaya Kofta In Yogurt Curry Recipe,0.0
17346,Red Chilli and Tomato Pachadi Recipe,0.0
17307,Kaddu Palak Roti Recipe (Pumpkin Spinach Flat Bread),0.0
965,Cheesy Garlic Broccoli Nuggets Recipe,0.0
991,Haldi Ki Sabzi Recipe (Fresh Turmeric Root Vegetable),0.0
17366,चाउ चाउ थोरन रेसिपी - Chow Chow Thoran (Recipe In Hindi),0.0
17367,पुदीना और अनार का रायता रेसिपी - Mint And Pomegranate Raita (Recipe In Hindi),0.0
17369,Kerala Palada Pradhaman Recipe,0.0
987,Aamras Ki Kadhi Recipe - Mango Kadhi Recipe,0.0
17373,अगथि कीरई रेसिपी - Agathi Keerai (Recipe In Hindi),0.0
17375,रवा पोंगल रेसिपी - Rava Pongal (Recipe In Hindi),0.0
17347,चेटिनाड पट्टानी कुरमा रेसिपी - Chettinad Peas Curry (Recipe In Hindi),0.0
17376,इडली रेसिपी - Homemade Soft Idli (Recipe In Hindi),0.0
17378,वेन पोंगल रेसिपी - South Indian Rice and Lentil Pudding (Recipe In Hindi),0.0
17379,Quinoa Rice Pudding With Turmeric Recipe,0.0
17380,मूंग दाल चीला रेसिपी - Moong Dal Chilla (Recipe In Hindi),0.0
17381,फ्रूट पचड़ी रेसिपी - Fruit Pachadi (Recipe In Hindi),0.0
17382,तड़का रायता रेसिपी - Spiced Curd With Onions (Recipe In Hindi),0.0
17364,स्ट्रॉबेरी रायता रेसिपी - Strawberry Raita (Recipe In Hindi),0.0
17363,बीटरूट तम्बूली रेसिपी - Beetroot Raita With Coconut (Recipe In Hindi),0.0
17362,मसाला करेला रेसिपी - Masala Karela (Recipe In Hindi),0.0
17361,गोभी मटर की भुर्जी रेसिपी - Cauliflower Matar Bhurji (Recipe In Hindi),0.0
17360,पत्ता गोभी पल्या रेसिपी - Cabbage Palya (Recipe In Hindi),0.0
17359,आलू मेथी की सब्ज़ी रेसिपी - Potato Fenugreek Leaves Stir Fry (Recipe In Hindi),0.0
17358,गोभी चावल और दाल की करी रेसिपी - Cauliflower Rice and Lentil Curry (Recipe In Hindi),0.0
17357,टमाटर प्याज की सब्ज़ी रेसिपी - Tomato Onion Gravy Sabzi (Recipe In Hindi),0.0
17356,Gur Paare Recipe (A traditional Punjabi Wedding Sweet),0.0
17355,Punjabi Choori Recipe (Sweet Crumbled Rotis),0.0
17354,आलू कुरमा रेसिपी - Potato Kurma (Recipe In Hindi),0.0
17353,राबोडी शिमला मिर्च की सब्ज़ी रेसिपी - Rajasthani Curry with Corn Papad (Recipe In Hindi),0.0
1000,Goruchikkudu Kaya With Peanut Podi Recipe - Cluster Beans With Peanut,0.0
17351,मिंट वेजिटेबल मोइली रेसिपी - Mixed Vegetables Cooked In Minty Coconut Milk (Recipe In Hindi),0.0
17350,कश्मीरी राजमा रेसिपी - Kashmiri Rajma (Recipe in Hindi),0.0
17349,शिमला मिर्च मसाला रेसिपी - Capsicum Masala Gravy (Recipe In Hindi),0.0
17348,सेब और टमाटर की सब्ज़ी रेसिपी - No Onion No Garlic Spiced Apple Tomato Curry (Recipe In Hindi),0.0
17308,टमाटर डोसा रेसिपी - Tomato Dosa (Recipe In Hindi),0.0
17306,Assamese Style Ghila Pitha Recipe (Sweetened Rice Fritters Recipe),0.0
17384,आलू पोहा रेसिपी - Savory Flattened Rice & Potato Breakfast (Recipe In Hindi),0.0
17259,Cauliflower Leaves Chutney Recipe,0.0
17253,Kadle Bele Chutney Pudi Recipe,0.0
17254,हरी मिर्च की सब्ज़ी रेसिपी - Green Chilli Vegetable (Recipe In Hindi),0.0
17255,रसे वाले आलू रेसिपी - Boiled Potato in Tangy Tomato Sauce (Recipe In Hindi),0.0
17256,अमृतसरी गोभी मटर की सब्ज़ी रेसिपी - Punjabi Style Creamy Cauliflower And Peas Curry (Recipe In Hindi),0.0
17257,टमाटर गोत्सुरेसिपी - Tomato Gotsu (Recipe In Hindi),0.0
17258,Chakkra Pongali Recipe (Andhra Style Sweet Pongal),0.0
17260,दाल फ्राई रेसिपी - Dal Fry (Recipe In Hindi),0.0
17268,छोले शिमलामिर्च मसाला रेसिपी - Chole Capsicum Masala Recipe (Recipe In Hindi),0.0
17261,रोस्टेड गोभी रेसिपी - Roasted Cauliflower (Recipe In Hindi),0.0
1053,Begun Bhaja Recipe (Bengali Style Spiced And Fried Aubergine Slices),0.0
17263,कॉर्न कोरमा रेसिपी - Corn Korma (Recipe In Hindi),0.0
17264,तवा पनीर मसाला रेसिपी - Tawa Paneer Masala (Recipe In Hindi),0.0
17265,शिमला मिर्च करी रेसिपी - Capsicum Curry (Recipe In Hindi),0.0
17266,मूंगफली की करी रेसिपी - Peanut Curry (Recipe In Hindi),0.0
17252,फ्रूट कस्टर्ड रेसिपी - Fruit Custard (Recipe In Hindi),0.0
1054,Amlechi Uddamethi Recipe - Goan Raw Mango Curry,0.0
17250,साउथ इंडियन चुकंदर पोरियल रेसिपी - Stir Fried Beetroot (Recipe In Hindi),0.0
17249,Bengali Langcha Recipe With Mawa,0.0
17248,मेथी तुरई की सब्ज़ी रेसिपी - Methi Turai Ki Sabzi (Recipe In Hindi),0.0
17247,मूंग दाल सुखी सब्ज़ी रेसिपी - Moong Dal Sookhi Sabzi (Recipe In Hindi),0.0
17246,अचारी बैंगन भरता रेसिपी - Achari Baingan Bharta (Recipe In Hindi),0.0
17244,Bengali Style Chingri Posto Recipe (Prawns Cooked In Poppy Seed Gravy),0.0
17243,Hyderabad Style Kuska Recipe (Biryani Rice Recipe),0.0
17241,Puliyodharai / Puliyogare Recipe (using Millets),0.0
17240,Andhra Style Pulihora Recipe (Spicy & Tangy Tamarind Rice),0.0
17239,Angoori Rasmalai Recipe,0.0
17238,Orange Rasmalai Recipe (Indian Cottage Cheese Pudding),0.0
17237,Paneer Gulab Jamun Recipe (Delicious Diwali Sweet),0.0
17235,Bengali Special Chocolate Sandesh Recipe (Chocolate Infused Cottage Cheese Dessert),0.0
17234,Dark Chocolate Sandesh (Shondesh) Dipped In Chocolate Recipe,0.0
17233,Red Rice Dosa Recipe,0.0
17267,वेगन नवरतन कोरमा रेसिपी - Vegan Navratan Korma (Recipe In Hindi),0.0
17269,फूलकारी पुलाव रेसिपी - Phulkari Pulao (Recipe In Hindi),0.0
17305,Carrot Semolina Phirni Recipe,0.0
17296,अरबी का साग रेसिपी - Arbi Ka Saag (Recipe In Hindi),0.0
17290,वेगन नारियल का रायता रेसिपी - Vegan Coconut Yogurt (Recipe In Hindi),0.0
17291,पंजाबी आलू पराठा रेसिपी - Spiced Indian Potato Flatbread (Recipe In Hindi),0.0
17292,पापड़ रायता रेसिपी - Papad Raita (Recipe In Hindi),0.0
17293,दाल मखनी रेसिपी - Creamy Dal Makhani (Recipe In Hindi),0.0
17294,Maharashtrian Ambat Goda Dal Recipe,0.0
17295,छोटी आलूर दम रेसिपी - Baby Potatoes In Tomato Gravy (Recipe In Hindi),0.0
1024,पत्ता गोभी की सब्ज़ी - Cabbage Tomato Sabzi (Recipe In Hindi),0.0
1052,Sweet Potato & Neem Leaves Vegetable Curry Recipe,0.0
17298,चेटिनाड स्टाइल काली मिर्च फूल गोभी फ्राई रेसिपी - Milagu Pirattal Poriyal (Recipe In Hindi),0.0
17299,कश्मीरी फूल रोगन जोश रेसिपी - Kashmiri Phool Rogan Josh (Recipe In Hindi),0.0
17301,अमृतसरी दाल रेसिपी - Amritsari Dal (Recipe In Hindi),0.0
1023,Crispy Amla Gawar Phali Sabzi Recipe,0.0
17303,लौकी रायता रेसिपी - Grated Bottle Gourd Yogurt Salad (Recipe In Hindi),0.0
17304,सब्ज़ी रवा उपमा रेसिपी - Savory Semolina Breakfast Pudding (Recipe In Hindi),0.0
17289,अंडा भुर्जी रेसिपी - Anda Bhurji (Recipe In Hindi),0.0
17288,अचारी पनीर रेसिपी - Spicy Pickled Paneer Gravy (Recipe In Hindi),0.0
17286,पालक मटर रेसिपी - Spinach and Green Peas Curry (Recipe In Hindi),0.0
17285,Surul Appam Recipe,0.0
1033,Healthy Ragi & Rice Breakfast Porridge Recipe,0.0
17282,तुरई मूंग दाल रेसिपी - Turai Moong Dal (Recipe In Hindi),0.0
17281,दूध दूधी रेसिपी - Doodh Dudhi (Recipe In Hindi),0.0
17280,पनीर मटर बटर मसाला रेसिपी - Paneer Matar Butter Masala (Recipe In Hindi),0.0
1034,Maharashtrian Kulith Shengole Recipe - Spicy Horse Gram Flour Dumplings,0.0
17278,लौकी भरता रेसिपी - Lauki Bharta (Recipe In Hindi),0.0
17277,हरे मटर का निमोना रेसिपी - Green Peas Nimona (Recipe In Hindi),0.0
17276,Kollu Thogayal Recipe (Horsegram Chutney),0.0
17275,Andhra Style Tamati Pachadi Recipe (Tomato Chutney),0.0
1040,Gopalkala Recipe - Janmashtami Special),0.0
17273,Andhra Style Usirikaya Pachadi Recipe (Indian Gooseberries Chutney),0.0
17272,Maharashtrian Vegetable Amboli Recipe (Savory Lentil Pancake Topped With Vegetables),0.0
1045,Kashmiri Kulith Ki Dal Recipe - Horse Gram Dal Recipe,0.0
17383,राजस्थानी गुंदे की सब्ज़ी रेसिपी - Bird Lime Stir Fry (Recipe In Hindi),0.0
17385,सोया चंक्स सब्ज़ी रेसिपी - Soya Chunks Sabzi (Recipe In Hindi),0.0
17544,Aloo Aur Mooli Ke Patton Ki Sabzi Recipe - Radish Greens And Potato Stir Fry,0.0
17492,पुदीना मविनाकाई चटनी रेसिपी - Pudina Mavinakayi Chutney Recipe,0.0
901,Menthya Jolada Mudde Recipe - Methi & Jowar Balls Recipe,0.0
17487,Uparghi Laadu Recipe - Whole Wheat Flour & Banana Squares,0.0
17488,Gujarati Style Adadiya Pak Recipe,0.0
17489,Kuvar Pak Recipe,0.0
900,Bhapa Ilish Recipe (Steamed Hilsa),0.0
17491,Barnyard Millet Jaggery Payasam Recipe,0.0
17493,आलू पत्ता गोभी सब्ज़ी रेसिपी - Aloo Patta Gobi Sabzi Recipe,0.0
17507,बदनेकाई गोज्जु रेसिपी - Badanekaayi Gojju Recipe,0.0
898,Dahi Methi Puri Recipe - Fenugreek Leaves Puri With Yogurt,0.0
17497,पालक चना दाल रेसिपी - Palak Chana Dal Recipe,0.0
17500,ब्रोकली मलाई कोफ्ता रेसिपी - Broccoli Malai Kofta Recipe,0.0
17501,हैदराबादी बगारे टमाटर रेसिपी - Hyderabadi Bagare Tamatar Recipe,0.0
17502,Amritsari Fish Fry Recipe,0.0
17504,Sprouted Moong Dhokla Recipe,0.0
17485,इलानीर रसम रेसिपी - Elaneer Rasam Recipe,0.0
17484,मोतिया चिलमन पुलाव रेसिपी - Motiya Chilman Pulao Recipe,0.0
17483,Hyderabadi Biryani With Basmati Rice (Mutton & Chicken),0.0
902,Whole Wheat Lachha Paratha Recipe-Multilayered Layered Indian Flat Bread,0.0
908,Jeera Hing Aloo Recipe - No Onion No Garlic Recipe,0.0
17480,Gujarati Adadiya Ladwa Recipe - Urad Dal Halwa with Nuts & Spices,0.0
17479,Gujarati Kadhi With Milk And Mint Recipe,0.0
17478,Rasawala Dhokla Recipe,0.0
17475,अवरेकालू उसली रेसिपी - Avarekaalu Usli Recipe,0.0
17474,गोअन काजू करी रेसिपी - Goan Kaju Curry Recipe,0.0
17473,Chiroti Recipe - Delicious Crispy Layered Sweet Puri,0.0
17472,Sakkarai Pongal Recipe (Sweetened Rice And Jaggery Pudding Recipe),0.0
17471,Akki Peni Sandige Recipe - Rice idiyappam Fryums,0.0
17470,The Paruppu Podi Recipe - South Indian Spiced Dal Chutney Powder,0.0
17468,Thengai Poornam Kozhukattai & Uppu Kozhukattai Recipe,0.0
17466,Pahadi Chicken Curry Recipe,0.0
17465,मोटा दाना जयपुर स्वीट रेसिपी - Mota Dana Jaipur Sweet (Recipe In Hindi),0.0
885,Gujarati Khatta Mag - Green Moong in Buttermilk Curry,0.0
884,Tamil Nadu Style Coconut Chutney Recipe - For Idli And Dosa,0.0
17463,Chettinad Vegetable Pulav Recipe -,0.0
17534,Crispy Pan Fried Pomfret Recipe,0.0
17528,Instant Oats Rava Idli Recipe,0.0
873,Spicy Baby Potatoes Recipe,0.0
17530,Tawa Crispy Pomfret Fry Recipe,0.0
863,Panasa Pottu Aava Koora Recipe - Andhra Style Mustard Flavoured Raw Jackfruit Curry,0.0
17532,Gujarati Biraj Recipe - Saffron Flavored Sweet Lentil Rice With Dry Fruits & Coconut,0.0
861,Doi Shorshe Chingri - Prawn Mustard Curry Recipe,0.0
17536,Vegetarian Kabuli Pulao Recipe - Rice Layered With Chickpea Curry,0.0
17509,आलू भिंडी मसाला ग्रेवी रेसिपी - Aloo Bhindi Masala Gravy Recipe,0.0
17537,Saoji Methi Pulao Recipe - Maharashtrian Style Fenugreek Leaves Pulao,0.0
858,Homemade Easy Gulab Jamun Recipe - Delicious & Tasty,0.0
17539,Kashmiri Style Modur Pulao Recipe - Kashmiri Sweet Pulao,0.0
17541,कशमीरी केसर पुलाव रेसिपी - Kashmiri Kesar Pulao Recipe,0.0
17542,Haldi Ki Sabzi Recipe (Fresh Turmeric Root Vegetable),0.0
17543,अचारी पनीर मसाला रेसिपी - Achari Paneer Masala Recipe,0.0
17527,अचारी मसाला रेसिपी - Achari Masala Recipe For Fresh Pickles,0.0
17526,Chemba Arisi Thengai Paal Payasam Recipe- Red Rice Payasam,0.0
17525,Gajar Ka Halwa Recipe - Indian Carrot Pudding,0.0
17524,गोअन चिकन विंडालू रेसिपी - Goan Chicken Vindaloo Recipe,0.0
17523,क्रीमी चिकन करी रेसिपी - Easy Creamy Chicken Curry Recipe,0.0
17522,पटियाला आलू रेसिपी - Patiala Aloo Recipe,0.0
17521,Kashmiri Kulith Ki Dal Recipe - Horse Gram Dal Recipe,0.0
17520,Makai Dhokla Recipe - Savoury Steamed Corn Cake,0.0
17519,Semolina Gujiya Recipe,0.0
17518,Dal Dhokli Recipe With Sprouted Moong Dal,0.0
17517,Gujarati Khaman Dhokla Recipe - Savory Steamed Lentil Cakes,0.0
17516,कश्मीरी मटन यखनी रेसिपी - Kashmiri Mutton Yakhni Recipe,0.0
17515,पनीर टिक्का पुलाव रेसिपी - Paneer Tikka Pulao Recipe,0.0
17514,पुदीना धनिया पुलाव रेसिपी - Mint Coriander Spice Pulao Recipe,0.0
17513,गुजराती लसनिया बटाटा रेसिपी - Gujarati Lasaniya Batata Recipe,0.0
881,Dhaba Style Spicy Ghee Rice Recipe Made From Whole Spices,0.0
17510,मूंगफली का रायता रेसिपी - Boiled Peanut Raita Recipe,0.0
17464,प्रून चटनी रेसिपी - Spiced Prune Chutney Recipe,0.0
17462,Kothu Kari Kuzhambu Recipe - Mutton Keema Curry,0.0
17386,छोर छोरी रेसिपी - Bengali Style Mixed Vegetable (Recipe In Hindi),0.0
17412,Maharashtrian Style Dashmi Roti Recipe (Jaggery Flatbread),0.0
958,Kerala Cherupayar Curry Recipe (Green Moong and Yellow Moong Dal Recipe),0.0
17406,मूली रायता रेसिपी - Spiced Yogurt Salad with Radish (Recipe In Hindi),0.0
17407,पंजाबी लोबिया मसालारेसिपी -Punjabi Style Black Eyed Beans Curry (Recipe In Hindi),0.0
17408,बेले डोसा रेसिपी - Lentil Dosa (Recipe In Hindi),0.0
17409,कश्मीरी मुंज हाक रेसिपी - Knol Khol Flavored With Asafoetida (Recipe In Hindi),0.0
17411,Carrot Idli Recipe,0.0
17413,Maharashtrian Style Kairichi Dal Recipe (Chana Dal and Raw Mango Hash),0.0
17423,कद्दू का रायता रेसिपी - Pumpkin Raita (Recipe In Hindi),0.0
17414,ककड़ी और हरी मिर्च का रायता रेसिपी - Cucumber Green Chilli Raita (Recipe In Hindi),0.0
17415,राजस्थानी कढ़ी रेसिपी - Rajasthani Kadhi (Recipe In Hindi),0.0
17416,ढाबा स्टाइल दाल पालक रेसिपी - Dhaba Style Dal Palak (Recipe In Hindi),0.0
953,Zarda Pulav Recipe (Rice Flavoured With Nuts And Saffron),0.0
949,Hing Pani Puri Recipe-Asafoetida Pani Puri,0.0
17420,Methi Jowar Roti Recipe (Fenugreek & Millet flatbread),0.0
17404,मसाला पालक भुर्जी रेसिपी - Masala Palak Bhurji (Recipe In Hindi),0.0
17403,पत्ता गोभी की भुर्जी रेसिपी - Cabbage Bhurji (Recipe In Hindi),0.0
17402,सेवई बिरयानी रेसिपी - Vermicelli Biryani (Recipe In Hindi),0.0
17401,रावल पिंडी स्टाइल छोले रेसिपी - Rawal Pindi Style Chole (Recipe In Hindi),0.0
17400,खंदेशी दाल रेसिपी - Khandeshi Dal (Recipe In Hindi),0.0
17399,गोभी और ककड़ी का रायता रेसिपी - Cauliflower & Cucumber Raita (Recipe In Hindi),0.0
17398,लेमन ओट्स रेसिपी - Lemon Oats (Recipe In Hindi),0.0
17397,Maharashtrian Kolambi Che Lonche Recipe (Prawns In Pickle Masala),0.0
17395,भिंडी रायता रेसिपी - Bhindi Raita (Recipe In Hindi),0.0
17394,पालक रायता रेसिपी - Spinach Yogurt Salad (Recipe In Hindi),0.0
17393,चकुंदर का रायता रेसिपी - Beetroot Raita (Recipe In Hindi),0.0
17392,Karnataka Style Bele Saaru Recipe,0.0
17391,गोअन कद्दू की सब्ज़ी रेसिपी - Goan Pumpkin Sabzi (Recipe In Hindi),0.0
17390,पत्ता गोभी की सब्ज़ी - Cabbage Tomato Sabzi (Recipe In Hindi),0.0
17389,Potato Bonda Recipe Flavoured With Sambar Powder,0.0
963,Doddapatre Soppina Chitranna Recipe (Spiced Indian Thyme Rice),0.0
17387,Chettinad Style Puliyogare Gojju Recipe,0.0
17422,सब्ज़ रवा इडली रेसिपी - Veggie Rava Idli (Recipe In Hindi),0.0
17424,प्याज की सब्ज़ी रेसिपी - Pyaaz Ki Sabzi (Recipe In Hindi),0.0
17461,Thakkali Rasam Recipe - South Indian Tomato Rasam,0.0
17453,टिन्डोरा सम्भारो रेसिपी - Tindora Sambharo Recipe,0.0
17447,Dubuk Vade Recipe - Khandeshi Gram Flour Dumpling Curry,0.0
17448,Achari Masala Recipe For Fresh Pickles - Sambharo Masala,0.0
935,Khatti Meethi Tindora Sabzi Recipe - Gujarati Tindora Nu Shaak,0.0
17450,South Indian Grilled Fish With Spicy Fusion Sauce Recipe,0.0
17451,कश्मीरी साग रेसिपी - Kashmiri Saag Recipe,0.0
931,Mixed Vegetable Pulao Recipe,0.0
17454,मिक्स्ड वेजिटेबल इडली उपमा रेसिपी - Mixed Vegetable Idli Upma Recipe,0.0
17425,आल के कोफ्ते रेसिपी - Aal Ke Kofte (Recipe In Hindi),0.0
928,Foxtail Millet Podi Dosa Recipe,0.0
926,Carrot and Cucumber Thalipeeth Recipe,0.0
17457,पत्ता गोभी शिमला मिर्च की सब्ज़ी रेसिपी - Cabbage Capsicum Sabzi Recipe,0.0
914,Kathirikai Pitlai Recipe - South Indian Tangy & Spicy Brinjal Curry,0.0
910,Cabbage Poricha Kootu Recipe (Red Cabbage) - South Indian Cabbage Dal,0.0
17460,Green Chutney Rava Dhokla Recipe - Sooji Dhokla,0.0
939,Rajasthani Kachri Phali Ki Sabzi Recipe -Wild Cucumber And Beans Sabzi,0.0
17443,Tindora Sambharo Recipe - Instant Tendli Pickle,0.0
17442,Gopalkala Recipe - Janmashtami Special),0.0
17441,पत्ता गोभी कोफ्ता करी रेसिपी - No Onion No Garlic Cabbage Kofta Curry,0.0
942,Kerala Style Avial Recipe - Onam Sadya Recipe,0.0
17438,चेटिनाड तक्काली सादम रेसिपी - Chettinad Takkali Sadam Recipe,0.0
17437,महाराष्ट्रियन वरन फाल रेसिपी - Maharastrian Varan Phal Recipe,0.0
17436,Aloo Gobi Sabzi Recipe - Potato And Cauliflower Dry Curry,0.0
17435,प्याज का रायता रेसिपी - Onion Raita Recipe,0.0
943,Homemade Butter Naan Recipe - Soft Yogurt Bread,0.0
17433,अमरुद का रायता रेसिपी - Amrood Raita Recipe,0.0
17432,Konkani Style Pomfret Fry Recipe - South Indian Fish Fry Recipe,0.0
946,Konkani Style Mooga Ghushi Recipe-Sprouted Whole Green Gram In Tangy Coconut Gravy,0.0
17430,Maachli Jaisamandi Recipe - Rajasthani Style Fish In Creamy Gravy,0.0
17429,Lemon Pepper Fish Recipe,0.0
17427,Malpua Recipe with Rabri (A Spiced Indian Pancake with Milk Pudding),0.0
17426,तमिल नाडु स्टाइल आलू मसियल रेसिपी - Tamil Nadu Style Potato Masiyal (Recipe In Hindi),0.0
17886,Bhaji Miligai And Baby Potato Fry Recipe,0.0
17887,Lapsi Recipe - Sweetened Gujarati Broken Wheat,0.0
17888,Aloo Beans Sabzi Recipe - Potato & Beans Stir Fry,0.0
176,Maharashtrian Kolambi Che Lonche Recipe (Prawns In Pickle Masala),0.0
18332,Andhra Style Coconut Flavored Rice Upma Recipe,0.0
18333,Badam Pottukadalai Ladoo Recipe - Almond Chana Dal Ladoo,0.0
18334,Maharashtrian Policha Ladoo Recipe - Left Over Roti Ladoo,0.0
18335,Pumpkin Coconut Ladoo Recipe,0.0
18336,Narkel Naru Ladoo Recipe With Grated Coconut,0.0
18337,Atukula Ladoo Recipe - Sweetened Poha Energy Balls,0.0
18339,Whole Wheat Sonth Ke Ladoo Recipe,0.0
163,Kothavarangai Paruppu Usili Recipe - Gawar Phali Dal Sabzi,0.0
18340,"Guilt-free Amaranth, Dates and Almond Ladoo Recipe",0.0
18341,Hesarukaalu Upittu Recipe - Moong Dal Upma,0.0
175,Kashmiri Style Shami Mutsch Recipe - Minced Lamb Cutlets In Yogurt Gravy,0.0
172,Jaisalmer Kala Chana Kadhi Recipe - Rajasthani Chickpea Curry,0.0
171,Kondai Kadalai Puli Kuzhambu Recipe -Tangy South Indian Kala Chana Curry,0.0
164,Shimla Mirchi Panchamrut Recipe | Konkani Capsicum Cashew Peanut Sabzi,0.0
179,Maharastrian Style Kurkure Batate Recipe (Spicy & Crispy Roasted Potatoes),0.0
18330,"Oats, Dates And Dry Fruits Ladoo Recipe",0.0
18329,Wheat Ladoo With Jaggery Recipe,0.0
18326,Restaurant Style Chicken 65 Recipe,0.0
18325,आंध्रा स्टाइल करिवेपकु पचड़ी रेसिपी - Andhra Style Karivepaku Pachadi Recipe,0.0
18324,माँगा गोज्जू रेसिपी - Manga Gojju Recipe,0.0
18323,पछा मांगा पचड़ी रेसिपी - Tamil Nadu Raw Mango Pachadi Recipe,0.0
18322,मखाना की सब्ज़ी रेसिपी - Makhana Ki Sabzi (Recipe In Hindi),0.0
18321,Black Cherry Glazed Thandai Burfi Recipe,0.0
18320,Ambade Kaarle Lonche Recipe - Hog Plums & Bitter Gourd Pickle,0.0
18319,Chocolate Flavoured 7 Cup Burfi Recipe,0.0
18318,No Bake Rice Mawa Cake Recipe,0.0
18316,Karwar Style Anasa Patal Bhaji Recipe-Pineapple cooked with coconut,0.0
18315,Peanut Kesar Burfi Recipe,0.0
18314,Milk Powder Chena Burfi Recipe,0.0
18313,Moong Dal Halwa Burfi Recipe,0.0
18312,Khurchan Mawa Burfi Recipe,0.0
18348,Pineapple Ladoo Recipe,0.0
18350,Togarikalu Akki Recipe - Karnataka Style Rice Rava Upma with Fresh Pigeon Peas,0.0
18310,Apple Burfi Recipe,0.0
135,Rajasthani Kadhi Recipe,0.0
18370,Churma Ladoo Recipe - Atta/Whole Wheat Ladoo,0.0
18371,Kaju Badam Ladoo Recipe,0.0
18372,Kashmiri Style Gushtaba Recipe - Mutton Kofta in Curd,0.0
18373,Kashmiri Style Mutton Gogji Syun Recipe - Mutton & Turnip,0.0
18374,Kashmiri Style Shami Mutsch Recipe - Minced Lamb Cutlets In Yogurt Gravy,0.0
18375,Tomato Jeera & Paruppu Rasam Recipe,0.0
133,Shahi Vegetable Pulao Recipe,0.0
18352,Puli Upma Recipe - Tamarind & Rice Rava Upma,0.0
18378,Badam And Besan Ladoo Recipe,0.0
18379,Churma Ladoo Recipe With Badam & Flaxseed - High Protein Snack,0.0
18380,Til Ke Ladoo Recipe - Sesame Ladoo Recipe,0.0
18381,Besan Oats Ladoo Recipe,0.0
18382,Kashmiri Style Al Rogan Josh Recipe- Pumpkin In Red Curry,0.0
18383,Kashmiri Style Dum Monji Recipe-Knol Khol in Yogurt,0.0
18369,Flax Seed Ladoo Recipe,0.0
18368,Besan Ladoo Recipe - Chana Dal Ladoo,0.0
18367,Moong Dal Ladoo Recipe,0.0
18366,कश्मीरी स्टाइल नदरू रेसिपी - Kashmiri Style Nadru Yakhni Recipe,0.0
18365,Red Poha And Flax Seeds Ladoo Recipe,0.0
18364,Coconut Ladoo Stuffed With Pistachios Recipe,0.0
18363,Sweet Pretzels Recipe - Bhonge Ladoo,0.0
18362,Gujarati Gor Keri Recipe - Sweet And Spicy Raw Mango Pickle,0.0
18361,Gujarati Wadi Pulao Recipe,0.0
18360,Kesar Shrikhand Recipe - Greek Yogurt Pudding With Saffron,0.0
140,Green Beans Paruppu Usili Recipe - Iyengar Style,0.0
153,Stuffed Mooli Paneer Paratha Recipe,0.0
18357,Bitter Gourd Peel Puri Recipe,0.0
18356,कच्चे आम और ककड़ी का सलाद रेसिपी - Raw Mango Cucumber Salad Recipe,0.0
18355,Kerala Style Puttu Upma Recipe With Scrambled Eggs,0.0
18354,Begun Bhaja Recipe (Bengali Style Spiced And Fried Aubergine Slices),0.0
156,Kumbalakai Majjige Huli Recipe- Ash Gourd Buttermilk Curry,0.0
18311,Besan Burfi Recipe,0.0
18309,Walnut Burfi Recipe - Akhrot Barfi,0.0
18385,Kashmiri Phool Rogan Josh Recipe - Cauliflower in Red Curry,0.0
18254,Barley Rava Idli Recipe,0.0
18247,Badam Halwa Recipe - Delicious Almond Halwa With Khoya,0.0
18248,Tamil Nadu Style Vengaya Sambar Recipe - Pearl Onion Sambar,0.0
18249,Oatmeal Dosa Recipe - Healthy Instant Oats Dosa Recipe,0.0
286,Green Spinach & Oats Cutlet Recipe,0.0
18251,Meetha Daliya With Milk & Fruits Recipe - Broken Wheat Porridge,0.0
18253,Classic South Indian Rava Idli Recipe,0.0
18255,Sabbakki Rava Idli Recipe- Sabudana Rava Idli,0.0
18266,Wheat Grass Rasam Recipe,0.0
18256,Veggie Rava Idli Recipe- Healthy Breakfast Idli,0.0
267,Vendakkai Podi Curry Recipe - Vendakkai Poriyal,0.0
18259,Chicken Masala Fry Recipe,0.0
18261,Gond Ke Ladoo Recipe - Edible Gum Ladoo,0.0
18263,गोअन मसूरची उसली रेसिपी - Goan Masoorchi Usali (Recipe In Hindi),0.0
18264,Stuffed Half Moon Shaped Kaju Burfi Recipe,0.0
18246,Inji Thogayal Recipe - Spicy & Delicious Ginger Chutney,0.0
18245,सरागवो नु शाक रेसिपी - Drumstick Masala Sabzi,0.0
18244,Ragi Oatmeal Kanji Recipe - Healthy Diabetic Porridge Recipe,0.0
18243,Cranberry Whole Wheat Naan Recipe,0.0
287,Assamese Style Walking Catfish In Curry Leaf Gravy Recipe,0.0
18241,लेमन सेवई रेसिपी - Lemon Sevai Recipe,0.0
18240,Kerala Style Chakka Adai Recipe-Rice Flour and Jackfruit Flatbread,0.0
18239,Tamil Nadu Style Pala Kottai Sambar Recipe - Mangalore Cucumber & Jackfruit Seed Sambar,0.0
18238,केरला स्टाइल अरबी की सब्ज़ी रेसिपी - Kerala Style Arbi Curry,0.0
289,Carrot Paruppu Usili Recipe - Steamed Lentils Crumbled With Carrots,0.0
18236,Jackfruit Seed Modak Recipe,0.0
18235,Jackfruit Idli Recipe - Pansu Idli,0.0
18234,Kerala Style Chakka Varattiyathu Recipe- Ripe Jackfruit Halwa,0.0
293,Kashmiri Style Nadru Yakhni Recipe-Lotus Stem in Yogurt Sauce,0.0
18230,Kerala Style Chakka Pal Kozhukattai Recipe-Rice Dumpling In Jackfruit flavored Coconut Milk,0.0
18229,आलू सागु रेसिपी - Potato Saagu Recipe For Rava Idli,0.0
18227,मट्टा राइस मटर पुलाव रेसिपी - Matta Rice Peas Pulao,0.0
18265,Lauki Ki Kheer Recipe,0.0
18267,Konkani Style Doddak Recipe-Lentil Pancakes,0.0
18308,Sooji Manpasand Burfi Recipe - Semolina Coconut Fudge,0.0
18295,Amrood Raita Recipe - Guava Raita,0.0
18289,वाटरमेलन और पम्पकिन सीड्स पौड़ी रेसिपी - Watermelon And Pumpkin Seeds Podi Recipe,0.0
18290,माविनाकई चटनी रेसिपी - Mavinakayi Chutney Recipe,0.0
18291,नदरू के कबाब रेसिपी - Nadru Ke Kabab Recipe,0.0
18292,हैदराबादी बिरयानी रेसिपी - Hyderabadi Biryani Recipe,0.0
18293,गाजर दही चावल रेसिपी - Curd Rice With Carrots Recipe,0.0
18294,Dal Tadka Recipe Flavored with Lemon and Coriander,0.0
18296,Konkani Style Patholi/Kadabu Recipe-Sweet Dumpling Recipe,0.0
255,Pasta Payasam Recipe - Fusion Payasam With Pasta,0.0
208,Kashmiri Style Haak T Thool Recipe - Greens Cooked With Eggs,0.0
18299,धनिया इमली मिलेट राइस रेसिपी - Coriander Tamarind Millet Rice Recipe,0.0
194,Rajasthani Korma Roti Recipe,0.0
191,Sweet Avalakki pongal Pongal Recipe - Sweetened Rice And Jaggery Pudding Recipe,0.0
190,Sakkarai Pongal Recipe - Sweetened Rice And Jaggery Pudding Recipe,0.0
18307,Coconut Jaggery Burfi Recipe,0.0
18288,Dhania Wale Aloo Recipe - Coriander Potato Dry,0.0
18287,Chotti Aloor Dum Recipe - Baby Potatoes In Tomato Gravy,0.0
18286,Lauki Burfi With Paneer Recipe - Bottle Gourd Fudge With Cottage Cheese,0.0
18285,No Onion No Garlic Lauki Paneer Kofta Curry Recipe,0.0
18284,कर्नाटका स्टाइल हुग्गी रेसिपी - Karnataka Style Huggi Recipe,0.0
18283,हैदराबाद स्टाइल कुस्का रेसिपी - Hyderabad Style Kuska Recipe,0.0
18282,वेजीटेरियन काबुली पुलाव रेसिपी - Vegetarian Kabuli Pulao Recipe,0.0
18281,Panjiri Ladoo Recipe,0.0
18280,Doodhibhoplyacha Bharit Recipe - Maharashtrian Style Lauki Bharta,0.0
18279,Lauki Paratha Recipe - Bottle Gourd Flatbread,0.0
18278,Lauki Thepla Recipe,0.0
210,Urulaikizhangu Podi Poriyal Recipe (Spicy Potato Sabzi from Tamil Nadu),0.0
221,Mambazha Pulissery Recipe - Mango Mor Kuzhambu Recipe,0.0
228,Keerai Thoran Recipe Made Using Amaranthus Leaves,0.0
18271,हुनासे गोज्जु रेसिपी - Hunase Gojju Recipe,0.0
252,Ringan Methi Nu Shaak Recipe - Gujarati Style Eggplant & Fenugreek Leaves Sabzi,0.0
18269,हरे प्याज और आलू की सब्ज़ी रेसिपी - Spring Onion Potato Sabzi Recipe,0.0
18384,Kashmiri Style Tchat Goji Recipe (Turnip & Dry Red Chillies),0.0
18386,Kashmiri Rogan Josh Recipe - Mutton in Red Curry,0.0
17889,Lehsuni Moong Dal Tadka Recipe,0.0
54,Kovakka Thoran (Poriyal) Recipe,0.0
18501,Watermelon Rasam Recipe,0.0
60,Khakhra Vegetable Pizza Recipe,0.0
18503,वेगन छोले और ब्रोकली करी रेसिपी - Vegan Chickpeas And Broccoli Curry Recipe,0.0
18504,कोसामली रेसिपी - Chettinad Style Brinjal And Potato Mash Recipe,0.0
18506,Makhana Moongphali Kadhi With Samvat Rice Recipe,0.0
18507,शहद वाला पनीर रेसिपी - Quick Honeyed Paneer Recipe,0.0
18509,Dhaba Style Tomato Chutney Recipe,0.0
18518,Jeera Aloo Sabzi - Roasted Potatoes With Cumin Seeds,0.0
18510,Karwar Style Kelya Sasav Recipe-Ripened Banana Relish,0.0
18512,Andhra Style Ingavu Chaaru Recipe - Asafoetida Flavored Tamarind Rasam,0.0
18513,Kandathipli And Arisi Thipli Rasam Recipe,0.0
47,Homemade Whole Wheat Pav Recipe / Ladi Pav,0.0
18515,Carrot Rice Recipe - Spiced Carrot Pulao,0.0
37,Coriander Tamarind Millet Rice Recipe,0.0
18500,Mysore Rasam Recipe,0.0
18499,बीन्स और मटकी भाजी रेसिपी - Beans And Matki Bhaji Recipe,0.0
18497,Dahi Suran Ki Kadhi Recipe - Yam Cooked In Yogurt Curry,0.0
62,Dondakkai Puli Curry Recipe - South Indian Style Tindora Curry,0.0
18495,पोटलाकया पेरुगु पचड़ी रेसिपी - Potlakaya Perugu Pachadi Recipe,0.0
18493,केगरी पिरात्तल रेसिपी - Chettinad Style Mixed Vegetable Recipe,0.0
18492,Shredded Mutton With Caramelized Onions Recipe,0.0
18490,Kaleji Ka Faal Recipe-Mutton Liver Pepper Fry,0.0
18489,Chirer Dudh Puli Recipe - Bengali Style Beaten Rice Dumpling Kheer,0.0
18488,Pista Burfi Recipe - Indian Spiced Pistachio Fudge,0.0
18487,Hunase Saaru Recipe - Mysore Style Spicy Tamarind Rasam,0.0
18486,मेंथे तम्ब्ली रेसिपी - Menthe Tambli Recipe,0.0
18485,Karela Thepla Recipe - Bitter Gourd Indian Flat Bread,0.0
18484,Mutton Matar Keema Recipe -Minced Mutton With Green Peas,0.0
18483,Dhaba Mutton Recipe-Spicy Mutton Gravy,0.0
18481,Tamatar Gosht Recipe-Mutton In Tomato Curry,0.0
18480,Coconut Burfi Recipe - Kopra Pak/ Fresh Coconut Fudge,0.0
18517,Vermicelli & Oats Kheer Recipe,0.0
18519,Punjabi Garam Masala Powder Recipe,0.0
81,No Onion No Garlic Aloo Makhana Sabzi Recipe,0.0
18550,Biryani Masala Powder Recipe,0.0
18543,Ellu Sadam Recipe - Sesame Rice,0.0
27,Coriander Garlic Baked Chicken Recipe,0.0
18546,Malvani Masala Powder Recipe,0.0
18547,Bisi Bele Bath Spice Powder Recipe,0.0
18548,मालवानी मसाला पाउडर रेसिपी - Malvani Masala Powder Recipe,0.0
18549,बिरयानी मसाला पाउडर रेसिपी - Biryani Masala Powder Recipe,0.0
18552,Kolhapuri Khanda Lasun Masala Spice Mix Recipe,0.0
18520,Homemade Methi Ajwain Jeera Powder (Herbal Home Remedy for Digestion),0.0
18553,Indian Masala Curry Powder With Red Chillies Recipe,0.0
18554,Maharashtrian Achar Ka Masala (Pickle Mix Recipe),0.0
18555,Instant Puliyodharai Powder Recipe (Puliyogare/Pulihora Powder),0.0
18558,Chettinad Rasam Powder Recipe,0.0
18560,Homemade Sambar Powder Recipe-South Indian Curry Powder,0.0
18564,Konkani Style Koli Masala Recipe- Spice Mix,0.0
18542,Homemade Kashmiri Garam Masala Recipe,0.0
31,Kerala Style Ulli Theeyal Recipe - Small Onions Roasted in Spicy Tamarind Coconut Gravy,0.0
18540,Green Tea Coconut Ladoo Recipe - Coconut Energy Balls,0.0
18539,टमाटर मेथी पुलाव रेसिपी - Tomato Methi Rice (Recipe In Hindi),0.0
18537,लौकी बड़ी की सब्ज़ी - Lauki Badi Ki Sabzi (Recipe In Hindi),0.0
18536,Chettinad Masala Powder Recipe,0.0
18535,चाट मसाला रेसिपी - Chaat Masala Recipe,0.0
18534,Chaat Masala Recipe,0.0
18532,One Pot Aloo Gobi Sabzi Recipe Using Preethi Electric Pressure Cooker,0.0
18531,चेट्टिनाड मसाला पाउडर रेसिपी - Chettinad Masala Powder Recipe,0.0
36,स्वीट कॉर्न पोरियल - Sweet Corn Poriyal (Recipe In Hindi),0.0
18528,पालक पनीर भुर्जी रेसिपी - Palak Paneer Bhurji Recipe,0.0
18527,Annanas Ka Muzzafar Recipe,0.0
18525,अचारी मसाला पाउडर रेसिपी - Achari Masala Powder Recipe,0.0
18523,Rasgulla Custard Pudding Recipe,0.0
18522,वेजिटेबल उत्तपम रेसिपी - Vegetable Uttapam (Recipe In Hindi),0.0
18521,साउथ इंडियन पापड करी रेसिपी - Appalam Vathal Kuzhambu (Recipe In Hindi),0.0
74,Diabetic Friendly Green Moong Dal/ Mung Beans Soup Recipe,0.0
83,Carrots & Sweet Potato Stuffed Paratha Recipe,0.0
18388,Karathe Nonche Recipe - Bitter Gourd Pickle,0.0
18423,हुराली कालू चटनी रेसिपी - Hurali Kalu Chutney Recipe,0.0
18412,Karnataka Style Utthatthi Payasa Recipe - Dry Dates Kheer,0.0
18413,Lauki Kheer Recipe - Bottle Gourd Pudding,0.0
18414,Mutton Chaap Recipe - Slow Cooked Lamb Chops,0.0
18415,"मूंगफली, मटर और कॉर्न रवा उपमा रेसिपी - Rava Upma Recipe With Peanuts, Peas & Corn",0.0
18420,Nungu Payasam Recipe - Ice Apple/ Tender Palm Fruit Payasam,0.0
18422,खजूर इमली की चटनी रेसिपी - Khajoor Imli Ki Chutney Recipe,0.0
95,Rajasthani Style Sukhe Gatte Capsicum Ki Sabzi Recipe,0.0
18435,पुदीना प्याज़ कचुम्बर सलाद रेसिपी - Pudina Pyaz Kachumber Salad Recipe,0.0
18427,छेना उप्पेरि रेसिपी - Eggplant Foot Yam Stir Fry Recipe,0.0
18429,तोतापुरी आम की चटनी रेसिपी - Sweet & Spicy Totapuri Mango Chutney Recipe,0.0
18430,Rajgira Ki Kheer Recipe,0.0
94,तुरई चना सब्ज़ी - Ridge Gourd With Black Gram Dal (Recipe In Hindi),0.0
18432,आलू चना इन पुदीना धनिया ग्रेवी रेसिपी - Aloo Chana In Mint Coriander Gravy Recipe,0.0
18433,Odia Style Chuin Aloo Besara Recipe-Potato & Drumsticks Fry In Mustard Paste,0.0
18411,Kerala Style Chakka Varattiyathu Ari Payasam Recipe - Jackfruit Brown Rice Kheer,0.0
18410,Maharashtrian Style Gajarachi Koshimbir Recipe -Carrot Salad,0.0
18408,Kavuni Arisi Payasam Recipe - Black Rice Kheer,0.0
18407,Mango Sago Kheer Recipe - Sabudana Kheer With Mangoes,0.0
18406,Aam Ki Kheer Recipe - Mango Coconut Payasam Recipe,0.0
18405,शाही पनीर रेसिपी - Shahi Paneer Recipe,0.0
18404,Doodhi Sabudana Kheer Recipe,0.0
18403,Ganne Ke Ras Ki Kheer Recipe - Sugarcane Kheer Recipe,0.0
18401,Andey Ki Kheer Recipe - Egg White Kheer,0.0
18400,बँगलाडूम्पा थालिम्पू रेसिपी - Bangaladumpa Thalimpu Recipe,0.0
18399,तोगरिकायी उसली रेसिपी - Togarikaayi Usli Recipe,0.0
18398,Carrot Lemon Rice Recipe,0.0
111,Milagu Jeera Curry Leaf Sadam Recipe,0.0
18395,डिमर मलाई करी रेसिपी - Dimer Malai Curry Recipe,0.0
112,Gujarati Undhiyu Recipe - Mixed Vegetable With Fenugreek Dumplings,0.0
18392,नवाबी कोफ्ता करी रेसिपी - Nawabi Kofta Curry Recipe,0.0
120,Gorikayi Palya Recipe - Karnataka Style Gawar Phali Sabzi,0.0
18434,Chole Semiya Pulao Recipe - Chickpea Vermicelli Pulao,0.0
18436,कचुम्बर सलाद रेसिपी - Kachumber Salad Recipe,0.0
18475,Attukal Mochai Kuzhambu Recipe-Mutton Leg & Field Beans Gravy,0.0
18465,Karwar style Tousali Recipe-Cucumber Steamed Cake,0.0
18458,हल्दी की सब्ज़ी रेसिपी - Haldi Ki Sabzi Recipe,0.0
18459,Sukha Mutton Vindaloo Recipe,0.0
18460,Biryani Chammanthi Recipe (Green Chutney Recipe),0.0
18461,Keema Kaleji Recipe- Mutton Liver Mince,0.0
18462,Kerala Style Mutton Stew Recipe,0.0
93,Achari Amla Mirchi Ki Sabzi Recipe - Gooseberry & Green Chilli Sabzi,0.0
89,Thayir Semiya Recipe (Curd Semiya),0.0
18437,Pirandai Oorugai Recipe - Pirandai Pickle Recipe,0.0
18467,Instant Tindora And Carrot Pickle Recipe,0.0
18468,Karwar Style Kalingana Polo Recipe - Watermelon Rind Dosa,0.0
88,Mullangi Poriyal Recipe,0.0
18470,Kovakkai Podi Curry Recipe - Tamil Nadu Style Ivy Gourd Stir Fry,0.0
18471,Hariyali Mutton Curry Recipe,0.0
18474,Karwar Style Madgane Recipe With Oats & Rajgira,0.0
18457,North Indian Pheni Recipe - Seviyan Kheer,0.0
18456,Paal Payasam Recipe - Rice Kheer/Pudding,0.0
18455,Sheer Khurma Recipe - Seviyan or Vermicelli Kheer Pudding,0.0
18454,Chocolate Peda Recipe,0.0
18453,Filter Coffee Choco Peda Recipe - Microwave Method,0.0
18452,Dharwad Peda Recipe,0.0
18451,Aam Peda Recipe - Delicious Mango Peda Recipe,0.0
18450,Saffron Paneer Peda Recipe,0.0
18449,मैंगो राइस रेसिपी - Mango Rice Recipe,0.0
18448,Nariyal Ki Kheer Recipe - Coconut Pudding,0.0
18447,Phool Makhana Kheer Recipe - Sweetened With Jaggery,0.0
18445,Mixed Millet Phulka Recipe - Ragi Jowar Bajra Wheat Phulka,0.0
18443,Masala Roasted Aloo Recipe,0.0
18442,Choto Aloor Dum Recipe - Bengali Style Baby Potato Stir Fry,0.0
18441,बीटरूट और फिग चटनी रेसिपी - Beetroot and Fig Chutney Recipe,0.0
18439,मुरुंगई कीरई थोगयल रेसिपी - Murungai Keerai Thogayal Recipe,0.0
18438,कर्नाटक स्टाइल रंजका रेसिपी - Karnataka Style Ranjaka Recipe,0.0
18226,Bottle Gourd Peel Chutney Recipe,0.0
18225,वेंडकाई पुली कूटू रेसिपी - Vendaikai (Okra) Puli Kootu,0.0
18224,चाउ चाउ गाजर कूटू रेसिपी - Chow Chow and Carrot Kootu,0.0
18010,Jowar & Tomato Cheela Recipe - Sorghum Cheela With Tomatoes,0.0
17997,कढ़ी पकोड़ा रेसिपी - Kadhi Pakoras (Recipe In Hindi),0.0
17998,सेनाइ किजहांगु वरुवल रेसिपी - Senai Kizhangu Varuval Recipe,0.0
18000,बिरयानी चम्मंथी रेसिपी - Biryani Chammanthi Recipe,0.0
18004,Erode Pallipalayam Chicken Fry Recipe,0.0
18007,उत्तराखंड मूली थेचुआ रेसिपी - Uttarakhand Mooli Thechua Recipe,0.0
18009,कांदा कैरीचि चटनी रेसिपी - Kanda Kairichi Chutney Recipe,0.0
18012,Zarda Pulav Recipe (Rice Flavoured With Nuts And Saffron),0.0
425,Easy Creamy Chicken Curry Recipe,0.0
435,Kerala Style Chena Mezhukkupuratty Recipe - Yam Stir Fry,0.0
18014,कोब्बारी चारु रेसिपी - Kobbari Chaaru Recipe,0.0
432,Mint Coriander Spice Pulao Recipe,0.0
426,Chenai Kizhangu Masiyal-South Indian Style Yam Masiyal,0.0
18019,Jowar Garlic Naan Recipe- Healthy Sorghum Naan,0.0
18020,Achari Lachha Paratha Recipe-Spicy Indian Style Flaky Bread,0.0
17996,भरवा बेसन मिर्च रेसिपी - Bharwa Besan Mirch Recipe,0.0
438,Kashmiri Style Chaman Recipe-Qaliya Cottage Cheese Curry,0.0
17994,Mamidikaya Perugu Pachadi Recipe -Raw Mango Yogurt Pachadi,0.0
17993,Ripe Mango Pachadi Recipe - Ripe Mambazha Curry Recipe,0.0
17992,Kesar Mango Phirni Recipe,0.0
17991,Amrakhand Recipe - Mango Shrikhand Recipe,0.0
17990,"Carrot, Radish & Peanut Salad with Lemon Recipe",0.0
17989,Mango Phirni Recipe - Mango Rice Pudding Recipe,0.0
17986,Sweet & Spicy Ripe Mango Curry Recipe,0.0
440,Lemon Rice Recipe - Elumichai Sadam/Chitranna,0.0
441,Carrot Methi Pachadi Recipe,0.0
442,Madakasan Recipe - Coconut Filled Crepes with Berry Sauce,0.0
17978,पुलि इंजी रेसिपी - Tamarind Ginger Chutney,0.0
17977,तड़के वाली अरहर दाल रेसिपी - Tadka Arhar Dal Recipe,0.0
17976,Raw Jackfruit Poriyal Recipe - South Indian Raw Jackfruit Stir Fry,0.0
451,Doodh Jhinge Curry Recipe-Ridge Gourd Cooked In Milk,0.0
17974,Bendakaya Noo Podi Kura Recipe - Ladies Finger With Sesame Spice Powder,0.0
18021,7 Cups Burfi Recipe,0.0
18023,Mooli Jowar Ki Roti Recipe - Mullangi Kambu Chapathi,0.0
17972,Rajasthani Gunde Ka Achaar Recipe (Bird Lime Pickle),0.0
18054,Maharashtrian Kadhi Recipe,0.0
18047,Instant Bengali Aam Doi Recipe - No Cook Sweet Mango Yogurt,0.0
18048,Sweet & Spicy Totapuri Mango Chutney Recipe,0.0
18050,दही सुरन की कढ़ी रेसिपी - Dahi Suran Ki Kadhi Recipe,0.0
396,Aratikaya Masala Pulusu Recipe - Raw Banana Stir Fry,0.0
395,Nellikai Pachadi Recipe (Amla/ Gooseberry Raita),0.0
18053,Ellu Sadam Recipe - South Indian Style Til Pulao Recipe,0.0
18055,Ratalu Ki Chutney Recipe - Yam Chutney Recipe,0.0
18024,Madurai Spicy Tomato Chutney Recipe- Thakkali Vengayam Chutney,0.0
18056,Moong Dal Khichdi Recipe,0.0
18057,Pumpkin Raita Recipe,0.0
18058,अंकुरित मूंग दाल रेसिपी - Sprouted Moong Dal Recipe,0.0
388,Lauki and Whole Green Moong Dal Cheela Recipe,0.0
18062,तीखी और मीठी आमला चटनी रेसिपी - Amla Chutney Recipe,0.0
18063,Sweet & Spicy Amla Chutney Recipe,0.0
18046,Khatta-Meetha Aam Ka Murabba Recipe,0.0
18045,Mamidikaya Pesara Pappu Pachadi Recipe - Raw Mango & Dal Chutney,0.0
18043,Pudina Mavinakayi Chutney Recipe - Mint Mango Chutney,0.0
18042,Mavinakayi Chutney Recipe - South Canara Raw Mango Chutney,0.0
18041,Mamidikaya Nuvvula Pachadi Recipe - Raw Mango Til Chutney Recipe,0.0
18040,चाउ चाउ सब्ज़ी रेसिपी - Chow Chow Poriyal,0.0
18038,तीखे पत्ता गोभी चावल रेसिपी - Spicy Cabbage Rice Recipe,0.0
18037,लौकी पील चटनी रेसिपी - Bottle Gourd Peel Chutney Recipe,0.0
18036,हुरूली कालु चटनी पौड़ी रेसिपी - Horse Gram Chutney Podi Recipe,0.0
18035,Chicken Pasanda Recipe,0.0
18034,धनिया पुदीना चटनी रेसिपी - Green Chutney Recipe,0.0
404,Pulikuthi Upperi Recipe - Spicy & Tangy Palakkad Poriyal Recipe,0.0
18031,Rajma and Corn Salad Recipe,0.0
406,Paneer Stuffed Ragi Paratha Recipe - High Protein Breakfast,0.0
423,Baked Fish Crisps Recipe (Fish Fry In Oven),0.0
18026,Bengali Aam Chingri Recipe - Prawn Mango Curry In Mustard Sauce,0.0
18025,Cucumber Pineapple Raw Mango Salad Recipe,0.0
17973,Telangana Style Barada Palya Recipe - Chana Dal Dry Sabzi,0.0
452,Phulka Recipe (Roti/Chapati) - Puffed Indian Bread,0.0
18223,पोतोलेर डोलमा रेसिपी - Potoler Dolma Recipe,0.0
17917,Konkani Style Sol Kadhi Recipe - Kokum Flavored Coconut Curry,0.0
17910,पुदीना दही चटनी रेसिपी - Pudina Dahi Chutney Recipe,0.0
17912,Vazhaipoo Podimas Recipe - Banana Flower Poriyal/ Sabzi,0.0
527,Nagori Puri Recipe (Semolina Puri),0.0
525,Dondakkai / Kovakkai Poriyal Recipe - Tindora Poriyal,0.0
517,Aloo Potol Posto Recipe (Aloo Parwal in Poppy Seed Masala Recipe),0.0
17916,Mambazha Pulissery Recipe - Mango Mor Kuzhambu Recipe,0.0
17919,Masaura And Potato Tarkari Recipe,0.0
17929,Baked Vermicelli Malpua Recipe,0.0
17920,सूखे छोले रेसिपी - Dry Chole Recipe,0.0
17921,दाल बंजारा रेसिपी - Dal Banjara Recipe,0.0
17922,Chatpatti Makai Masala Recipe - Spicy Steamed Corn Masala,0.0
17924,Baked Jaggery Rasgulla Recipe,0.0
17925,Awadhi Style Zarda Pulao Recipe,0.0
17927,नवरंग दाल रेसिपी - Navrang Dal Recipe,0.0
17908,हरे प्याज की पूरी रेसिपी - Hare Pyaaz Ki Puri Recipe,0.0
17907,Jain Style Paneer Makhani Recipe,0.0
534,Stuffed Mooli Paratha Recipe With Radish Greens,0.0
536,Brahmin Style Vegetable Kurma Recipe,0.0
17904,सूखे मेथी छोले रेसिपी - Sukhe Methi Chole Recipe,0.0
17903,बेसन मेथी पराठा रेसिपी - Besan Methi Paratha Recipe,0.0
541,Tok Dal Recipe (Bengali Style Masoor Dal),0.0
17900,Mawa Gujiya With Badam and Pista Recipe,0.0
17899,Ripe Jackfruit Malpua With Rabdi Recipe - Kathal Malpua,0.0
17898,Shakarkandi Malpua Recipe - Mishti Aloo Malpua Recipe,0.0
17897,Oats Apple Phirni Recipe,0.0
17895,करूवेपिल्लई पचड़ी रेसिपी - Karuvepillai Pachadi Recipe,0.0
17894,Palak Paneer Stuffed Paratha Recipe,0.0
17893,Shahi Tukda Gajar Halwa Shots With Rabri Recipe,0.0
17892,Corn Halwa Recipe - Makki Ka Halwa,0.0
17891,Cabbage and Carrot Sambharo Recipe - Gujarati Vegetable Stir Fry,0.0
544,No Onion No Garlic Aloo Gajar Ki Sabzi Recipe,0.0
507,Grated Beetroot Chilli Paratha Recipe,0.0
17930,Bengali Sita Bhog Recipe,0.0
17970,Kovakka Thoran (Poriyal) Recipe,0.0
17960,Pavakka Theeyal Recipe - Spicy & Tangy Karela In Tamarind Gravy,0.0
490,Senai Kizhangu Poriyal Recipe-Yam Poriyal Recipe,0.0
17952,Kashmiri Mutton Yakhni Recipe,0.0
487,Matar Millet Pulao Recipe - Peas Pulao Recipe,0.0
475,Raw Mango Puliyogare Gojju Recipe With Peanuts,0.0
17958,Orange Peel Kuzhambu Recipe - Orange Peel Tamarind Based Curry,0.0
474,Kela Matar ki Sabzi Recipe - Raw Banana Green Peas Stir Fry,0.0
17961,Kondai Kadalai Puli Kuzhambu Recipe -Tangy South Indian Kala Chana Curry,0.0
17932,फालगुनी दाल रेसिपी - Phalguni Dal Recipe,0.0
17962,Chow Chow Thakkali Kootu Recipe - Chayote Squash In Dal Coconut Curry,0.0
17964,Karwar Style Lasani Kadhi Recipe - Kokum And Coconut Milk Curry,0.0
461,Rajasthani Chawle Wale Dhokle Recipe,0.0
17966,Karwar Style Varan Kadhi Recipe - Toor Dal in Coconut Milk Curry,0.0
17967,Attirachi Kuzhambu Recipe - Spicy Mutton Gravy,0.0
17969,Goruchikkudu Kaya With Peanut Podi Recipe - Cluster Beans With Peanut,0.0
492,Jowar Bajra Garlic Roti Recipe,0.0
17949,Smoked Tandoori Chicken Recipe - Classic North Indian Chicken Recipe,0.0
493,Poosanikai Haddu Sweet Curry Recipe - Pumpkin Sweet Curry,0.0
17947,Chow Chow Curry Recipe - Chayote Squash Stir Fry,0.0
17946,लोबिया मसाला रेसिपी - Lobia Masala Recipe,0.0
17945,माँ की दाल रेसिपी - Maa Ki Dal Recipe,0.0
17943,Kothavarangai Paruppu Usili Recipe - Gawar Phali Dal Sabzi,0.0
17942,दाल बुखारा रेसिपी - Dal Bukhara Recipe,0.0
17941,रतालू की चटनी रेसिपी - Ratalu Ki Chutney Recipe,0.0
17940,लहसुनि पुदीना चटनी रेसिपी - Lehsuni Pudina Chutney Recipe,0.0
17939,Doi Bhetki Recipe - Bengali Style Yogurt Fish Curry,0.0
17938,Kumro Patai Ilish Paturi Recipe - Hilsa Fish In Pumpkin Leaves,0.0
499,Nutty Aloo Paratha Recipe,0.0
17936,काला चना आमटी रेसिपी - Kala Chana Amti Recipe,0.0
17935,Badam Halwa Recipe,0.0
17934,Aval Kesari Recipe,0.0
17933,Apple Jalebi Recipe,0.0
18064,राजस्थानी कचरी की चटनी रेसिपी - Rajasthani Kachri Ki Chutney Recipe,0.0
18066,Sprouted Matki Cheela Recipe With Palak -Moth Beans Cheela,0.0
18067,उकड़ रेसिपी - Maharashtrian Rice Flour Porridge Recipe,0.0
18173,गाजर और बीन्स का थोरन रेसिपी - Carrot and Beans Thoran (Recipe In Hindi),0.0
18164,वन पॉट वांगी भाथ रेसिपी - One Pot Vangi Bhath Recipe In Hindi,0.0
18168,कर्नाटका स्टाइल सोरक्कै पाल्या रेसिपी - Karnataka Style Sorakkai Palya (Recipe In Hindi),0.0
18169,बेंदेकाई गोज्जु रेसिपी - Bendekaayi Gojju (Recipe In Hindi),0.0
18170,टामटेर वांगन रेसिपी - Tamter Wangun (Recipe In Hindi),0.0
18171,लिलवे की सब्ज़ी रेसिपी - Lilve Ki Sabzi (Recipe In Hindi),0.0
335,Kathiyawadi Stuffed Onion Recipe,0.0
332,Bloomed Potato Cheesy Muffins Recipe,0.0
18183,Thandai Shahi Tukda Recipe,0.0
18175,कटाची आमटी रेसिपी - Katachi Amti (Recipe In Hindi),0.0
18176,वीट ग्रास रसम रेसिपी - Wheat Grass Rasam (Recipe In Hindi),0.0
18177,नारियल की चटनी रेसिपी - Coconut Chutney With Coconut Water (Recipe In Hindi),0.0
18178,Horsegram Idli Recipe - Kulith or Kollu Idli,0.0
18179,Chalimidi Recipe,0.0
331,Ayala Fish Fry Recipe,0.0
18163,शाही वेजिटेबल पुलाव रेसिपी - Shahi Vegetable Pulao (Recipe In Hindi),0.0
18162,Oats And Coconut Dosa Recipe,0.0
18161,Vellai/Jaggery Dosa Recipe,0.0
18160,Carrot Podi Dosa Recipe,0.0
18159,Spicy Yogurt Chapati/Roti Recipe,0.0
18158,चेटिनाड स्टाइल पुंडु रसम रेसिपी - Garlic Rasam (Recipe In Hindi),0.0
18157,ओरिया स्टाइल मूंग दालमा रेसिपी - Oriya Style Moong Dalma (Recipe In Hindi),0.0
18155,Karnataka Style Heerekai Dosa Recipe-Ridge Gourd Dosa Recipe,0.0
18154,Andhra Style Kandi Attu Recipe (Toor Dal Dosa Recipe),0.0
18153,Lucknowi Murgh Biryani Recipe - Awadhi Style Chicken Biryani,0.0
18152,भोगिची भाजी रेसिपी - Bhogichi Bhaji (Recipe In Hindi),0.0
18151,आंध्रा स्टाइल कंदी पचड़ी रेसिपी - Andhra Style Kandi Pachadi (Recipe In Hindi),0.0
343,Niramish Aloo Dum Recipe,0.0
18149,Raw Banana Dosa Recipe,0.0
18148,Chicken Dum Biryani Recipe,0.0
345,Gawarphali Ki Sabzi Recipe -Cluster Beans Sabzi,0.0
18146,Til Chikki Recipe - Healthy Sesame Bars,0.0
18182,Thandai Kulfi Recipe - Holi Recipe,0.0
18184,ठंडाई लड्डू रेसिपी - Thandai Ladoo (Recipe In Hindi),0.0
383,Chawli Ki Phali & Aloo Sabzi Recipe,0.0
304,Masala Roti Recipe-Soft and Spicy Indian Flat Bread,0.0
18207,किरई सांबर रेसिपी - Keerai Sambar (Recipe In Hindi),0.0
18208,कोलम्बी भात रेसिपी - Maharashtrian Prawn Rice Recipe,0.0
318,Moong Bean Sprouts Upkari Recipe - Moong Beans Stir Fry,0.0
18211,Ragi Arisi Vella Puttu Recipe - Sweet Jaggery Ragi Puttu Recipe,0.0
18212,आम की सब्ज़ी रेसिपी - Mango Curry Recipe,0.0
18214,Carrot Cucumber Tomato Salad with Lemon and Coriander Recipe,0.0
302,Pachai Payaru Poriyal Recipe - Green Moong Sprout Poriyal,0.0
18185,"Kesar Mawa Gujiya Recipe- Gujiya Stuffed With Saffron, Khoya & Nuts",0.0
18217,Chicken Tikka Recipe,0.0
301,Creamy and Delicious Fruit Custard Recipe,0.0
18219,तोक दाल रेसिपी - Bengali Style Raw Mango Dal,0.0
18220,Dahi Sabudana Recipe (Savory Tapioca Pearls Seasoned with Yogurt),0.0
18221,कच्चे आम का रायता रेसिपी - Raw Mango Raita,0.0
299,Maharastrian Style Bharli Bhindi Recipe - Stuffed Bhindi With Coconut,0.0
18206,काबुली चना रसम रेसिपी - Kabuli Chana Rasam (Recipe in Hindi),0.0
18205,चकुंदर सांबर रेसिपी - Beetroot Sambar (Recipe In Hindi),0.0
18202,सुरन मूंगफली करी रेसिपी - Suran Moongphali Curry,0.0
324,Mirchi Ke Tipore Recipe - Green Chilli Stir Fry,0.0
18200,Barnyard Millet Idli And Dosa Recipe,0.0
18199,कच्चे आमवाली मसूर दाल रेसिपी - Raw Mango Masoor Dal Recipe,0.0
18198,Horsegram And Foxtail Millet Idli Recipe,0.0
18197,कच्चे आम की चटनी रेसिपी - Sweet and Spicy Raw Mango Chutney,0.0
18196,गोअन मूलयाचो रोस रेसिपी - Goan Moolyacho Ross,0.0
18195,चेटिनाड मुत्तई मसाला रेसिपी - Chettinad Muttai Masala,0.0
18194,Foxtail Millet Rava Idli Recipe,0.0
327,Chenakayi Erissery Recipe - Yam Erissery,0.0
18191,Sweet Ragi Malt Recipe - Healthy Ragi Kanji/ Porridge Recipe,0.0
18190,Thandai Phirni Recipe - A Delicious Indian Rice Dessert,0.0
18188,Thandai Mousse Cake Recipe With A Delicious Cardamom Sponge,0.0
18187,तीखी मीठी कडला करी रेसिपी - Sweet & Spicy Kadala Curry (Recipe In Hindi),0.0
18186,Thandai Shrikhand Tart Recipe,0.0
18145,Green Moong Dal Cheela Recipe - Savory Green Mung Bean Pancakes,0.0
349,Tawa Paratha Recipe - Plain Paratha,0.0
18143,Ragi Halbai Recipe - Karnataka Style Ragi Halwa Recipe,0.0
362,Fajeto Recipe - Gujarati Ripe Mango Curry Recipe,0.0
18090,Vegan Date & Fig Payasam Recipe,0.0
18091,Ada Pradhaman Recipe With Homemade Ada- Kerala Special Payasam Recipe,0.0
18092,Kuzhal Payasam Recipe- Wheat Noodles Payasam,0.0
18093,Semiya Payasam With Coconut Milk Recipe,0.0
18094,Parangikai Payasam Recipe - Pumpkin Payasam,0.0
18095,Little Millet Payasam Recipe- Kutki/Sama Payasam,0.0
18097,ढाबा स्टाइल अंडे की करी रेसिपी - Dhaba Style Egg Curry,0.0
18142,Ragi Tawa Paratha - Healthy Vitamin Rich & Diabetic Friendly Paratha,0.0
18098,गाजर नारियल पचड़ी रेसिपी - Carrot Pachadi With Coconut Recipe,0.0
18099,चिकन बिरयानी रेसिपी - Chicken Biryani With Coconut Milk Recipe,0.0
18100,कोवक्कै पौड़ी करी रेसिपी - Kovakkai Podi Curry Recipe,0.0
18101,सोरेकै मजिगे हुली रेसिपी - Sorekai Majjige Huli Recipe,0.0
18102,मारवाड़ी गट्टे की कढ़ी रेसिपी - Marwadi Gatte Ki Kadhi Recipe,0.0
18103,Aval Payasam Recipe - Sweet Flattened Rice Payasam,0.0
18089,Manganem Recipe - Goan Style Chana Dal Payasam,0.0
18088,Karnataka Style Gasagase Payasa Recipe- Poppy seed Payasam,0.0
18087,Akhrot Burfi Recipe - Walnut Burfi,0.0
18086,Badam Burfi Recipe - Almond Burfi,0.0
18085,Hare Chane Ki Burfi Recipe,0.0
18084,Matta Rice Peas Pulao Recipe,0.0
18083,Quick Beetroot Pulao Recipe,0.0
18080,उत्तर कनारा खट्टी मीठी आम की चटनी रेसिपी - North Kanara Sweet And Sour Raw Mango Chutney Recipe,0.0
18079,लोबिया सांबर रेसिपी - Black Eyed Beans Sambar`Recipe,0.0
18078,Thalassery Chicken Biriyani Recipe,0.0
371,Pudina Tawa Paratha Recipe (Mint Leaf Skillet Flat Bread),0.0
18075,ओड़िया दालमा रेसिपी - Oriya Special Dalma Recipe,0.0
18074,गवार फली मसाला सब्ज़ी रेसिपी - Gawar Phali Masala Sabzi Recipe,0.0
376,Aluchi Bhaji Recipe - Maharashtrian Style Colocasia Leaves Curry,0.0
378,Vazha Thandu Poriyal Recipe - Tamil Nadu Style Dry Banana Stem Fry,0.0
18071,Jaisalmer Kala Chana Kadhi Recipe - Rajasthani Chickpea Curry,0.0
18070,नेलिकई रसम रेसिपी - Amla Rasam Recipe,0.0
18104,Appe Payasa Recipe - Poori Payasam,0.0
18105,Karnataka Style Jackfruit Moong Dal Payasa Recipe,0.0
18106,Malnad Special Appe Midi Uppinakayi Recipe - Tender Mango Pickle,0.0
18124,Foxtail Millet Podi Dosa Recipe,0.0
18140,Bengali Kosha Murgir Mangsho Recipe (Chicken in a Spicy Dry Gravy),0.0
18139,Sabbasige Soppu Dosa Recipe (Dill Leaves Sweet Dosa),0.0
18137,फॉक्सटेल मिलेट रवा इडली रेसिपी - Foxtail Millet Rava Idli (Recipe In Hindi),0.0
18136,वेजिटेबल राइस उपमा रेसिपी - Vegetable Rice Upma (Recipe In Hindi),0.0
18135,रागी कांजी रेसिपी - Ragi Kanji (Recipe In Hindi),0.0
18134,मटर पोहा रेसिपी - Matar Poha (Recipe In Hindi),0.0
18133,मूंग दाल पालक चीला रेसिपी - Moong Dal Palak Cheela (Recipe In Hindi),0.0
18132,A Creamy & Delicious Gulkand Kulfi Recipe,0.0
18131,Carrot and Ginger Spiced Dosa Recipe,0.0
352,Bhang Thandai Recipe,0.0
353,Andhra Vankaya Fry Recipe With Peanuts - Brinjal Peanut Sabzi,0.0
18128,Paniyaram Muttai Masala Recipe - Spicy Egg Curry Made In Paniyaram Pan,0.0
18126,Andhra Style Palakura Pappu Recipe (Spinach Dal Recipe),0.0
18125,Aval Dosa | Poha Dosa Recipe (Savory Flattened Rice Crepe),0.0
18123,बंगाली छिरेर पुलाव रेसिपी - Bengali Chirer Pulao (Recipe In Hindi),0.0
18107,Instant Gor Kairi Lonche Recipe - Sweet Raw Mango Pickle,0.0
18122,Karwar Style Phodni Phov Recipe- Red Rice Poha With Cashew Nuts,0.0
18121,Ambe Dal Recipe - Maharashtrian Salad with Raw Mango & Chana Dal,0.0
18119,Sprouted Moong and Methi Cheela Recipe - A Healthy Breakfast,0.0
18118,पुदीना खरा पोंगल रेसिपी - Pudina Khara Pongal Recipe,0.0
18117,फूलकोपीर पतुरी रेसिपी - Fulkopir Paturi Recipe,0.0
18116,दोंडकई पुली करी रेसिपी - Dondakkai Puli Curry Recipe,0.0
18115,कथीरिकै पुंडु पिरात्तल रेसिपी - Kathirikai Poondu Pirattal Recipe,0.0
18114,आलू पोस्तो रेसिपी - Potatoes In Poppy Seed Paste (Recipe In Hindi),0.0
18113,Butter Garlic Prawns Recipe,0.0
18112,Ennai Mangai Oorugai Recipe,0.0
18111,Vadu Mangai Pickle Recipe - Tender Small Raw Mango Pickle,0.0
18110,Andhra Avakaya Recipe - Spicy Raw Mango Pickle Recipe,0.0
18109,Kanda Keri Nu Kachumber Recipe- Instant Mango Pickle,0.0
18108,Avakkai Pickle Recipe - Avakkai Mango Uruguai Recipe,0.0
17232,ऐवोकाडो रायता रेसिपी - Avocado Raita (Recipe In Hindi),0.0
17231,Beetroot Loni Sponge Dosa Recipe,0.0
1055,Bhagar Recipe - Maharashtrian Style Spicy Barnyard Millet Pulao,0.0
16395,बेसन भुर्जी रेसिपी - Besan Burji (Recipe In Hindi),0.0
16389,आलू पालक सब्ज़ी रेसिपी - Aloo Palak Sabzi (Recipe In Hindi),0.0
16390,Goan Style Bebinca/ Bebik/ Bebinka Recipe,0.0
16391,Uttaranchal Style Garwhali Kafuli Recipe (Spinach Curry),0.0
16392,काला देसी चना रेसिपी - Kala Desi Chana (Recipe In Hindi),0.0
16393,हरी मूंग दाल मखनी रेसिपी - Green Moong Dal Makhani (Recipe In Hindi),0.0
16394,मटर का चीला रेसिपी - Matar Ka Cheela (Recipe In Hindi),0.0
16396,करामानी पोरियल रेसिपी - Karamani Poriyal (Recipe In Hindi),0.0
16406,महाराष्ट्रियन मसाला भात रेसिपी - Maharashtrian Masala Bhath (Recipe In Hindi),0.0
16397,कीरई मसियल रेसिपी - Keerai Masiyal (Recipe In Hindi),0.0
16399,करेला मसाला सब्ज़ी रेसिपी - Karela Masala Sabzi (Recipe In Hindi),0.0
16400,सुखी आलू बैंगन की सब्ज़ी रेसिपी - South Indian Potato & Eggplant Sabzi (Recipe In Hindi,0.0
1365,Kashmiri Kesar Pulao - Saffron Fennel Rice Recipe,0.0
16403,अालुची भाजी - Aluchi Bhaji (Recipe In Hindi),0.0
16404,सौंफ वाले आलू बैंगन रेसिपी - Saunf Wale Aloo Baingan (Recipe In Hindi),0.0
16388,फूल गोभी की सब्ज़ी रेसिपी - Phool Gobi Sabzi (Recipe In Hindi),0.0
16387,पालक बैंगन की सब्ज़ी रेसिपी - Palak Baingan Ki Sabzi (Recipe In Hindi),0.0
16386,थाबडी पेंडा रेसिपी - Thabdi Peda (Recipe In Hindi),0.0
16385,मशरुम मेथी ब्राउन राइस रेसिपी - Mushroom Methi Brown Rice (Recipe In Hindi),0.0
16384,ब्रोकली और पेप्पर राइस रेसिपी - Broccoli & Pepper Rice (Recipe In Hindi),0.0
16383,गवारफली की सुखी सब्ज़ी रेसिपी - Gavarfali Ki Sukhi Sabzi (Recipe In Hindi),0.0
16382,हरे मूंग की सब्ज़ी - Green Moong Dal Sabzi (Recipe In Hindi),0.0
16381,जीरा आलू सब्ज़ी रेसिपी - Jeera Aloo Sabzi (Recipe In Hindi),0.0
16380,टमाटर मटर पोहा रेसिपी - Tomato Poha With Peas (Recipe In Hindi),0.0
16379,एल्लु चटनी रेसिपी - Sesame Seeds Chutney (Recipe In Hindi),0.0
16378,मसाला रोस्टेड आलू रेसिपी - Masala Roasted Aloo (Recipe In Hindi),0.0
16377,लहसुन की चटनी रेसिपी - Lahsun ki Chutney (Recipe In Hindi),0.0
16376,टमाटर लहसुन की चटनी रेसिपी - Tomato Garlic Chutney (Recipe In Hindi),0.0
16375,Milk Sooji Fudge Recipe,0.0
16374,Goan Style Sana Recipe (Soft Steamed Rice Cakes),0.0
16373,Goan Style Sando Recipe (Steamed Rice Cakes Filled With Sweet Coconut),0.0
16371,अरहर की दाल रेसिपी - Arhar Ki Dal with Lahsun Tadka (Recipe In Hindi),0.0
16405,पुदीना दही चावल रेसिपी - Curd Rice Recipe With Mint (Recipe In Hindi),0.0
16407,सेब और प्याज की चटनी रेसिपी - Apple Onion Chutney (Recipe In Hindi),0.0
16368,Makhan Bada Recipe,0.0
16434,गोभी कुरमा रेसिपी - Cauliflower Kurma (Recipe In Hindi),0.0
16428,टमाटर प्याज की चटनी रेसिपी - Tomato Onion Chutney (Recipe In Hindi),0.0
16429,पुदीना मूंग दाल रेसिपी - Pudina Moong Dal (Recipe In Hindi),0.0
16430,खट्टा मीठा पेठा रेसिपी - Khatta Meetha Petha (Recipe In Hindi),0.0
16431,गोअन स्टाइल मशरुम रेसिपी - Goan Style Mushrooms (Recipe In Hindi),0.0
16432,आलू विंदालू रेसिपी - Potato Vindaloo (Recipe In Hindi),0.0
16433,कढ़ाई टोफू रेसिपी - Kadhai Tofu Sabji (Recipe In Hindi),0.0
16435,सोया चंक्स मसाला रेसिपी - Soya Chunks Masala in Coconut Milk (Recipe In Hindi),0.0
16408,Angaya Podi Recipe,0.0
16436,लहसुन टमाटर की चटनी रेसिपी - Roasted Garlic Tomato Chutney (Recipe In Hindi),0.0
16437,पत्ता गोभी पचड़ी रेसिपी - Cabbage Pachadi (Recipe In Hindi),0.0
16438,साउथ इंडियन प्याज चटनी रेसिपी - South Indian Onion Chutney (Recipe In Hindi),0.0
16439,नारियल मूंगफली की चटनी रेसिपी - Coconut Peanut Chutney (Recipe In Hindi),0.0
16440,साउथ इंडियन नारियल की चटनी रेसिपी - South Indian Coconut Chutney (Recipe In Hindi),0.0
16441,धनिये और नारियल की चटनी रेसिपी - Green Coriander And Coconut Chutney (Recipe (In Hindi),0.0
16427,पुदीना चटनी रेसिपी - Pudina Chutney (Recipe In Hindi),0.0
16426,शिमला मिर्च पनीर भुर्जी रेसिपी - Paneer Bhurji Recipe With Capsicum (Recipe In Hindi),0.0
16425,शिमला मिर्च की चटनी रेसिपी - Capsicum Chutney (Recipe In Hindi),0.0
16424,Iyengar Style Thavala Adai Recipe,0.0
16423,Chettinad Mixed Bean Adai Recipe,0.0
16421,मैसूर चटनी रेसिपी - Mysore Chutney (Recipe In Hindi),0.0
16420,हरे चने की चटनी रेसिपी - Green Chana Chutney (Recipe In Hindi),0.0
16419,मूली के पत्तो की पचड़ी रेसिपी - Radish Leaves Pachadi (Recipe In Hindi),0.0
16417,सुखी मेथी मलाई मटर रेसिपी - Dry Methi Malai Matar (Recipe In Hindi),0.0
16416,प्रॉन फ्राइड राइस रेसिपी - Prawns Fried Rice (Recipe In Hindi),0.0
16415,गाजर मूंगफली की चटनी रेसिपी - Carrot Peanut Chutney (Recipe In Hindi),0.0
16414,चकुंदर की चटनी रेसिपी - Beetroot Chutney (Recipe In Hindi),0.0
16413,पालक गोभी की सब्ज़ी रेसिपी - Palak Gobi Sabzi (Recipe In Hindi),0.0
16412,आलू और मूली के पत्तो की सब्ज़ी रेसिपी - Aloo Aur Mooli Ke Patto Ki Sabzi (Recipe In Hindi),0.0
16411,कद्दू शिमला मिर्च की सब्ज़ी रेसिपी - Kaddu Simla Mirch Sabzi (Recipe In Hindi),0.0
16410,Andhra Style Pappu Urumindi Recipe,0.0
16409,ओकरा पोरियल - Vendakkai Poriyal (Recipe In Hindi),0.0
16370,लहसुनि दाल रेसिपी - Garlic Dal (Recipe In Hindi),0.0
1375,Gehun Ka Halwa Recipe | Atte Ka Halwa | Kada Prasad Recipe,0.0
16443,पका केला की सब्ज़ी रेसिपी - Paka Kela Ki Sabzi (Recipe In Hindi),0.0
16315,बंगाली स्टाइल शाक भाजा रेसिपी - Stir Fried Green Amaranth Leaves (Recipe In Hindi),0.0
16309,दही वाले आलू रेसिपी - Dahi Wale Aloo (Recipe In Hindi),0.0
16310,मसूर दाल मखनी रेसिपी - Masoor Dal Makhani (Recipe In Hindi),0.0
16311,Spicy Lime Pickle Recipe (Naranga Achaar),0.0
16312,मेथी मटर पुलाव रेसिपी - Methi Matar Pulao (Recipe In Hindi),0.0
16313,मिलागु सदम रेसिपी - Milagu Sadam (Recipe In Hindi),0.0
16314,पंजाबी राजमा मसाला रेसिपी - Punjabi Rajma Masala (Recipe In Hindi),0.0
16316,उरद की सुखी दाल रेसिपी - Urad Ki Sukhi Dal (Recipe In Hindi),0.0
16324,ढाबा स्टाइल हरी मूंग दाल तड़का रेसिपी - Dhaba Style Green Moong Dal Tadka (Recipe In Hindi),0.0
16317,तीखे छोटे आलू रेसिपी - Spicy Baby Potatoes (Recipe In Hindi),0.0
16318,Paatolyo Recipe (Goan Sweet Dish),0.0
16319,दाल बनजारा रेसिपी - Dal Banjara (Recipe In Hindi),0.0
16320,Khira Gaintha Recipe - Rice Dumplings In Sweetened Milk,0.0
16321,शकरकंदी की दाल रेसिपी - Sweet Potato Dal (Recipe In Hindi),0.0
16322,पालक पप्पू रेसिपी -Spinach Dal (Recipe In Hindi),0.0
16308,मक्के और टमाटर का भरता रेसिपी - Tangy Corn Tamatar Bharta (Recipe In Hindi),0.0
16307,मशरुम थोरन रेसिपी - Mushroom Thoran Recipe,0.0
16306,Foxtail Millet Lemon Rice Recipe-Elumichai Thenai,0.0
1394,Kathirikai Sundakkai Vathal Kuzhambu Recipe,0.0
16303,Cauliflower And Red Bell Pepper Stir Fry Recipe,0.0
16302,Manathakkali Thayir Pachadi Recipe,0.0
1396,Whole Wheat Flour Puttu Recipe,0.0
16300,Oriya Style Ambila Recipe - Sweet & Spicy Mixed Vegetable Sabzi,0.0
1397,Hariyali Matar Recipe,0.0
1400,Rava Kesari Bhath - South Indian Sooji Halwa Recipe,0.0
1404,Ragi Rava Dosa Recipe With Oats - Finger Millet & Oats Dosa Recipe,0.0
1408,Urulai Kizhangu Roast Recipe - Spicy Potato Roast Recipe,0.0
1410,Sakkaravalli Kizhangu Poriyal Recipe - Spicy Sweet Potato Roast,0.0
1413,चीज़ी आलू पराठा - Cheesy Aloo Paratha (Recipe In Hindi),0.0
16293,Rajasthani Sweet & Spicy Ker Sangri Sabzi Recipe,0.0
16292,Karnataka Style Sorakaya Palya Recipe - Karnataka Style Bottle Gourd Sabzi,0.0
1417,Golpapdi Recipe | Gur Papdi | Sukhdi recipe | Gujarati Gol Papdi,0.0
16323,चना मेथी दाल रेसिपी - Chana Methi Dal (Recipe In Hindi),0.0
16325,आलू परवल की सुखी सब्ज़ी रेसिपी - Potato And Pointed Gourd Sabzi (Recipe In Hindi),0.0
16364,Microwave Ashoka Halwa Recipe | Moong Dal Halwa,0.0
16354,Mughalai Shahi Kaju Aloo Ki Sabzi Recipe,0.0
16346,Yellow Cucumber Pachadi Recipe,0.0
16348,पत्ता गोभी पुलाव रेसिपी - Spiced Cabbage Rice (Recipe In Hindi),0.0
16349,Maharashtrian Batatyacha Kees Recipe (Spicy Roasted Potatoes With Peanuts),0.0
16350,Maharastrian Style Kurkure Batate Recipe (Spicy & Crispy Roasted Potatoes),0.0
16352,Gajar Halwa Barfi Recipe (Carrot Fudge),0.0
16353,Sweet Potato & Oatmeal Kofta Curry (Non Fried),0.0
16355,Rajasthani Kaddu Aur Aloo Ki Sabzi Recipe,0.0
16326,टमाटर की चटनी रेसिपी - Tomato Chutney (Recipe In Hindi),0.0
16357,Kasuri Methi Aur Aloo Rasedar Recipe,0.0
16358,गोअन मशरुम विंडालू रेसिपी - Goan Style Mushroom Vindaloo (Recipe In Hindi),0.0
16359,Traditional Rasmalai Recipe,0.0
16360,Urulaikizhangu Podi Poriyal Recipe (Spicy Potato Sabzi from Tamil Nadu),0.0
16362,लेमन राइस रेसिपी - Lemon Rice (Recipe In Hindi),0.0
16363,गोभी फ्राइड राइस रेसिपी - Cauliflower Fried Rice (Recipe In Hindi),0.0
16344,मटर की तेहरी रेसिपी - Matar Ki Tehri (Recipe In Hindi),0.0
16343,Rajasthani Kachri Ki Chutney Recipe (Wild Cucumber Chutney),0.0
16342,पम्पकिन दाल लहसुनि तड़के के साथ रेसिपी - Pumpkin Dal With Garlic Tadka (Recipe In Hindi),0.0
16341,नवरंग दाल रेसिपी - Navrang Dal (Recipe In Hindi),0.0
1379,Methi Matar Pulao Recipe - Fenugreek Green Peas Pulao,0.0
16339,पंजाबी दाल तड़का रेसिपी - Punjabi Dal Tadka (Recipe In Hindi),0.0
1380,Homemade Mysore Pak Recipe | Traditional Recipe Made With Ghee,0.0
16337,Suva Methi Baingan Sabzi Recipe ( Eggplant in Dill and Methi leaves Curry Recipe),0.0
16335,केरला स्टाइल वेजिटेबल स्टू रेसिपी - Kerala Style Vegetable Stew (Recipe In Hindi),0.0
16334,पंचमेल दाल रेसिपी - Panchmel Dal (Recipe In Hindi),0.0
16333,लौकी आलू सब्ज़ी रेसिपी - Lauki Aloo Sabzi (Recipe In Hindi),0.0
16332,गाजर की चटनी रेसिपी - Carrot Chutney (Recipe In Hindi),0.0
16331,चना दाल चटनी रेसिपी - Chana Dal Chutney (Recipe In Hindi),0.0
1382,Mooli Paratha Recipe - Indian Flat Bread with Radish,0.0
16329,Khamiri Roti Recipe,0.0
1388,Chatpate Aloo Recipe With Sesame Seeds,0.0
16327,ब्राहमी चटनी रेसिपी - Brahmi Chutney (Recipe In Hindi),0.0
16442,लाल मिर्च और टमाटर की पचड़ी रेसिपी - Red Chilli and Tomato Pachadi (Recipe In Hindi),0.0
16444,गोभी के पत्तो की चटनी रेसिपी - Cauliflower Leaves Chutney (Recipe In Hindi),0.0
16601,"Sweet Corn, Methi & Tomato Rice Recipe",0.0
16551,निरामिष आलू दम रेसिपी - Niramish Aloo Dum Sabzi (Recipe In Hindi),0.0
1329,Ridge Gourd Pachadi Recipe - Ridge Gourd Chutney,0.0
16542,Jhure-Jhure Aloo Bhaja Recipe,0.0
16543,Saunf Aloo (Fennel Potato Curry) Recipe,0.0
16544,Broccoli And Aloo Lifafa Paratha Recipe,0.0
1326,Raw Banana & Ajwain Paratha Recipe,0.0
1323,Paka Kela Ki Sabzi Recipe | Paka Kela nu Shaak | Gujarati Jain Recipe,0.0
16552,डुबकी वाले आलू रेसिपी - Dubki Wale Aloo (Recipe In Hindi),0.0
1313,Kashmiri Style Modur Pulao With Pomegranate Recipe,0.0
16553,Brown Rice Flakes Pudding / Desi Poha Kheer Recipe,0.0
1322,Indian Beaten Coffee Recipe | Dalgona Coffee,0.0
1315,Aam Chunda Pickle Recipe - Gujarati Mango Chunda Recipe,0.0
16556,पालक पुलाव रेसिपी - Palak Pulao (Recipe In Hindi),0.0
1314,Mambazha Mor Kuzhambu Recipe - Ripe Mango Mor Kuzhambu,0.0
16559,टमाटर पुलियोगरे रेसिपी - Spicy Tomato Rice (Recipe In Hindi),0.0
1339,Dahi Ke Kebab Recipe | Dahi Kebab | Greek Yogurt Kebabs,0.0
16538,आलू मखाना की सब्ज़ी रेसिपी - No Onion No Garlic Aloo Makhana Sabzi (Recipe In Hindi),0.0
16537,Makhana Ka Raita Recipe,0.0
16535,जयपुरी आलू प्याज की सब्ज़ी रेसिपी - Jaipuri Aloo Pyaz Ki Sabzi (Recipe In Hindi),0.0
16534,चना और आलू की सुखी सब्ज़ी रेसिपी - Chana Aur Aloo Ki Sookhi Sabzi (Recipe In Hindi),0.0
16533,आलू टमाटरी रेसिपी - Aloo Tamatari (Recipe In Hindi),0.0
16532,तिल के आलू रेसिपी - Til Ke Aloo (Recipe In Hindi),0.0
16531,अचारी आलू गोभी रेसिपी - Achaari Aloo Gobhi (Recipe In Hindi),0.0
16530,धनिया वाले आलू रेसिपी - Dhania Wale Aloo (Recipe In Hindi),0.0
16529,जीरा हींग आलू रेसिपी - Jeera Hing Aloo (Recipe In Hindi),0.0
1344,Instant Khaman Dhokla Recipe,0.0
16527,वन पॉट आलू गोभी रेसिपी - One Pot Aloo Gobi (Recipe In Hindi),0.0
16526,निरामिष आलू दम रेसिपी - Niramish Aloo Dum (Recipe In Hindi),0.0
16525,वेगन सोया आलू की सब्ज़ी रेसिपी - Vegan Soya Aloo Curry (Recipe In Hindi),0.0
16523,आलू गोभी मटर की सब्ज़ी रेसिपी - Aloo Gobhi Matar Ki Sabzi (Recipe In Hindi),0.0
16522,आलू गाजर मटर की सब्ज़ी रेसिपी - No Onion And No Garlic Aloo Gajar Matar Ki Sabzi (Recipe In Hindi),0.0
16521,आलू अमृतसरी रेसिपी - Aloo Amritsari (Recipe In Hindi),0.0
16560,Karnataka Style Ranjaka Recipe (Red Chili Chutney Recipe),0.0
16562,अचारी आलू रेसिपी - Achari Aloo (Recipe In Hindi),0.0
16519,आलू गाजर की सब्ज़ी रेसिपी - No Onion No Garlic Aloo Gajar Ki Sabzi (Recipe In Hindi),0.0
16590,Tawa Amritsari Kulcha Recipe,0.0
16584,साबूदाना खीर रेसिपी - Sabudana Kheer (Recipe In Hindi),0.0
1291,Goan Shepeche Polle Recipe,0.0
16586,आलू गोभी की सब्ज़ी रेसिपी - Aloo Gobi Ki Sabzi (Recipe In Hindi),0.0
16587,थेंगाई पाल कुर्मा रेसिपी - Thengai Paal Kurma (Recipe In Hindi),0.0
16588,मुल्तानी काली अरबी रेसिपी - Multani Kaali Arbi (Recipe In Hindi),0.0
16589,हैदराबादी शाही मिक्स्ड वेजिटेबल करी रेसिपी - Hyderabadi Shahi Mixed Vegetable Curry (Recipe In Hindi),0.0
16592,Kavuni Arisi Paniyaram Recipe (Black Rice Paniyaram Recipe),0.0
16563,Singhara Atta Cheela Recipe (No Onion No Garlic Navratri Fasting/Vrat Recipe),0.0
16593,बूंदी और हरे प्याज की सब्ज़ी रेसिपी - Boondi And Spring Onion Greens Sabzi (Recipe in Hindi),0.0
16594,फुल्का रेसिपी - Phulka (Recipe In Hindi),0.0
16595,मटर अजवाइन की पूरी रेसिपी - Matar Ajwain Ki Puri (Recipe In Hindi),0.0
16596,ओरिया दालमा रेसिपी - Oriya Special Dalma (Recipe In Hindi),0.0
16597,बंगाली आलू पोटोल एर दालना रेसिपी - Bengali Aloo Potol er Dalna (Recipe In Hindi),0.0
16599,भिंडी मसाला करी रेसिपी - Bhindi Masala Curry (Recipe In Hindi),0.0
16582,गाजर और शिमला मिर्च पुलाव रेसिपी - Carrot And Capsicum Rice (Recipe In Hindi),0.0
16581,Moong Dal Rasam/Pesara Pappu Charu Recipe (Lemon Infused Indian Lentil Soup),0.0
16580,हरे सेब का रसम रेसिपी - Green Apple Rasam (Recipe In Hindi),0.0
16579,घी चावल रेसिपी - Ghee Rice (Recipe In Hindi),0.0
16578,Gulab Jamun Trifle Recipe,0.0
16577,गाजर पुलाव रेसिपी - Carrot Rice (Recipe In Hindi),0.0
16576,पुदीना पुलाव रेसिपी - Pudina Rice (Recipe In Hindi),0.0
16575,एल्लु सादम रेसिपी - Ellu Sadam (Recipe In Hindi),0.0
16574,टोफू पुलाव रेसिपी - Tofu Pulao (Recipe In Hindi),0.0
16573,जीरा राइस रेसिपी - Jeera Rice (Recipe In Hindi),0.0
1301,Calicut Payyoli Chicken Fry Recipe,0.0
1303,Punjabi Garam Masala Powder Recipe,0.0
16569,Tofu & Capsicum Paratha Recipe (Stuffed Tofu Flatbread),0.0
16568,Maharashtrian Gavachi Kheer Recipe (Whole Cracked Wheat Pudding),0.0
16567,Assamese Komolar Kheer Recipe (Orange Kheer),0.0
16566,सुखी दाल पालक की सब्ज़ी रेसिपी - Dry Palak Dal Sabzi (Recipe In Hindi),0.0
16564,Besan Aur Pyaz Ka Cheela Recipe - Roz Ka Khana With Figaro Olive Oil,0.0
16520,आलू पोतोल पोस्तो रेसिपी - Aloo Parwal In Poppy Seed Masala (Recipe In Hindi),0.0
1346,Yeruvalli Kuzhambu Recipe | Iru Puli Kuzhambu | Tangy Coconut Curry,0.0
16445,आलू परवल की सब्ज़ी रेसिपी - Aloo Parwal Sabzi (Recipe In Hindi),0.0
16470,Thulli Recipe (Broken Wheat Halwa),0.0
16464,Singhare Atte Ka Halwa/Sheera Recipe (Water Chestnut Flour Halwa Recipe),0.0
16465,Doodhi Halwa Recipe (Bottle Gourd Halwa),0.0
16466,WeetBix Halwa Recipe,0.0
16467,Beetroot Halwa Recipe (With Vegan Option),0.0
16468,Rajasthani Hare Chane Ka Halwa Recipe (Choliya Halwa),0.0
16469,Mukhadi Halwa Recipe (Semolina & All Purpose Flour Halwa),0.0
16471,Chocolate And Semolina Halwa Recipe,0.0
16479,कद्दू और नारियल के लड्डू रेसिपी - Pumpkin Coconut Ladoo (Recipe In Hindi),0.0
16472,Kerala Style Rice Halwa Recipe,0.0
16473,Sooji Halwa Breakfast Bowl Recipe,0.0
16474,ब्रेड हलवा रेसिपी - Bread Halwa (Recipe In Hindi),0.0
16475,राजस्थानी हरे चने का हलवा रेसिपी - Rajasthani Hare Chane Ka Halwa (Recipe In Hindi),0.0
16476,सेब का हलवा रेसिपी - Apple Halwa (Recipe In Hindi),0.0
16477,Maharashtrian Dinkache Ladoo Recipe (Whole Wheat Flour Truffles With Edible Gum & Dry Fruits),0.0
16463,पनीर बटर मसाला रेसिपी - Paneer Butter Masala (Recipe In Hindi),0.0
16462,Saffron Milk Masala Recipe,0.0
16461,Strawberry And Sooji Halwa Recipe,0.0
16460,Red Kidney Beans Chocolate Barfi Recipe,0.0
16459,Shrikhand Vadi Recipe (Yogurt Barfi),0.0
16458,Choco Badam Barfi / Choco Almond Fudge Recipe,0.0
16457,शिमला मिर्च और मशरुम की सब्ज़ी रेसिपी - Pepper Mushroom Stir Fry (Recipe In Hindi),0.0
16456,Moong Dal Halwa Recipe (Warm Lentil Pudding with Nuts and Spices),0.0
16455,Habshi Halwa Recipe,0.0
16454,Goan Style Banana Halwa Recipe (Kelyacho Halwo),0.0
16453,Sanjori Bread Recipe (Maharashtrian Sweet Flatbread Stuffed with Halwa),0.0
16452,Pumpkin Halwa (Kaddu Ka Halwa) Recipe,0.0
16451,Wheat Rava Halwa Recipe,0.0
16450,Ragi Halwa Recipe | Healthy Indian Sweet Made With Ragi,0.0
16449,Moong Dal Halwa Recipe (A Low Calorie Version),0.0
16447,Potato Paneer Curry Without Onion And Garlic Recipe (Vrat Wale Aloo Paneer),0.0
1362,Lauki Yakhni Recipe - Bottle Gourd In Yogurt Gravy,0.0
16478,पारंपरिक पंजीरी लड्डू (जन्माष्टमी पसादम) रेसिपी - Panjiri Ladoo (Recipe In Hindi),0.0
16480,पोहा लड्डू रेसिपी - Poha Ladoo With Chocolate And Coconut (Recipe In Hindi),0.0
16517,Khira Gaintha Recipe (Kheer Puli),0.0
16508,Hyderabad Soy Biryani Recipe With Vegetables & Palak,0.0
16501,Sitaphal Rabdi Recipe,0.0
16502,ऑडीया स्टाइल चौला खीरी रेसिपी - Oriya Style Rice Kheer (Recipe In Hindi),0.0
16503,Khichdi Roti रेसिपी - खिचड़ी रोटी (Recipe In Hindi),0.0
16504,अजवाइन पूरी रेसिपी - Ajwain Puri (Recipe In Hindi),0.0
16505,माँ की दाल रेसिपी - Maa Ki Dal (Recipe In Hindi),0.0
1350,Kali Mirch Singhare Ki Sabzi Recipe,0.0
16509,अनारदाना चटनी रेसिपी - Pomegranate Chutney (Recipe In Hindi),0.0
16481,गाजर और बीन्स का पोरियल रेसिपी - Carrot and Beans Poriyal (Recipe In Hindi),0.0
16510,भगारा पीठा रेसिपी - Baghara Pitha (Recipe In Hindi),0.0
16512,South Indian Onion Chutney Recipe,0.0
16513,Thengai Thogayal Recipe (Spicy and Tangy Coconut Chutney),0.0
16514,फालगुनी दाल रेसिपी - Phalguni Dal (Recipe In Hindi),0.0
16515,Vegan Black Beans Stuffed Paratha Recipe,0.0
16516,Black Currant Dates Kheer Recipe,0.0
1353,Mavinakayi Chitranna Recipe - Spiced Raw Mango Tempered Rice,0.0
16499,Paruppu Urundai Mor Kuzhambu Recipe(Lentil Balls in Yogurt Curry),0.0
16498,लोबिया मसाला रेसिपी - Lobia Masala (Recipe In Hindi),0.0
16497,आलू भरमा दाल ढोकली रेसिपी - Potato Stuffed Dal Dhokli (Recipe In Hindi),0.0
1359,Raw Papitha No Sambharo Recipe,0.0
16495,Bengali Doi Potol Recipe (Pointed Gourd In Thick Yogurt Based Gravy),0.0
16494,राबोडी की सब्ज़ी रेसिपी - Rabodi Ki Sabzi (Recipe In Hindi),0.0
16493,बैंगन मसाला रेसिपी - Baingan Masala (Recipe In Hindi),0.0
16492,पंजाबी साबुत मूंग की दाल रेसिपी - Punjabi Sabut Moong Ki Dal (Recipe In Hindi),0.0
16491,सरसों का साग रेसिपी - Sarson Ka Saag (Recipe In Hindi),0.0
16490,लौकी की खीर - Lauki Ki Kheer (Recipe In Hindi),0.0
16488,झंगोरे की खीर रेसिपी - Jhangore Ki Kheer (Recipe In Hindi),0.0
16487,मीठा खिचुडी रेसिपी - Mitha Khichudi (Recipe In Hindi),0.0
16486,चटपटा आलू रेसिपी - Chatpata Baby Potato (Recipe In Hindi),0.0
16484,ओरीया मीठा डाली रेसिपी - Oriya Mitha Dali (Recipe In Hindi),0.0
16483,Foxtail Millet Kheer Recipe (Millet Pudding With Saffron & Nuts),0.0
16482,बेसन अरबी रोस्ट रेसिपी - Besan Arbi Roast (Recipe In Hindi),0.0
16290,Puran Poli Recipe | Gujarati & Maharastrian | Sweet Spiced Stuffed Paratha With Jaggery,0.0
16289,Bengali Cholar Dal Recipe,0.0
16288,Valor Muthia Nu Shaak Recipe - Flat Beans Stir Fry With Dumplings,0.0
16065,Hariyali Chicken Tikka Recipe,0.0
16058,Kerala Style Beetroot Pachadi Recipe,0.0
1667,Karnataka Style Mangrasa Recipe - Raw Mango Chutney Recipe,0.0
1666,Zucchini Paratha Recipe,0.0
1665,Akhrot Ka Sheera/Halwa Recipe - Walnut Pudding/Fudge Recipe,0.0
16062,Hunase Gojju Recipe,0.0
16063,Shakarkand Beans Subzi Recipe (Spicy Sweet Potato Beans Stir fry),0.0
16066,Kathal Biryani Recipe- Raw Jackfruit Biryani Topped with Caramelised Onions,0.0
1660,Dry Fruit Barfi Recipe - A Healthy Dry Fruit Halwa,0.0
16067,Karnataka Special Huli Tovve Recipe,0.0
16068,No Onion And No Garlic Aloo Gajar Matar Ki Sabzi Recipe,0.0
1663,Curd Rice Thayir Sadam (Dahi Bhaat) - For Babies & Toddlers Over 10 Months,0.0
16072,Khatti Meethi Tindora Sabzi Recipe - Gujarati Tindora Nu Shaak,0.0
16073,Maharashtrian Tomato Saar Recipe,0.0
1661,Thecha Paniyaram Recipe,0.0
16057,How to Make Homemade Jalebi Recipe,0.0
16056,Sorakkai Kozhukattai Paal Kuzhambu Recipe - Bottle Gourd Curry,0.0
1671,Badam Ki Kheer Recipe - Spiced Almond Milk,0.0
16054,Mavinakayi Chitranna Recipe - Spiced Raw Mango Tempered Rice,0.0
16053,Baale Dindu Kadale Palya - Banana Stem Curry With Chickpeas Recipe,0.0
16051,Kashmiri Style Modur Pulao With Pomegranate Recipe,0.0
16050,Amritsari Sookhi Dal Recipe,0.0
16049,Agathi Keerai Recipe,0.0
1675,Nongu Paal Recipe - Palm Fruit Drink,0.0
1679,Kothamalli Kozhukattai (Coriander Rice) Recipe,0.0
1682,Dry Fruits Meetha Paneer Paratha Recipe,0.0
1690,Carrot And Beans Poriyal Recipe For Babies And Toddlers,0.0
1691,Golden Turmeric Almond Saffron Milk Shot Recipe,0.0
16042,Calicut Payyoli Chicken Fry Recipe,0.0
1696,Banarasi Chooda Matar/Chura Matar Recipe,0.0
16039,Mambazha Mor Kuzhambu Recipe - Ripe Mango Mor Kuzhambu,0.0
16037,Aam Chunda Pickle Recipe - Gujarati Mango Chunda Recipe,0.0
16075,Assamese Narasingh Masor Jhol Recipe (Fish In Curry Leaves Gravy),0.0
1659,Chironji And Makhane Ki Kheer Recipe,0.0
16033,Chicken Donne Biryani Recipe - Bangalore Shivaji Military Style,0.0
16106,Karuveppilai Chutney Podi Recipe - Curry Leaves Chutney Podi,0.0
16100,Bharva Bhindi Recipe - Pan Fried Stuffed Okra With Spices & Peanuts,0.0
1610,Sun Dried Raw Mango Raita Recipe-Ambula Rai,0.0
1595,Beetroot Sambar Recipe - Tangy Beetroot Lentil Curry,0.0
1593,Crunchy Carrot Peanut Raita Recipe - Gajar Moongphali Raita,0.0
16104,Andhra Style Kandi Pachadi Recipe (Masoor Dal Chutney Recipe),0.0
16105,Homemade Butter Naan Recipe - Soft Yogurt Bread,0.0
1590,Gilka Bhajji Recipe-Silk Squash Fritters,0.0
1658,Banana Sheera Recipe - Sweet Banana Halwa/ Pudding,0.0
1589,Mogre Ka Sharbat Recipe - Fresh Jasmine Drink,0.0
1586,Besan Ka Sheera Recipe (Natural Cold Remedy),0.0
1585,North Kanara Sweet And Sour Raw Mango Chutney Recipe,0.0
16112,Karnataka Style Hurigadale Tambittu Recipe - Gram Flour Ladoo,0.0
1578,हैदराबादी वेजिटेबल बिरयानी रेसिपी - Hyderabadi Vegetable Biryani Recipe,0.0
16115,Paneer Biryani Recipe,0.0
16099,Goan Style Khatkhatem Recipe (Mixed Vegetable Gravy),0.0
16098,Ukad Recipe - Maharashtrian Rice Flour Porridge,0.0
16096,Pumpkin Sabzi Recipe with Panch Phoron Masala,0.0
16095,Chettinad Beans & Cauliflower Poriyal Recipe (South Indian Stir Fry),0.0
1612,मशरुम करी - Mushroom Curry (Recipe In Hindi),0.0
16093,Whole Wheat Soya Keema Kulchas,0.0
16092,Murgh Malai Kebab Recipe - Chicken Malai Kebab,0.0
1614,Pathare Prabhu Roath Recipe (Semolina Cake),0.0
1623,Kaju Pakoda Recipe (Cashew Nut Fritters),0.0
3415,Kobiche Vade Recipe - Cabbage And Multigrain Fritters,0.0
1636,Gurellu Chutney Podi Recipe,0.0
1643,Broccoli Peanut Oats Tikki Recipe,0.0
16083,Beetroot & Sesame Thepla Recipe,0.0
1644,Karamani Sundal Recipe - Spicy Tossed Black Eyed Beans Recipe),0.0
1648,Baked Samosa Pinwheels Recipe,0.0
1651,Classic Chettinad Seepu Seedai Recipe,0.0
16079,Mushroom Thoran Recipe - Kerala Style Mushroom Sabzi,0.0
16034,Ridge Gourd Pachadi Recipe - Ridge Gourd Chutney,0.0
16032,Raw Banana & Ajwain Paratha Recipe,0.0
16287,Pineapple Gojju Recipe (Karnataka Style Tangy And Spicy Pineapple Curry),0.0
1779,Palak Kadhi Recipe - Spinach Kadhi,0.0
1785,Maharashtrian Takatla Palak Recipe - Spinach Peanut Buttermilk Curry,0.0
1782,Vazhakkai Podimas Recipe (Ayurvedic Recipe With No Onion No Garlic),0.0
15974,Konkani Style Batata Song Recipe - Dry Red Chili Potatoes Fry,0.0
1780,Steamed Rice Recipe - Pressure Cooker & Sauce Pan Methods,0.0
15976,Kathirikai Sundakkai Vathal Kuzhambu Recipe,0.0
15977,Chatpate Aloo Recipe With Sesame Seeds,0.0
15979,Hariyali Matar Recipe,0.0
15989,Thakkali Sadam Recipe - Spicy Tomato Rice,0.0
15981,Rava Kesari Bhath - South Indian Sooji Halwa Recipe,0.0
15982,Murungai Keerai Kollu Kuzhambu - Drumstick Leaves Horse Gram Curry,0.0
15984,Whole Wheat Flour Puttu Recipe,0.0
15985,Chettinad Muttai Paniyaram Recipe | Egg Paniyaram Recipe,0.0
15986,Coriander Tamarind Millet Rice Recipe,0.0
15987,Gehun Ka Halwa Recipe | Atte Ka Halwa | Kada Prasad Recipe,0.0
15970,Sorakaya Masala Curry Recipe - Andhra Style Sorakaya Curry,0.0
15966,Homemade Mysore Pak Recipe | Traditional Recipe Made With Ghee,0.0
1791,Tandoori Style Soya Chaap Curry Recipe,0.0
15964,Mooli Paratha Recipe - Indian Flat Bread with Radish,0.0
1793,Murungai Keerai Adai Recipe - Drumstick Leaves Adai | Lentil Crepes,0.0
15961,Golpapdi Recipe | Gur Papdi | Sukhdi recipe | Gujarati Gol Papdi,0.0
1795,Huli Soppu Saaru Recipe - Karnataka Style Mixed Greens Sambar,0.0
15957,चीज़ी आलू पराठा - Cheesy Aloo Paratha (Recipe In Hindi),0.0
15956,Bengali Dhokar Dalna Recipe,0.0
1797,Mirch Ki Sabzi Recipe With Roasted Peanuts,0.0
15954,Sakkaravalli Kizhangu Poriyal Recipe - Spicy Sweet Potato Roast,0.0
15953,Urulai Kizhangu Roast Recipe - Spicy Potato Roast Recipe,0.0
15950,Besan Cheela Recipe Stuffed With Chatapa Paneer,0.0
15949,Konkani Style Vaingana Kaap Recipe - Shallow Fried Eggplant With Semolina,0.0
15947,Egg Butter Masala Recipe,0.0
1799,Assamese Narasingh Masor Jhol Recipe (Fish In Curry Leaves Gravy),0.0
1800,"Beetroot, Amla And Pudina Juice Recipe | Mint Gooseberry Beet Juice",0.0
1778,Raw Banana and Yam Thoran Recipe,0.0
1774,Chunni Ki Puri Recipe - Moong Dal And Besan Fried Puri Recipe,0.0
16031,Stuffed Makai Paratha Recipe (Corn & Coriander Stuffed Flat Bread),0.0
1713,Homemade Pani Puri Recipe -Calcutta Style Puchka Recipe,0.0
16015,Yeruvalli Kuzhambu Recipe | Iru Puli Kuzhambu | Tangy Coconut Curry,0.0
16017,Muttaikose Poriyal Recipe - Purple Cabbage Poriyal | Red Cabbage Sabzi,0.0
1724,Caramelized Ripe Plantains Without Added Sugar Recipe (Caramelized Nendran),0.0
16019,Restaurant Style Chicken 555 Recipe,0.0
16020,Coriander Chicken Roast Recipe,0.0
1721,Pasi Paruppu Kosumalli Recipe (Spiced Lentil Salad Recipe),0.0
16024,Mugachi Usal Recipe -Spicy Moong Sprouted Sabzi,0.0
1768,Pumpkin Chapati Recipe,0.0
16025,Raw Papitha No Sambharo Recipe,0.0
1709,Kerala Special Mambazha Puliserry Recipe,0.0
1706,Karwar Style Yerappe Ani Recipe- Rice and Black Split Gram Fried Dumpling,0.0
1704,Kavuni Arisi Halwa Recipe (Black Rice Halwa),0.0
1703,Zafrani Mawa Cake Recipe (Saffron Flavored Milk Cake),0.0
16030,Paka Kela Ki Sabzi Recipe | Paka Kela nu Shaak | Gujarati Jain Recipe,0.0
16014,Instant Khaman Dhokla Recipe,0.0
1734,Nendra Pazham Pulissery Recipe - Ayurvedic Recipe,0.0
1736,Raw Jackfruit & Peanut Masala Poriyal Recipe With Sambar Powder,0.0
1743,Soft & Delicious Ragi Mudde Recipe - Karnataka Style Ragi Balls,0.0
16009,Gujarati Methi Na Dhebra Recipe,0.0
16008,Kashmiri Style Apple Tamatar Sabzi Recipe - No Onion No Garlic,0.0
16007,Upvaas Thalipeeth Recipe,0.0
16006,Gujarati Undhiyu Recipe - Mixed Vegetable With Fenugreek Dumplings,0.0
1746,Methi Bajra Poori Recipe,0.0
16003,Kali Mirch Singhare Ki Sabzi Recipe,0.0
16001,Kashmiri Kesar Pulao - Saffron Fennel Rice Recipe,0.0
16000,Healthy Fulkopir Paturi Recipe (Bengali Style Cauliflower Dumplings),0.0
15999,Lauki Yakhni Recipe - Bottle Gourd In Yogurt Gravy,0.0
1762,Bharwa Karela Masala Recipe,0.0
15996,Kasuri Methi Chole Recipe,0.0
15994,Aloo Paratha Recipe - Healthy North Indian Breakfast,0.0
15993,Methi Matar Pulao Recipe - Fenugreek Green Peas Pulao,0.0
16116,Mamidikaya Pappu Recipe - Andhra Raw Mango Dal,0.0
16117,Rase Wale Aloo Recipe (Boiled Potato in Tangy Tomato Sauce),0.0
16118,Dondakkai Puli Curry Recipe - South Indian Style Tindora Curry,0.0
1462,Indian Tea Masala Powder,0.0
1474,Gajar Lauki Juice Recipe - Bottle Gourd Carrot Juice,0.0
1471,Thengai Poli Recipe - Coconut Poli Recipe,0.0
1469,Avarakkai Poricha Kootu Recipe - Broad Beans Kootu Recipe,0.0
16226,Vazhakkai Milagu Kootu Recipe - Plantains Pepper Curry,0.0
1465,Muskmelon Juice Recipe,0.0
16230,No Onion No Garlic Cabbage Kofta Curry Recipe,0.0
16232,Fansi Muthia Nu Shaak Recipe - Green Beans With Gram Flour Dumplings,0.0
16246,Vegan Kofta Curry Recipe,0.0
1458,How To Make Homemade Ragi Idli & Dosa Batter Recipe,0.0
16236,Mughlai Aloo Matar Gobi Recipe,0.0
16237,Gujarati Vaghareli Mag Recipe - Whole Green Moong Dal Sabzi Recipe,0.0
16240,Kumror/Kaddu Posto Recipe (Spiced Pumpkin with Poppy Seeds and Tomatoes ),0.0
1456,Apple Puree Recipe (Baby Food - 4 months onwards),0.0
16242,South Indian Poli Recipe - Boli | Obbattu | Bobbatlu | Holige,0.0
16220,Methi Murgh Recipe - Chicken with Fenugreek Leaves,0.0
1481,Coconut Kewra Drink Recipe,0.0
16218,Gujarati Style Bhakri Recipe-A Multigrain Flat Bread,0.0
16217,Hyderabadi Vegetable Biryani Recipe | Vegetable Dum Biryani,0.0
1483,Moon Biscuits Recipe (Moon Shaped Baked Cookies),0.0
16215,Milagu Rasam Recipe - Miriyala Charu | Pepper Rasam With Fresh Ground Rasam Powder,0.0
16214,Gutti Dondakaya Vepudu Recipe - Stuffed Ivy Gourds | Stuffed Tendli | Kovakkai,0.0
16213,"South Indian Paniyaram Recipe - 3 types - Classic, Carrot & Spinach",0.0
1487,"Raw Papaya, Apple & Carrot Salad Recipe",0.0
16210,Pacha Manga Pachadi Recipe - Raw Mango Pachadi,0.0
1491,Healthy & Delicious Jamun Fruit Smoothie - Black Plum Smoothie Recipe,0.0
16208,Vendakkai Vengayam Sambar Recipe (Okra in Tangy Lentil Curry),0.0
1496,Phool Mathri Recipe,0.0
16206,Karatyacho Fodi Recipe - Pan Fried Bitter Gourd,0.0
16205,Ringan Methi Nu Shaak Recipe - Gujarati Style Eggplant & Fenugreek Leaves Sabzi,0.0
1497,Besan Methi Paratha Recipe,0.0
1500,Bhaji Vada Recipe (Lentil And Vegetable Fritters),0.0
16244,Goan Style Recheado Bangdo Recipe | Stuffed Mackerel,0.0
16247,Kerala Style Varutharacha Mutta Curry Recipe,0.0
1576,Sprouted Green Gram Kosambari Recipe- With Pomegranates,0.0
16276,Hara Dhania Paratha Recipe - Coriander Paratha,0.0
16268,Drumstick Leaves Ragi Roti Recipe - Moringa Millet Flat Bread,0.0
16270,Karnataka Style Huggi (Rice and Moong dal Savory Porridge),0.0
16271,Chettinad Cauliflower Pepper Fry Recipe - Chettinad Poo Kosu Poriyal,0.0
16273,Rajma Kofta In Milk And Poppy Seed Gravy Recipe,0.0
16274,Bathua Raita Recipe,0.0
16275,Maharashtrian Kakdi Thalipeeth Recipe - Spiced Cucumber Flat Bread,0.0
1442,Instant Cucumber Pickle Recipe,0.0
16248,Soya Methi Sabzi Recipe | Made from Soya Chunks,0.0
16279,Plain Dalia Recipe- How To Cook Broken Wheat In Pressure Cooker,0.0
1440,Restaurant Style Chicken 555 Recipe,0.0
16281,Bhindi With Cashews & Coconut Sabzi Recipe,0.0
16282,Marwadi Gatte Ki Kadhi Recipe - Gram Flour Dumpling In Yogurt Curry,0.0
16284,Menthi Aaku Badeela Koora Recipe - Besan Muthia Cooked With Methi Leaves,0.0
1424,Makki and Methi Roti Recipe,0.0
16267,Beans And Carrot Masala Pulav With Black Eyed Beans Recipe,0.0
16266,Mysore Style Avarekalu Rasam Recipe,0.0
16265,Kerala Style Vendakka Pachadi Recipe - Roasted Bhindi Coconut Raita,0.0
1445,बनाना एपल मैश - Mashed Banana Apple (Recipe In Hindi),0.0
1448,Mooli Gobhi Aur Methi Sabzi Recipe,0.0
1449,Maharashtrian Green Chilli Thecha Recipe,0.0
1450,Cinnamon Spiced Black Lemon Tea Recipe,0.0
16260,Aloo Parwal Sabzi Recipe - A Classic Bengali Dish,0.0
16259,Peerkangai Thogayal Recipe | Ridge Gourd Peel Chutney | Beerakaya Pachadi,0.0
16258,Chamadumpa Vepudu Recipe - Andhra Style Colocasia Stir Fry | Arbi Sabzi,0.0
16257,Bendakaya Pulusu Recipe - Andhra Style Tangy Ladies Finger Curry,0.0
1451,Kashmiri Style Noon Chai Recipe - Pink Tea,0.0
16255,Moongphali Bhindi Sabzi Recipe - Lady's Finger Peanut Stir Fry,0.0
16254,Punjabi Bhindi Kadhi Recipe - Roasted Okra In Yogurt Curry,0.0
16251,Rajasthani Laal Maas Recipe-Mutton In Red Spicy Gravy,0.0
16250,Badam Elaichi Kulfi Recipe,0.0
1452,Angoor Raita Recipe,0.0
16202,Karwar Style Bibya Usal Recipe (Spiced Cashew Nut Sabzi),0.0
1502,Ammani Kozhukkattai Recipe,0.0
16200,Puli Keerai Recipe (Tamarind Spinach Curry),0.0
16147,Goan Mushroom Xacuti Recipe,0.0
16139,Chunni Ki Puri Recipe - Moong Dal And Besan Fried Puri Recipe,0.0
16141,Raw Banana and Yam Thoran Recipe,0.0
16142,Palak Kadhi Recipe - Spinach Kadhi,0.0
1563,Poha Buttermilk Idli Recipe,0.0
1561,Sago Kheer Recipe - Tapioca Milk Pudding,0.0
16146,Mango Pulusu Recipe - Mamidi Pandu Pulusu Recipe,0.0
16150,Bengali Style Basanti Pulao Recipe,0.0
16199,Methi Malai Paneer Recipe,0.0
16151,Murungai Keerai Adai Recipe - Drumstick Leaves Adai | Lentil Crepes,0.0
1546,Homemade Ghee Recipe,0.0
16153,Mughlai Style Chicken Haleem Recipe,0.0
1545,चाउ चाउ पोरिचा कूटू रेसिपी - Chow Chow Poricha Kootu Recipe,0.0
1543,वाघरेला रोटली रेसिपी - Vagharela Rotli Recipe,0.0
1541,Gulab Sandesh Recipe - Cottage Cheese Flavored with Rose Water,0.0
16138,Seppakizhangu Roast (South Indian Style Arbi Fry) Recipe,0.0
1566,परवल मसाला रेसिपी - Parwal Masala Recipe,0.0
1567,मेथी मूंग दाल रेसिपी - Methi Moong Dal Recipe,0.0
1570,Jeera Milagu Rasam Recipe - South Indian Pepper Cumin Rasam,0.0
16133,Moongachi Usali (Goan Style Sprouted Green Gram Stir Fry),0.0
16132,Pumpkin Chapati Recipe,0.0
16131,Steamed Rice Recipe - Pressure Cooker & Sauce Pan Methods,0.0
16130,Bharwa Karela With Sweet Potato Filling Recipe,0.0
16129,Subz Noor E Chashm Recipe (Nawabi Curry Recipe ),0.0
16128,Tandoori Style Soya Chaap Curry Recipe,0.0
16127,Mirch Ki Sabzi Recipe With Roasted Peanuts,0.0
1571,काबुली चना सुंदल रेसिपी - Chickpea Sundal Recipe,0.0
16125,Butter Garlic Naan Recipe - Garlic Flavoured Flatbread,0.0
16124,Huli Soppu Saaru Recipe - Karnataka Style Mixed Greens Sambar,0.0
1573,Achari Masala Puri Recipe,0.0
16121,Methi Bajra Poori Recipe,0.0
1574,Ridge Gourd Peel Chutney Recipe,0.0
16158,Nendra Pazham Pulissery Recipe - Ayurvedic Recipe,0.0
16160,Raw Jackfruit & Peanut Masala Poriyal Recipe With Sambar Powder,0.0
16161,Petha Wadi Sabzi Recipe,0.0
16181,Barnyard Millet Mushroom Biryani Recipe,0.0
16198,Matar Butter Masala Recipe,0.0
16197,Batata Saragva Nu Shaak Recipe-Spicy Aloo & Drumstick Vegetable,0.0
16196,Rava Fried Prawns Recipe,0.0
1508,Homemade Soft Idli Recipe - Steamed Rice and Lentil Cake,0.0
16194,Shimla Mirchi Panchamrut Recipe | Konkani Capsicum Cashew Peanut Sabzi,0.0
1510,Crispy Fried Kurkuri Bhindi Recipe Spiced With Cumin & Chaat Masala,0.0
16192,No Onion No Garlic Rajasthani Gatte Ki Kadhi Recipe,0.0
1512,पोट्टू कडलई चटनी रेसिपी - Roasted Chickpea Chutney Recipe,0.0
16189,Khatti Arbi Ki Sabzi Recipe - Colocasia In Yoghurt Curry,0.0
1513,Chocolate Cheese Gujiya Recipe,0.0
1514,गाजर गोभी मटर सब्ज़ी रेसिपी - Carrot Cauliflower Peas Sabzi Recipe,0.0
16186,Ambur Star Chicken Biryani Recipe,0.0
1515,मिनी इडली उपमा रेसिपी - Mini Idli Upma Recipe,0.0
16183,Jain Style Dal Makhani Recipe,0.0
16180,Broccoli Paneer And Peanut Masala Recipe,0.0
16162,Bendekaayi Gojju (Lady Finger In Coconut Curry) Recipe,0.0
1516,बंगाली आलू दम रेसिपी - Bengali Aloo Dum Recipe,0.0
1519,Idli Dosa Milagai Podi Recipe - South Indian Chilli Chutney Powder,0.0
16177,Besan Arbi Roast Recipe - Spicy Colocasia Stir Fry,0.0
16176,Stuffed Mooli Paneer Paratha Recipe,0.0
1520,Ragi & Whole Wheat Halwa Recipe - Finger Millet Pudding,0.0
16174,Maharashtrian Takatla Palak Recipe - Spinach Peanut Buttermilk Curry,0.0
1521,Ragi And Dill Nippattu Recipe,0.0
16172,Vazhakkai Podimas Recipe (Ayurvedic Recipe With No Onion No Garlic),0.0
16169,Bharwa Karela Masala Recipe,0.0
16168,Soft & Delicious Ragi Mudde Recipe - Karnataka Style Ragi Balls,0.0
16167,"Hyderabadi Bagare Tamatar (Spiced, Tossed Tomato Curry)",0.0
1528,केसर पिलाफ रेसिपी - Saffron Pilaf Recipe,0.0
16165,Chettinad Style Nattu Kozhi Varuval Recipe,0.0
1531,थक्काली रसम रेसिपी - Thakkali Rasam Recipe,0.0
1289,Kerala Style Tapioca with Coconut Curd Chutney Recipe,0.0
16602,केरला कडला करी रेसिपी - Kerala Kadala Curry (Recipe In Hindi),0.0
1058,Karnataka Style Harive Soppu Bendi Recipe (Amaranth Leaves Cooked in Coconut Broth),0.0
17015,Pink Dragon Fruit Kesari Recipe (Sooji Halwa with Dragon fruit),0.0
17008,Motichoor Modak Recipe,0.0
17009,Sweet Boondi / Meethi Boondi Recipe,0.0
17010,Dry Fruits Suzhiyam (Boorelu) With Black Rice Recipe,0.0
17011,अवधी खट्टी अरबी का सालन रेसिपी - Awadhi Style Khatti Arbi Ka Salan (Recipe In Hindi),0.0
17013,Honeycomb Toffee | Cinder Toffee Recipe,0.0
17014,Nagli/Ragi Laddu Recipe,0.0
17016,Avocado Ada Pradhaman Recipe (With Vegan Option),0.0
17025,Paal Kozhukattai Recipe,0.0
1152,Perum Payaru Theeyal Recipe (Kerala Style Black Eyed Bean Curry),0.0
17019,खट्टा मीठा लौकी करी रेसिपी - Tangy and Sweet Bottle Gourd Curry (Recipe In Hindi),0.0
17020,Nolen Gurer Payesh Recipe,0.0
17021,Kothamalli Thovayal Recipe (Dry Coriander Leaves Chutney),0.0
17022,नादन टमाटर करी रेसिपी - Kerala Style Nadan Tomato Curry Recipe (Recipe In Hindi),0.0
17023,ओरिया घंटे तरकारी रेसिपी - Oriya Style Mixed Vegetables Curry (Recipe In Hindi),0.0
17005,छोले मसाला रेसिपी - Dry Masala Chickpeas (Recipe In Hindi),0.0
17004,Manda Pitha Recipe (Odiya Style Modak),0.0
17003,केरला टमाटर फ्राई रेसिपी - Kerala Tomato Fry (Recipe In Hindi),0.0
17002,Gulab Jamun Bread Pudding Recipe,0.0
17001,तमिल नाडु स्टाइल ब्रोकली पोरियल रेसिपी - Broccoli Stir Fry (Recipe In Hindi),0.0
17000,तमिल नाडु स्टाइल सोरकई पोरियल - Spicy Dry Bottle Gourd (Recipe In Hindi),0.0
16999,Bhapa Ilish Recipe (Steamed Hilsa),0.0
16998,Narkoler Chance Recipe (Bengali Style Coconut Block),0.0
16997,अवधी स्टाइल करेले का दुलमा रेसिपी - Stuffed Bitter Gourd Simmered In Yogurt Gravy (Recipe In Hindi),0.0
16996,नवरतन कोरमा (सूखा) रेसिपी - Dry Navratan Korma (Recipe In Hindi),0.0
16994,Karnataka Style Badnekayi Mosaru Gojju Recipe,0.0
16993,Vazhaithandu Mor Kootu Recipe (Tamil Nadu Style Banana Stem Recipe),0.0
16991,Karnataka Style Southekayi Seppe Chutney Recipe (Mangalore Cucumber Peel Chutney Recipe),0.0
16990,Brahmi Chutney Recipe,0.0
16989,Carrot and Cucumber Thalipeeth Recipe,0.0
16988,Watermelon Seeds And Pumpkin Seeds Podi Recipe,0.0
1157,Rumali Roti Recipe,0.0
17024,कलौंजी वाली आलू गोभी की सब्ज़ी रेसिपी - Cauliflower & Potato Stir Fry with Nigella Seeds (Recipe In Hindi),0.0
17026,Kaacha Gola Recipe (Bengali Sweet Cottage Cheese Balls),0.0
16984,Quick Prawn Tikka Masala Recipe,0.0
1132,Konkani Style Vaingana Kaap Recipe - Shallow Fried Eggplant With Semolina,0.0
17054,Urulaikizhangu Puli Thokku Recipe (South Indian Style Potatoes with Tamarind),0.0
17055,Mashed Peas Recipe,0.0
1140,Quick Beetroot Pulao Recipe,0.0
17060,Khatta Meetha Petha Recipe (Yellow Pumpkin Sabzi),0.0
1134,Stuffed Makai Paratha Recipe (Corn & Coriander Stuffed Flat Bread),0.0
17063,Kothamalli Thogayal Recipe | Coriander Leaves Chutney,0.0
17065,Assamese Sweet Kordoi Recipe,0.0
17027,Bhaja Pithe Recipe,0.0
17066,पोटाला रसा रेसिपी - Oriya Style Parval Sabzi (Recipe In Hindi),0.0
17067,कश्मीरी वेठ चमन रेसिपी - Paneer in Yogurt Tomato Curry (Recipe In Hindi),0.0
17069,अंकुरित दालो की सब्ज़ी रेसिपी - Mixed Sprouts Sabzi (Recipe In Hindi),0.0
17070,Assamese Bilahir Tok Recipe,0.0
17071,Sakkare Achhu Recipe (Festive Sugar Figurines),0.0
17072,Sajjappa Recipe (Stuffed Sweetened Coconut Pastry),0.0
17046,Kerala Pumpkin Pachadi Recipe (Parangikai Pachadi),0.0
17045,Thai Jasmine Sticky Rice Recipe,0.0
17044,खट्टी कद्दू की सब्ज़ी रेसिपी - Tangy Tamarind Pumpkin Curry (Recipe In Hindi),0.0
17043,शकरकंदी और करेला कुलंबु रेसिपी - Sweet Potato And Bitter Gourd Kulambu (Recipe In Hindi),0.0
17040,Maharashtrian Kalanyachi Bhakri Recipe With Groundnut Chutney,0.0
17039,Nolen Chawal Bhog Recipe (Rice Pudding With Nolen Jaggery),0.0
17038,Murmura Jaggery Laddu/ Pori Urundai Recipe,0.0
17037,Uttarakhand Style Singhal Recipe,0.0
17036,Sakkare Millet Pongal Recipe,0.0
17035,Suji Manda Pitha/Sweetened Coconut Stuffed Semolina Dumplings Recipe,0.0
17034,Patishapta Recipe (Rice Crepe),0.0
17033,Chaler Payesh Recipe (Bengali Style Rice Pudding),0.0
17032,Instant Palkova Recipe (Milk Based Sweet Recipe),0.0
17031,Goan Sweet Khatkhati Recipe (Coconut Candy),0.0
17030,व्रत वाले आलू पनीर रेसिपी - Potato Paneer Curry Without Onion And Garlic Recipe (Recipe In Hindi),0.0
17029,मेथी की सब्ज़ी रेसिपी - Methi Leaves Curry (Recipe In Hindi ),0.0
17028,Easy Vegan Date Roll Recipe,0.0
16986,Chettinad Inippu Seeyam Recipe,0.0
16983,Hyderabadi Double Ka Meetha Recipe (Traditional Indian Bread Pudding),0.0
17074,भरमा कटहल की सब्ज़ी रेसिपी - Stuffed Jackfruit Curry (Recipe In Hindi),0.0
16939,Grilled Cherry Tomato Pickle Recipe,0.0
16930,Kesar Elaichi Shrikand Recipe,0.0
16933,Thandai Mousse Recipe,0.0
16934,Andhra Style Karivepaku Pachadi Recipe (Curry Leaf Chutney Recipe),0.0
16936,Godhi Chutney Podi Recipe (Wheat Germ South Indian Spice Powder),0.0
1180,Dry Fruit Ghughra/Gujiya Recipe (Pastry Crust Pockets Filled With Dry Fruits),0.0
1177,Instant Sooji Oats Dhokla Recipe - Steamed Semolina & Oats Dhokla,0.0
16940,Rajasthani Khoya Matar Sabzi Recipe,0.0
16948,शकरकंदी की सब्ज़ी रेसिपी - Sweet Potato Sabzi (Recipe In Hindi),0.0
1176,Murungai Keerai Sambar Recipe - Drumstick Leaves Sambar,0.0
16942,Rajasthani Khooba Roti Recipe,0.0
16943,Rajasthani Korma Roti Recipe,0.0
16944,Spiced Khooba Roti (Rajasthani Pinched Flatbread Recipe),0.0
16945,Rajasthani Dal Baaple Churma Recipe,0.0
16946,Rajasthani Dana Methi & Papad Ka Saag Recipe,0.0
16929,Assamese Style Dil Pasand Recipe,0.0
16928,Kaanole Recipe (Maharashtrian Steamed Wheat Flour Sweet),0.0
16927,Assamese Bhendir Sorsori Recipe (Okra In Mustard Sauce),0.0
16926,Peanut Garlic Chutney Powder Recipe,0.0
1182,Kesar Pista Kulfi Recipe,0.0
16924,Buckwheat Dosa Recipe,0.0
16923,Healthy Spinach Idli Recipe (Steamed Spinach Savory Cake),0.0
16922,Oats And Spinach Pongal Recipe,0.0
16921,पनीर भरमा भिन्डी रेसिपी - Stuffed Bhindi With Paneer (Recipe In Hindi),0.0
16920,Doodanche Fov Recipe (Goan Style Milk Beaten Rice/Poha In Milk),0.0
16919,Traditional Steamed Modak Recipe (Ukadiche Modak With Rice flour),0.0
16918,Bengali Chirer Payesh / Poha Pudding Recipe With Nolen Gur,0.0
16917,Bengali Bhapa Doi Recipe,0.0
16916,Aval Puttu Recipe,0.0
1184,Thandai Recipe - Spiced Festival Drink With Saffron And Dry Fruits,0.0
16914,Royal Bread Gulab Jamun Recipe,0.0
16912,पोरीचा कोरम्बुरेसिपी - Poricha Kuzhambu Tamil Nadu Style Mixed Vegetables and Lentil Stew (Recipe In Hindi),0.0
16947,Rajasthani Govind Gatta Curry Recipe,0.0
16949,आमला गवार फली की सब्ज़ी रेसिपी - Crispy Amla Gawar Phali Sabzi (Recipe In Hindi),0.0
16982,Karantaka Style Seke Undlaka/ Undlige Recipe (Mini steamed sweet dumplings Recipe),0.0
16974,महाराष्ट्रियन आलू भूजने रेसिपी - Potato Stir Fry (Recipe In Hindi),0.0
16968,Vendakkai-Vazhakkai Mor Kuzhambu Recipe (Tamil Nadu Style Lady's Finger & Raw Banana Curry),0.0
16969,Khatte Baingan Recipe,0.0
1165,Puliyodharai / Puliyogare Recipe (Spicy Tamarind Rice) with Pulikachal,0.0
16971,Uttarakhand Mooli Thechua Recipe (Radish Salad),0.0
1164,Mushroom Poha Cutlets Recipe,0.0
16973,Dibba Rotti/Minapa Rotti Recipe (Pan Idli Recipe),0.0
16975,Curd Rice Recipe With Mint Flavour,0.0
16950,बिना प्याज लहसुन वाली लोबिया की सब्ज़ी रेसिपी - No Onion No Garlic Black Eyed Beans Curry (Recipe In Hindi),0.0
16976,Traditional Anarsa Recipe With Curd (Apoopa),0.0
16977,Rava Puttu Recipe,0.0
16978,Sundakkai (Turkey Berries) Raita Recipe,0.0
1162,Pavakkai Poriyal Recipe - Karela Ki Sabzi,0.0
16980,Pineapple Mawa Delight Recipe,0.0
16981,Palak Baingan Ki Sabzi Recipe (Spinach Eggplant Stir Fry),0.0
16967,Potlakaya Perugu Pachadi Recipe (Curd and Snake Gourd Chutney),0.0
16966,Rava Kakdi Thalipeeth Recipe (Maharashtrian Style Semolina-Cucumber Flatbread),0.0
16965,Sweet Boondi Halwa Recipe,0.0
16964,Chocolaty Fulzadi Recipe (Diwali Chocolate Sparklers),0.0
16963,Athirasam Recipe (A Traditional South Indian Diwali Sweet),0.0
16962,गाजर मेथी की सब्ज़ी रेसिपी - Carrot Fenugreek Leaves Stir Fry (Recipe In Hindi),0.0
16961,ढाबा स्टाइल दाल फ्राई रेसिपी - Dhaba Style Dal Fry (Recipe In Hindi),0.0
16960,मक्के और प्याज का रायता रेसिपी - Corn And Onion Raita (Recipe In Hindi),0.0
1171,Paneer in White Gravy Recipe - No Onion No Garlic Recipe,0.0
16958,Oats Ven Pongal Recipe,0.0
16957,Oats Sakkarai Pongal Recipe,0.0
16956,बिना प्याज लहसुन के कच्चे टमाटर की सब्ज़ी रेसिपी - No Onion No Garlic Raw Tomato Sabzi (Recipe In Hindi),0.0
1173,Matar Besan And Paneer Cheela Recipe -Green Peas & Paneer Crepes,0.0
16954,गाजर मेथी पचड़ी रेसिपी - Carrot Methi Pachadi (Recipe In Hindi),0.0
16953,खट्टे पुदीने वाले आलू रेसिपी - Tangy Mint Potatoes (Recipe In Hindi),0.0
16952,काली मिर्च वाली गोभी रेसिपी - Pepper Cauliflower (Recipe In Hindi),0.0
16951,हरे धनिए की सब्ज़ी रेसिपी - Coriander Leaves Dry Curry (Recipe In Hindi),0.0
17073,कश्मीरी दम मोंजी रेसिपी - Knol Khol in Yogurt (Recipe In Hindi),0.0
17075,ढिंगरी डोलमा रेसिपी - Dhingri Dolma (Recipe In Hindi),0.0
16603,लाल मिर्च थेचा रेसिपी - Red Chilli Thecha (Recipe In Hindi),0.0
17182,गोअन स्टाइल ब्रिंजल भरता रेसिपी - Goan Style Brinjal Bharta (Recipe In Hindi),0.0
1074,Agathi Keerai Recipe,0.0
17177,अजवाइन टमाटर भिंडी रेसिपी - Ajwaini Tamatar Bhindi (Recipe In Hindi),0.0
17178,भरवा करेला मसाला रेसिपी - Bharwa Karela Masala (Recipe In Hindi),0.0
17179,मटर मशरुम करी रेसिपी - Matar Mushroom Curry (Recipe In Hindi),0.0
17180,Sabsige Soppina Idli Recipe (Dill Leaves Idli),0.0
17181,पत्ता गोभी और गाजर का थोरन रेसिपी - Cabbage And Carrot Thoran (Recipe In Hindi),0.0
17183,Huruli Kaalu Chutney Pudi Recipe (Horse Gram Chutney Podi),0.0
1071,Karwar Style Dali Thoy Recipe - Toor dal Curry,0.0
17184,गाजर का हलवा रेसिपी - Gajar Ka Halwa (Recipe In Hindi),0.0
17185,जैन स्टाइल कॉर्न पालक - Jain Style Corn Palak (Recipe In Hindi),0.0
17186,कसूरी मेथी पनीर की सब्ज़ी रेसिपी - Kasuri Methi Paneer Sabzi (Recipe In Hindi),0.0
17189,बेसन लड्डू रेसिपी - Besan Ladoo (Recipe In Hindi),0.0
17190,गेहूं का हलवा रेसिपी - Gehun Ka Halwa (Recipe In Hindi),0.0
17191,अमृतसरी छोले रेसिपी - White Chickpeas In Spicy Gravy (Recipe In Hindi),0.0
17175,मूली की सब्ज़ी रेसिपी - Mooli Ki Sabzi (Recipe In Hindi),0.0
17174,पंजाबी स्टाइल अरबी की सब्ज़ी रेसिपी - Punjabi Style Arbi (Recipe In Hindi),0.0
17173,गुलाब गुलकंद फिरनी रेसिपी - Rose Gulkand Phirni (Recipe In Hindi),0.0
17172,गाजर सूजी की फिरनी रेसिपी - Carrot Semolina Phirni (Recipe In Hindi),0.0
17169,दम अरबी सब्जी रेसिपी - Dum Arbi (Recipe In Hindi),0.0
17168,दाल पालक रेसिपी - Dal Palak (Recipe In Hindi),0.0
17167,सब्जी वाली रवा इडली रेसिपी - Veggie Rava Idli (Recipe In Hindi),0.0
17166,दही वाली भिन्डी रेसिपी - Dahi Bhindi (Recipe In Hindi),0.0
17165,Milagu Kozhambu Recipe,0.0
1084,Palak Paratha Recipe-Spiced Spinach Flatbread,0.0
17163,कढ़ाई मशरुम रेसिपी - Kadai Mushroom (Recipe In Hindi),0.0
1086,Butter Garlic Naan Recipe - Garlic Flavoured Flatbread,0.0
17161,शिमला मिर्च उसिली रेसिपी - Tamil Nadu Style Capsicum With Lentils Spice Mix (Recipe In Hindi),0.0
17160,कच्चे केले का थोरन रेसिपी - Raw Banana Thoran (Recipe In Hindi),0.0
17159,बैंगन और शिमला मिर्च की सब्ज़ी रेसिपी - Brinjal Capsicum Sabji (Recipe In Hindi),0.0
17158,फूल गोभी का थोरन रेसिपी - Kerala Style Cauliflower (Recipe In Hindi),0.0
17157,हरे टमाटर की सब्ज़ी रेसिपी - No Onion No Garlic Raw Tomato Curry (Recipe In Hindi),0.0
17192,गोभी और लाल शिमला मिर्च की सब्ज़ी रेसिपी - Cauliflower And Red Bell Pepper Stir Fry (Recipe In Hindi),0.0
17194,Bengali Bhetki Macher Paturi Recipe (Barramundi Fish Wrapped in Banana Leaf),0.0
17155,राजमा सागवाला रेसिपी - Dry Kidney Beans And Spinach Stir Fry (Recipe In Hindi),0.0
17220,Pista Sandesh Recipe,0.0
17214,पनीर मखनी रेसिपी - Paneer Makhani (Recipe In Hindi),0.0
17215,सुखी दही वाली लौकी रेसिपी - Yogurt Based Bottle Gourd Sabzi (Recipe In Hindi),0.0
17216,Sandah Guri Recipe (Assamese Roasted Rice Flour Porridge),0.0
17217,अचारी आलू रेसिपी - Potato Achari (Recipe In Hindi),0.0
17218,"Turmeric, Ginger And Chilli Pickle Recipe",0.0
17219,Hibiscus (Chembaruthi) Neer Dosa Recipe,0.0
17221,Kiwi Sondesh Recipe,0.0
17195,Calamari Roast Recipe (Kerala Style Squid),0.0
17222,लहसुन की खीर रेसिपी - Garlic Kheer (Recipe In Hindi),0.0
17223,Kayi Saasive Chitranna Recipe,0.0
17224,Menthya Dose (Dosa Recipe With Methi Leaves),0.0
17225,Protein Rich Soy Dosa Recipe,0.0
17226,Kerala Style Banana Dosa Recipe,0.0
17227,North Arcot Special Thavalai Dosai Recipe,0.0
17213,No Onion No Garlic Raw Tomato Sabzi Recipe,0.0
17212,काला चना मसाला रेसिपी - Black Chana Masala (Recipe In Hindi),0.0
17211,तवा पराठा रेसिपी - Tawa Paratha (Recipe in Hindi),0.0
17210,गुजराती दाल रेसिपी - Gujarati Dal (Recipe In Hindi),0.0
17209,टमाटर रसम रेसिपी - Tomato Rasam (Recipe In Hindi),0.0
17208,Apple Cinnamon Modak Recipe,0.0
17207,कर्नाटक स्टाइल पालक दाल या पालक तोव्वे रेसिपी- Palak Dal (Recipe In Hindi),0.0
17206,मसाला रोटी रेसिपी - Masala Roti (Recipe in Hindi),0.0
17205,South Indian Coconut Chutney Recipe With Coconut Water,0.0
17204,केला अनार रायता रेसिपी - Kela Anar Raita (Recipe In Hindi),0.0
17203,केरला स्टाइल बीटरूट पछडी रेसिपी - Kerala Style Beetroot Pachadi (Recipe In Hindi),0.0
17202,मोतीचूर मोदक रेसिपी - Motichoor Modak (Recipe In Hindi),0.0
17201,बादाम हलवा रेसिपी - Badam Halwa (Recipe In Hindi),0.0
1060,Seppakizhangu Roast (South Indian Style Arbi Fry) Recipe,0.0
1061,Chow Chow Poricha Kootu Recipe,0.0
17197,चकुंदर और गाजर का रायता रेसिपी - Beetroot Carrot Raita (Recipe In Hindi),0.0
17196,बेसन और मिर्च की सब्ज़ी रेसिपी - Besan Aur Mirch Ki Sabzi (Recipe In Hindi),0.0
17156,बीटरूट थोरन रेसिपी - Beetroot Thoran (Recipe In Hindi),0.0
17154,पनीर दो प्याज़ा रेसिपी - Paneer Do Pyaza (Recipe In Hindi),0.0
17076,पंजाबी मसाला लोबिया की सब्ज़ी रेसिपी - Black Eyed Peas Masala (Recipe In Hindi),0.0
17102,बैंगन मुसल्लम रेसिपी - Mughlai Style Eggplant Simmered In Rich Tomato Curry (Recipe In Hindi),0.0
17096,Karonde & Mirchi Ki Sabji Recipe (An Instant Pickle with Seasonal Indian Berries),0.0
17097,Quick Indian Style Ginger Pickle Recipe,0.0
17098,Shalgam Gajar Aur Gobhi Ka Achar Recipe,0.0
1117,Kalyana Veetu Senai Curry Recipe - South Indian Spicy Roasted Yam,0.0
17100,Kesar Shahi Tukda With Rabdi Recipe (Saffron Bread Pudding With Spiced Milk Custard),0.0
17101,केरल आलू थियल रेसिपी - Kerala Style Potatoes In Shallots And Roasted Coconut (Recipe In Hindi),0.0
1114,Muttai Podimas Recipe - Chettinad Egg Scramble,0.0
17116,Kheer Puli Pitha | Bengali Pitha Recipe,0.0
17108,पाल कट्टी चेट्टिनाड करी रेसिपी - Chettinad Style Paneer Kurma (Recipe In Hindi),0.0
17109,चिल्ली मिली रेसिपी - Veg Chilli Milli (Recipe In Hindi),0.0
17110,Kalkandu (Kallusakkare) Pongal Recipe | Rice Pudding with Rock Candy,0.0
17111,Instant Chilli Pickle Recipe,0.0
1103,Mushroom Thoran Recipe - Kerala Style Mushroom Sabzi,0.0
17113,Til Ke Laddu Recipe (Sesame Seeds Laddu Recipe),0.0
1119,Rice With Quinoa Recipe- Pressure Cooker Method,0.0
17093,Goan Prawns Balchao Recipe (Prawns Pickle),0.0
1120,Milagu Kozhambu Recipe,0.0
17091,Instant Mixed Vegetable Pickle Recipe,0.0
17090,Kandarappam Recipe (Chettinad Sweet Appam),0.0
17089,Beetroot and Fig Chutney Recipe,0.0
17088,Gil-E-Firdaus Recipe (Kesar Phirni),0.0
17087,Mahali Kizhangu Thayir Urugaai Recipe (Mahali Root Curd Pickle),0.0
17086,Akkravadisal Recipe (Rice Milk Pudding),0.0
1122,Bengali Bhindi Doi Posto Recipe,0.0
17084,शकरकंदी और नीम के पत्तो की सब्ज़ी रेसिपी - Sweet Potato & Neem Leaves Vegetable Curry (Recipe In Hindi),0.0
17083,Sweet Potato & Neem Leaves Vegetable Curry Recipe,0.0
1128,Gujarati Methi Na Dhebra Recipe,0.0
1130,Tamil Nadu Style Ulundhu Kuzhambu Recipe - Black Lentil Curry,0.0
17080,Mustard Green Chilli Pickle Recipe,0.0
17079,Karjikai (Karnataka Style Deep Fried Sweet Pastry Recipe),0.0
17077,Chettinad Kavuni Arisi Sweet Recipe (Black Rice Pudding),0.0
17115,Instant Garlic Pickle Recipe,0.0
17117,KhiraSaku ( Odiya Style Rice Pan Cake) Recipe,0.0
17153,चना दाल और मेथी की सब्ज़ी रेसिपी - Chana Dal & Methi Ki Sabzi (Recipe In Hindi),0.0
17145,Bonda Mor Kuzhambu Recipe,0.0
17138,गुजराती टिंडोरा नु शाक रेसिपी - Khatti Meethi Tinda Recipe (Recipe In Hindi),0.0
17139,Andi Unda (Kerala Special Cashew & Rice Balls) Recipe,0.0
17140,"Methi, Mooli Makkai Paratha Recipe",0.0
17141,Satori Recipe (Maharashtrian Mawa Flat Bread),0.0
17142,Mirchi Lahsun Ka Chunda Recipe (Chilli Garlic Chunda),0.0
17144,Capsicum Thokku Recipe,0.0
17146,Doi Begun Recipe (Bengali Style Fried Eggplant In Curd Gravy),0.0
17118,Aam Papad Recipe (Tasty Mango Bars),0.0
1087,Savory Shrimps On Skillet Recipe,0.0
17148,Milagu Ven Pongal Recipe Made With Figaro Olive Oil,0.0
17149,जुन्का रेसिपी - Spicy Gram Flour Sabzi (Recipe In Hindi),0.0
17150,ओटमील डोसा रेसिपी - Savoury Oatmeal Breakfast Crepes (Recipe In Hindi),0.0
17151,ब्रोकली पनीर और मूंगफली मसाला रेसिपी - Broccoli Paneer And Peanut Masala (Recipe In Hindi),0.0
17152,Beetroot Chutney Recipe,0.0
17137,बंगाली आलू झिंगे पोश्तो करी रेसिपी - Bengali Aloo Jhinge Posto Curry (Recipe In Hindi)),0.0
17136,आलू पालक की सब्ज़ी रेसिपी - Sautéed Potatoes With Spinach (Recipe In Hindi),0.0
1092,Beetroot Tambuli Recipe,0.0
17134,Andhra Style Pappulo Undrallu Recipe,0.0
17132,Karnataka Style Haalbai Recipe,0.0
17131,Gulkand Kala Jamun Recipe,0.0
17130,Singhade Ka Achaar Recipe (Water Chestnut Pickle),0.0
17129,Instant Red Chilli Pickle Recipe,0.0
17128,Guilt Free Coconut Barfi Recipe,0.0
17127,Besan Ke Laddu Recipe,0.0
17126,Surti Obbattu Recipe - Fruit & Nut Pooris In Saffron Milk,0.0
17124,Pineapple And Semolina Sheera Recipe,0.0
17123,South Indian Vazhakkai Puli Kootu Recipe (Plantain In Tamarind Based Curry),0.0
17122,मेँथीआ कीरै परुप्पू उसिलि रेसिपी - Steamed Lentil Crumbled With Fenugreek Leaves (Recipe In Hindi),0.0
17121,Khajoor Imli Ki Chutney With Panch Phoran Masala Recipe,0.0
1096,Pumpkin Erissery Recipe - Kerala Pumpkin Coconut Curry,0.0
17119,Shakkarkandi ke Laddu | Sweet Potato Laddu Recipe,0.0
16911,Quinoa Phirnee Recipe (Quinoa Milk Pudding),0.0
16910,Green Chilli Pickle Recipe (Gujarati Raiwala Marcha),0.0
16909,Nellikai Oorugai/Amla Sambhariyo Recipe (Instant Gooseberry Pickle Recipe),0.0
16711,शिमला मिर्च मसाला पोरियल रेसिपी - Capsicum Masala Poriyal (Recipe In Hindi),0.0
16705,Thengai Sadam Recipe (A Quick and Healthy Coconut Rice),0.0
16706,सेनाइ पचड़ी रेसिपी - Elephant Yam Raita (Recipe In Hindi),0.0
16707,गाजर संतरा अखरोट रायता रेसिपी - Carrot Orange Walnut Raita (Recipe In Hindi),0.0
16708,Lehsuni Pudina Chutney Recipe,0.0
16709,परुप्पू रसम रेसिपी - Paruppu Rasam (Recipe In Hindi),0.0
16710,मिलागु रसम रेसिपी - Village Style Pepper Rasam (Recipe In Hindi),0.0
16712,मूली के पत्तो का पोरियल रेसिपी - South Indian Style Radish Greens Stir Fry (Recipe In Hindi),0.0
16720,भरवा लौकी रेसिपी - Bharwa Lauki (Recipe In Hindi),0.0
16713,ब्रोकली और आलू पोरियल रेसिपी - Broccoli And Aloo Poriyal Recipe (Recipe In Hindi),0.0
16714,बीटरूट पोरियल रेसिपी - Beetroot Poriyal (Recipe In Hindi),0.0
16715,अमरंथ कीरई पोरियल रेसिपी - South Indian Amaranth Stir Fry (Recipe In Hindi),0.0
16716,स्वीट कॉर्न पोरियल - Sweet Corn Poriyal (Recipe In Hindi),0.0
16717,Sweet and Sour Mangalore Cucumber Chutney Recipe,0.0
16718,चमन कालिया रेसिपी - Chaman Qaliya (Recipe In Hindi),0.0
16704,Methi Thalipeeth Recipe (Fresh Fenugreek Leaves Flat Bread),0.0
16703,छोटो आलूर दम रेसिपी - Choto Aloor Dum (Recipe In Hindi),0.0
16702,Bajra & Dal Cheela Recipe (Spicy Pearl Millet & Lentil Crepe Recipe),0.0
1248,Turmeric Milk Recipe - Haldi Doodh / Golden Milk,0.0
16700,Beetroot Thoran Recipe,0.0
16699,तिल और मूंगफली वाले आलू रेसिपी - Sesame Peanut Potato (Recipe In Hindi),0.0
16698,मूंग दाल तड़का रेसिपी - Moong Dal Tadka (Recipe In Hindi),0.0
16697,वेपम पु रसम रेसिपी - Neem Flower Rasam (Recipe In Hindi),0.0
16694,Vendakkai Poriyal Recipe (South Indian Style Okra Stir Fry Spiced With Sambar Powder),0.0
16693,Papitha Nu Shaak Recipe (Raw Green Papaya Sabzi),0.0
1250,Andhra Style Aratikaya Vepudu Recipe - Raw Banana Dry Sabzi,0.0
16690,दनयाचि आमटी रेसिपी - Maharashtrian Style Groundnut Curry (Recipe In Hindi),0.0
16689,केरला स्टाइल वेदक्कै उप्पादन रेसिपी - Okra Curry Without Coconut (Recipe In Hindi),0.0
16688,आंध्रा चमा डम्पा पुलुसु रेसिपी - Arbi With Sesame Tamarind Sauce (Recipe In Hindi),0.0
16687,वांगी भात रेसिपी - Vaangi Bhaat (Recipe In Hindi),0.0
16686,वेपमपू राइस रेसिपी - Dried Neem Flower Flavoured Rice (Recipe In Hindi),0.0
1263,Carrot Cauliflower Peas Sabzi Recipe - Gajar Gobi Matar Sabzi,0.0
16719,मुलाकुतल रेसिपी - Vegetables In Coconut Gravy (Recipe in Hindi),0.0
1247,Ragi Rava Idli Recipe - Steamed High Protein Finger Millet Idli,0.0
16683,लेमनग्रास कोकोनट राइस रेसिपी - Lemongrass Coconut Rice (Recipe In Hindi),0.0
16748,कोंकणी स्टाइल मूगा घुशी रेसिपी - Konkani Style Mooga Ghushi (Recipe In Hindi),0.0
16741,सेहतमंद मेथी मलाई मटर रेसिपी - Methi Matar Malai (Recipe In Hindi),0.0
16742,साग टोफू रेसिपी - Saag Tofu (Recipe In Hindi),0.0
16743,पनीर कालीमिर्च रेसिपी - Paneer Kalimirch (Recipe In Hindi),0.0
16744,Rajasthani Style Safed Maas Recipe,0.0
16746,बेबी कॉर्न और शिमला मिर्च मसाला रेसिपी - Baby Corn Capsicum Masala (Recipe In Hindi),0.0
16747,पालक मखाना रेसिपी - Palak Makhana (Recipe in Hindi),0.0
16749,Thinai Thakkali Sadam Recipe (Foxtail Millet Tomato Rice),0.0
16722,Bengali Posto Bhat Recipe (Poppy Seed Rice),0.0
16750,करेला पोरियल रेसिपी - Pavakkai Poriyal Recipe (Recipe In Hindi),0.0
16751,हरियाली पनीर टिक्का मसाला रेसिपी - Hariyali Paneer Tikka Masala Gravy (Recipe In Hindi),0.0
16752,सौंफ वाली हरी गोबी सब्ज़ी रेसिपी - Saunf Wali Hari Gobi Sabzi (Recipe In Hindi),0.0
1238,Begun Basanti Recipe - Eggplant In Mustard Yogurt Curry,0.0
16754,Masala Jowar Methi Roti Recipe,0.0
16755,मूगा गाथि रेसिपी - Mooga Gathi (Recipe In Hindi),0.0
16740,पालक पनीर रेसिपी - Palak Paneer (Recipe In Hindi),0.0
16739,केरला अवियल रेसिपी - Kerala Avial (Recipe In Hindi),0.0
16738,मटर पनीर रेसिपी - Matar Paneer (Recipe In Hindi),0.0
16737,साउथ इंडियन स्टाइल वेजिटेबल कुरमा रेसिपी - Vegetable Kurma (Recipe In Hindi),0.0
16736,आलू बैंगन की सब्ज़ी रेसिपी - Aloo Baingan Ki Sabzi (Recipe In Hindi),0.0
16735,बटाटा नु शाक रेसिपी - Batata Nu Shaak (Recipe In Hindi),0.0
16734,आलू दम - Aloo Dum (Recipe In Hindi),0.0
16733,लौकी चना दाल रेसिपी - Lauki Chana Dal (Recipe In Hindi),0.0
16732,अमृतसरी अजवाइनी पनीर रेसिपी - Amritsari Ajwaini Paneer (Recipe In Hindi),0.0
1239,बीन्स करम रेसिपी - Beans Curry (Recipe In Hindi),0.0
16730,Chewy Pumpkin Seed Chikki Recipe,0.0
16729,लौकी टमाटर की सब्ज़ी रेसिपी - Lauki Tamatar Ki Sabzi (Recipe In Hindi),0.0
16728,सफ़ेद अचारी बैंगन रेसिपी - Safed Achari Baingan (Recipe In Hindi),0.0
16727,पालक छोले रेसिपी - Palak Chole (Recipe In Hindi),0.0
1240,इमली चिल्ली आलू रेसिपी - Tamarind Chilli Potato Recipe,0.0
1245,Gujarati Kadhi Recipe - Sweet And Spicy Gujarati Kadhi,0.0
16723,Mooli Aur Kaccha Kela Kofta Recipe (Grated Radish And Raw Banana Dumplings In Gravy),0.0
1266,Pineapple Cucumber Salad Recipe With Lemon Dressing,0.0
16682,Uttarakhand Style Black Gram Chainsoo Recipe,0.0
16908,Instant Lemon Pickle Recipe,0.0
16633,ब्रोकली अंडे की भुर्जी रेसिपी - Broccoli Egg Bhurji (Recipe In Hindi),0.0
1284,काथीरीकइ गोथ्सु रेसिपी - Kathirikai Gotsu Recipe,0.0
16625,अंडा करी रेसिपी - Quick And Simple Egg Curry (Recipe In Hindi),0.0
1283,चकुंदर पनीर करी रेसिपी - Beetroot Paneer Curry Recipe In Coconut Milk,0.0
16628,Muttai Parotta Recipe ( Ande Ka Paratha / Egg Filled Flat Bread),0.0
1281,बांदे दिन्दु कडले पाल्या रेसिपी - Banana Stem Chickpea Curry,0.0
1280,Avarekalu Kadubu Recipe (Hyacinth Beans Steamed Dumplings),0.0
16634,अंडे और तुरई की भुर्जी रेसिपी - Egg And Ridge Gourd Burji (Recipe In Hindi),0.0
16643,गोअन एग ड्राप करी रेसिपी - Goan Egg Drop Curry (Recipe In Hindi),0.0
1279,Khajur Satori Recipe (Dates Flatbread),0.0
16636,सरसो वाली एग करीरेसिपी - Mustard Egg Curry Recipe (Recipe In Hindi),0.0
16637,बंगाली अंडे की सब्ज़ी रेसिपी - Bengali Egg Curry (Recipe In Hindi),0.0
1277,Andhra Gongura Pachadi Recipe - Andhra Style Sorrel Leaves Chutney,0.0
16639,धनिये वाली अंडे की सब्ज़ी रेसिपी - Coriander Egg Curry (Recipe In Hindi),0.0
16641,सुखी मूंग पालक दाल रेसिपी - Sookhi Moong Palak Dal (Recipe In Hindi),0.0
16622,Goan Style Tallyanche Hooman Recipe (Sardine Curry),0.0
16621,आंध्रा स्टाइल टमाटी पचड़ी रेसिपी - Andhra Style Tamati Pachadi (Recipe In Hindi),0.0
16620,Mixed Vegetable Poricha Kootu Recipe (Steamed Vegetable in Coconut and Lentil Curry),0.0
16618,Kara Sevai Recipe (Lemon Vermicelli),0.0
16617,Matar Poha Recipe (Flattened Rice Stir Fry with Green Peas),0.0
16616,Sweet Ulundhu Kanji Recipe | Urad Dal Porridge,0.0
1287,Maharashtrian Anarsa Recipe,0.0
16614,केल्याची भाजी रेसिपी - Raw Banana Stir Fry (Recipe In Hindi),0.0
16613,गोबी बिरयानी रेसिपी - Gobi Biryani (Recipe In Hindi),0.0
16612,पालक पनीर पराठा रेसिपी - Palak Paneer Paratha (Recipe In Hindi),0.0
16610,काया थोली थोरन रेसिपी - Raw Banana Thoran (Recipe In Hindi),0.0
16609,तुरई पचड़ी रेसिपी - Ridge Gourd Pachadi (Recipe In Hindi),0.0
16608,खट्टी मीठी टमाटर की चटनी रेसिपी - Sweet and Spicy Tomato Chutney (Recipe In Hindi),0.0
16607,अदरक अखरोट चटनी रेसिपी - Ginger Walnut Chutney (Recipe In Hindi),0.0
16606,रेड चिल्ली नारियल चटनी रेसिपी - Red Chilli Coconut Chutney (Recipe In Hindi),0.0
16605,कर्नाटका स्टाइल मूलांगी चटनी रेसिपी - Karnataka Style Moolangi Chutney (Recipe In Hindi),0.0
16604,पापड़ की सब्ज़ी रेसिपी - Papad Ki Sabzi (Recipe In Hindi),0.0
16642,आलू ब्रोकली सब्ज़ी रेसिपी - Aloo Broccoli Sabzi (Recipe In Hindi),0.0
16645,एग बटर मसाला रेसिपी - Egg Butter Masala (Recipe In Hindi),0.0
16681,थेंगाई सादम रेसिपी - Spiced Coconut Rice (Recipe in Hindi),0.0
16672,एग मसूर दाल रेसिपी - Egg Masoor Dal (Recipe In Hindi),0.0
16665,लहसुनि चकुंदर रसम रेसिपी - Beetroot Garlic Lemon Rasam (Recipe In Hindi),0.0
16666,कोल्लु रसम रेसिपी - Kollu Rasam (Recipe In Hindi),0.0
16667,Horsegram Sesame Chutney Recipe,0.0
16668,मटर कीमा रेसिपी - Matar Keema (Recipe In Hindi),0.0
16669,सोया कीमा मसाला रेसिपी - Soya Keema Masala (Recipe In Hindi),0.0
16671,Sabudana Khichdi Recipe With Vegetables (No Onion No Garlic Fasting/Vrat Recipes),0.0
16673,Goan Mackerel Curry (Bangdyache Hooman) Recipe,0.0
16646,मुघलाई आलू मटर गोभी रेसिपी - Mughlai Aloo Matar Gobi (Recipe In Hindi),0.0
16674,सरसों वाली आलू भिंडी की सब्ज़ी रेसिपी - Aloo Bhindi (Recipe In Hindi),0.0
16675,दही सुरन की सब्ज़ी रेसिपी - Dahi Suran Ki Sabzi (Recipe In Hindi),0.0
16677,केरला स्टाइल ओकरा थोरन रेसिपी - Kerala Style Vendakkai Thoran (Recipe In Hindi),0.0
16678,गोबी के कोफ्ते रेसिपी - Gobi Ke Kofte (Recipe In Hindi),0.0
16679,चनार दालना रेसिपी - Chanar Dalna (Recipe In Hindi),0.0
16680,Paan Matka Kulfi Recipe,0.0
16664,Orange Kulfi Recipe In Orange Shells,0.0
16663,पालक तम्बूली रेसिपी - Palak Tambuli (Recipe In Hindi),0.0
16662,पंजाबी चना मसाला रेसिपी - Punjabi Chana Masala (Recipe In Hindi),0.0
16661,Karigadabu – Karnataka Style Karanji/ Gujiya recipe,0.0
16660,भरमा बैंगन और प्याज की सब्ज़ी रेसिपी - Bharma Baingan Aur Pyaaz Ki Sabzi (Recipe In Hindi),0.0
16659,Spinach Foxtail Millet Dhokla Recipe,0.0
16658,Manga Gojju Recipe (Spicy Mango relish),0.0
16656,Kerala Style Pulissery Recipe (Mor Kuzhambu),0.0
16655,येलो कुकुम्बर पछड़ी रेसिपी - Yellow Cucumber Pachadi (Recipe In Hindi),0.0
16654,तुरई की चटनी रेसिपी - Ridge Gourd Chutney (Recipe In Hindi),0.0
16653,अासामिस फिश फ्राइड राइस रेसिपी - Assamese Fish Fried Rice (Recipe In Hindi),0.0
16652,पालक खिचड़ी रेसिपी - Palak Khichdi With Brown Rice And Toasted Peanuts (Recipe In Hindi),0.0
16651,Desiccated Coconut Coriander Chutney Recipe,0.0
16650,प्याज वाली भिंडी रेसिपी - Pyaz Wali Bhindi (Recipe In Hindi),0.0
1271,Lehsuni Methi Paneer Recipe - Garlic Methi Paneer Curry,0.0
16648,Dimer Malai Curry Recipe (Bengali Style Egg Curry In Coconut Milk),0.0
16647,कोवक्का थोरन रेसिपी - Kovakka Thoran (Recipe In Hindi),0.0
16756,गोभी स्टू रेसिपी - Cauliflower Coconut Milk Stew (Recipe In Hindi),0.0
16757,पनीर शाश्लीक रेसिपी - Paneer Shashlik (Recipe In Hindi),0.0
1236,Pasi Paruppu Masiyal Recipe-Green Moong Dal Curry Recipe,0.0
16859,नवरतन कोरमा रेसिपी - Navratan Korma (Recipe In Hindi),0.0
16852,कद्दू की सब्ज़ी रेसिपी - Pumpkin Sabzi With Panch Phoron Masala (Recipe In Hindi),0.0
16853,खट्टी मीठी टिंडा की सब्ज़ी रेसिपी - Khatti Meethi Tinda Sabzi (Recipe In Hindi),0.0
16854,Karpooravalli Chutney Recipe (Tamil Nadu Chutney With Big Thyme),0.0
16855,Stuffed Arbi Paratha Recipe,0.0
16856,Stuffed Matar & Gobi Paratha Recipe (Green Pea & Cauliflower Flat Bread),0.0
16858,Atar Payesh Recipe (Sitaphal Kheer),0.0
16860,मेथी पनीर भुर्जी रेसिपी - Methi Paneer Bhurji (Recipe In Hindi),0.0
1213,Appalam Vatha Kuzhambu Recipe - Papad In Tamarind Gravy,0.0
16861,आंध्रा स्टाइल आलम पचड़ी रेसिपी - Adrak Chutney (Recipe In Hindi),0.0
16862,नुव्वुला पचड़ी रेसिपी - Nuvvula Pachadi (Recipe In Hindi),0.0
16863,अमरुद की चटनी रेसिपी - Amrood Ki Chutney (Recipe In Hindi),0.0
16865,कच्चे टमाटर की चटनी रेसिपी - Raw Tomato Chutney (Recipe In Hindi),0.0
16866,तीखा आलू रोस्ट रेसिपी - Spicy Potato Roast Recipe (Recipe In Hindi),0.0
16867,साउथ इंडियन गाजर पोरियल रेसिपी - Carrot Poriyal (Recipe In Hindi),0.0
16851,बेसन और शिमला मिर्च की सब्ज़ी रेसिपी - Besan Capsicum Ki Sabzi (Recipe In Hindi),0.0
1218,Beans Matki Bhaji Recipe - Green Beans Moth Beans Sabzi,0.0
16849,आलू मेथी मसाला रेसिपी - Aloo Methi Masala (Recipe In Hindi),0.0
16848,तंदूरी पनीर टिक्का मसाला रेसिपी - Tandoori Paneer Tikka Masala (Recipe In Hindi),0.0
16847,मस्टर्ड वेजिटेबल करी रेसिपी - Mustard Vegetable Curry (Recipe In Hindi),0.0
16846,गुजराती स्टाइल सेव टमाटर की सब्ज़ी रेसिपी - Sev Tamatar Ki Sabzi (Recipe In Hindi),0.0
16845,जैन स्टाइल पनीर मखानी रेसिपी - Jain Style Paneer Makhani (Recipe In Hindi),0.0
16844,अदरक लहुसन टोफू करी रेसिपी - Ginger Garlic Tofu Curry (Recipe In Hindi),0.0
16843,टमाटर प्याज वाली अरबी की सब्ज़ी रेसिपी - Arbi Tomato Onion Sabzi (Recipe In Hindi),0.0
16842,अवधी स्टाइल तहरी रेसिपी - Awadhi Style Taheri (Recipe In Hindi),0.0
16841,Palak Raita Recipe (Spinach Yogurt Salad),0.0
16840,सुखी आलू सब्ज़ी रेसिपी - Sukhi Aloo Sabzi (Recipe In Hindi),0.0
16839,सांबर राइस रेसिपी - South Indian Sambar Rice (Recipe In Hindi),0.0
16838,तुरई का थोरन रेसिपी - Snake Gourd Thoran (Recipe In Hindi),0.0
1219,Cabbage Thoran Recipe - Kerala Style Cabbage Stir Fry,0.0
16836,अरबी अजवाइन की सब्ज़ी - Roasted Colocasia Stir Fry With Ajwain (Recipe In Hindi),0.0
16835,केरला स्टाइल बैंगन करी रेसिपी - Kerala Style Eggplant Curry (Recipe In Hindi),0.0
16868,Malpua With Rose And Saffron Syrup Recipe,0.0
16870,Green Chana Chutney (Green Chickpea Chutney) Recipe,0.0
16759,Kasuri Malai Murgh Tikka Recipe,0.0
16898,कराटे बटाते पूड़ी सांगले रेसिपी - Konkani Style Bitter Gourd And Potato Curry (Recipe In Hindi),0.0
16890,Hayagreeva Recipe,0.0
16891,Rava Pongal Recipe,0.0
1205,Homemade Paneer Recipe,0.0
1203,Sorakaya Masala Curry Recipe - Andhra Style Sorakaya Curry,0.0
16895,Pudina Khara Pongal Recipe (Rice and Lentils Cooked With Mint Leaves & Mild Spices),0.0
16897,Beans Vepudu Recipe (Andhra Style Beans Cooked With Spicy Sesame Spicy Mix),0.0
16899,Ginger Walnut Chutney,0.0
16871,Okra Idli Recipe (Ladyfinger Idli),0.0
16900,Instant Masala Beans Idli Recipe,0.0
16902,Mirchi Ka Kuta Recipe,0.0
16903,Tamil Nadu Style Badam Puri Recipe (Almond Stuffed Whole Wheat Puri Recipe),0.0
16905,आलू भिन्डी की सब्ज़ी रेसिपी - Spicy Potatoes and Lady's Finger Stir Fry (Recipe In Hindi),0.0
16906,Beetroot Millet Paniyaram Recipe,0.0
16907,Khubani Ka Meetha Recipe (A Rich Hyderabadi Nawabi Dessert),0.0
1206,Beetroot Raita Recipe,0.0
16888,Goan Style Dhayanche Fov Recipe (Curd Poha Recipe),0.0
16887,Khajoor (Thekua) Recipe,0.0
16885,Sabakki Upittu Recipe (South Indian Style Sabudana Khichdi),0.0
1208,Huruli Sundal Recipe - Kollu / Horse Gram Sundal Recipe,0.0
16883,Malvani Vatli Dal Recipe,0.0
16882,Mor Kali (Kazhi) Recipe (Savory Rice Flour Breakfast Pudding),0.0
16881,Godhumai Idli Recipe (Instant Whole Wheat Flour Idli),0.0
1210,Paneer and Green Peas Paratha Recipe,0.0
16879,Avarekaalu Obbatu Recipe ( Sweet Paratha stuffed with Field Beans Recipe),0.0
16878,Manjal Poosanikai Sambar Recipe (Yellow Pumpkin in Toor Dal Recipe),0.0
16877,Carrot & Cheese Filled Idli Recipe,0.0
16876,Thonnai Idli Recipe (Dried Leaves Idli),0.0
16875,Andhra Style Nalla Karam Podi Recipe,0.0
16874,Rajasthani Style Oliya Recipe (Sweetened Rice Yogurt Pudding Recipe),0.0
1211,Vaghareli Rotli Recipe - Roti Ka Poha,0.0
1212,Pachai Payaru Payasam Recipe - Green Moong Dal Payasam,0.0
16834,कढ़ाई पनीर रेसिपी - Kadai Paneer (Recipe In Hindi),0.0
1220,Muttaikose Poriyal Recipe - Cabbage Stir fry With Coconut,0.0
16832,अवधी स्टाइल सुल्तानी दाल रेसिपी - Awadhi Style Sultani Dal (Recipe In Hindi),0.0
16786,टमाटर उपमा रेसिपी - Tomato Upma (Recipe In Hindi),0.0
16780,Chironji Ki Dal Recipe,0.0
16781,Ulundhu Kali Recipe (Urad Dal Sweet),0.0
16782,कोल्लु थोगयल - Horsegram Chutney (Recipe In Hindi),0.0
16783,चकुंदर और टमाटर की चटनी रेसिपी - Beetroot & Tomato Chutney (Recipe In Hindi),0.0
16784,बेसन और प्याज का चीला रेसिपी - Besan Aur Pyaz Ka Cheela (Recipe In Hindi),0.0
16785,इडली उपमा रेसिपी - Idli Upma (Recipe In Hindi),0.0
16787,बाजरा मटर की खिचड़ी रेसिपी - Bajra Matar Ki Khichdi (Recipe In Hindi),0.0
16831,भरवा करेला रेसिपी - Bharwa Karela (Recipe In Hindi),0.0
16788,मूंग दाल मेथी की सब्ज़ी रेसिपी - Moong Dal Methi Ki Sabzi (Recipe In Hindi),0.0
16789,कुकुम्बर मोर कोलंब रेसिपी - Cucumber Mor Kuzhambu (Recipe In Hindi),0.0
16790,पापड़ एर डालना रेसिपी - Bengali Style Papad Curry (Recipe In Hindi),0.0
16791,पनीर भुर्जी ग्रेवी रेसिपी - Paneer Bhurji Gravy (Recipe In Hindi),0.0
16792,शिमला मिर्च की सब्ज़ी रेसिपी - No Onion No Garlic Sweet Pepper Sabji (Recipe In Hindi),0.0
16793,चेटिनाड बीन्स और गोभी पोरियल रेसिपी - Chettinad Beans & Cauliflower Poriyal (Recipe In Hindi),0.0
16779,डोली की रोटी - Doli Ki Roti (Recipe In Hindi),0.0
16778,Amla Achaar Recipe | Hot & Sweet Indian Gooseberry Pickle,0.0
16777,Crispy Amla Gawar Phali Sabzi Recipe,0.0
16776,काला वटाना आमटी रेसिपी - Kala Vatana Amti (Recipe In Hindi),0.0
16775,मशरुम पसंदा रेसिपी - Mushroom Pasanda (Recipe In Hindi),0.0
16774,छोले पिंडी रेसिपी - Chole Pindi (Recipe In Hindi),0.0
1233,आलू सागु रेसिपी - Potato Sagu Recipe,0.0
16772,लौकी यखनी रेसिपी - Lauki Yakhini (Recipe In Hindi),0.0
16770,महाराष्ट्रियन आलू भुजने रेसिपी - Maharashtrian Aloo Bhujne (Recipe In Hindi),0.0
16769,चनार पतुरी रेसिपी - Chanar Paturi (Recipe In Hindi),0.0
16768,पत्तागोबी थोरन रेसिपी - Cabbage Thoran (Recipe In Hindi),0.0
1235,हैदराबादी खादी मसूर की दाल रेसिपी - Hyderabadi Khadi Masoor Ki Dal Recipe,0.0
16766,गोअन चना रोस रेसिपी - Goan Chana Ros (Recipe In Hindi),0.0
16765,ओरिया स्टाइल घण्टा तरकारी रेसिपी - Oriya Style Ghanta Tarkari (Recipe In Hindi),0.0
16764,आलू शिमला मिर्च की सब्ज़ी रेसिपी - Aloo Simla Mirch Ki Sabzi (Recipe In Hindi),0.0
16763,बैंगन भरता रेसिपी - Baingan Bharta (Recipe In Hindi),0.0
16762,पुलि किरई रेसिपी - Puli Keerai (Recipe In Hindi),0.0
16794,बंगाली फूल गोभीर पतुरी रेसिपी - Bengali Phool Gobhir Paturi (Recipe In Hindi),0.0
16795,कैबेज बेसन फ्राई रेसिपी - Cabbage Besan Fry (Recipe In Hindi),0.0
16796,गाजर बीन्स पोरियल रेसिपी - Carrot and Beans Poriyal (Recipe In Hindi),0.0
1229,गुजराती कढ़ी रेसिपी - Gujarati Kadhi Recipe,0.0
1224,Murungai Keerai Puttu - Drumstick Leaves Puttu Recipe,0.0
16829,पेशावरी छोले रेसिपी - Peshawari Chole (Recipe In Hindi),0.0
16827,गुजराती वाघरेली मग रेसिपी - Gujarati Vaghareli Mag (Recipe in Hindi),0.0
16826,चाउ चाउ सांबर रेसिपी - Chow-Chow Sambar (Recipe In Hindi),0.0
1227,वरन भात रेसिपी - Varan Bhaat Recipe,0.0
16824,Chettinadu Nandu Varuval Recipe (Crab Fry Dry With Baby Onions),0.0
16823,Goan Style Bimblanche Sasav Recipe,0.0
16822,Nendran Banana Jamun Recipe (Kerala Banana Jamun),0.0
16821,सोया कीमा मसाला रेसिपी - Soya Kheema Masala (Recipe In Hindi),0.0
16820,Goan Dessert Sakhar Bhaat Recipe,0.0
16819,Zucchini Keerai Thogayal Recipe - South Indian Tangy Spinach and Zucchini Chutney,0.0
16818,गवार की सब्ज़ी रेसिपी - Gavar Ki Sabji (Recipe In Hindi),0.0
16817,सुखी दही वाली लौकी रेसिपी - Sukhi Dahi Wali Lauki (Recipe In Hindi),0.0
1228,Varan Bhaat Recipe - Maharashtrian Dal Recipe,0.0
16813,अचारी आलू परवल की सब्ज़ी रेसिपी - Achari Aloo Parwal Sabzi (Recipe In Hindi),0.0
1232,मुलांगी करी रेसिपी - Mullangi Curry (Recipe In Hindi),0.0
16812,जैन स्टाइल दाल मखनी रेसिपी - Jain Style Dal Makhani (Recipe In Hindi),0.0
16811,पालक धनिया डोसा रेसिपी - Palak Dhania Dosa (Recipe In Hindi),0.0
16810,खरा भात रेसिपी - Khara Bhath (Recipe In Hindi),0.0
16809,मूंग दाल डोसा रेसिपी - Moong Dal Dosa (Recipe In Hindi),0.0
16808,रेड राइस डोसा रेसिपी - Red Rice Dosa (Recipe In Hindi),0.0
16807,Munthiri Kothu Recipe,0.0
16806,रागी सेमिया रेसिपी - Ragi Vermicelli/Semiya (Recipe In Hindi),0.0
16805,ओट्स वेन पोंगल रेसिपी - Oats Ven Pongal (Recipe In Hindi),0.0
16804,कश्मीरी कोकुर यखनी रेसिपी - Chicken Cooked In Yogurt (Recipe In Hindi),0.0
1231,उलावा चारु रेसिपी - Horse Gram Rasam (Recipe In Hindi),0.0
16802,Kasuri Malai Murgh Recipe,0.0
16801,मुघलाई भिंडी रेसिपी - Mughlai Bhindi (Recipe In Hindi),0.0
16800,Dum Ka Murgh (Lagan Ka Murgh) Recipe,0.0
16799,मुरमुरे का उपमा रेसिपी - Puffed Rice Upma (Recipe In Hindi),0.0
13357,Multa Black Arabic Recipe (Arabic Gravy Steele),0.0
13178,Grated Beetroot Chilli Paratha Recipe,0.0
13353,Achari Lachha Paratha Recipe-Spicy Indian Style Flaky Bread,0.0
8334,आलू बोंदा रेसिपी - Low Fat Aloo Bonda Recipe,0.0
8323,Falsa/Phalsa Ka Sharbat Recipe - Indian Berry Juice,0.0
8324,Sattu Ka Namkeen Sharbat Recipe,0.0
8325,Tindora Sambharo Recipe - Instant Tendli Pickle,0.0
5433,Pista Burfi Recipe - Indian Spiced Pistachio Fudge,0.0
8331,Paneer Makhana Gulgule Chaat Recipe - No Onion No Garlic,0.0
8332,Gujarati Tawa Handvo Recipe With Sweet Corn,0.0
8337,चेटिनाड तक्काली सादम रेसिपी - Chettinad Takkali Sadam Recipe,0.0
8321,Lemon Pepper Fish Recipe,0.0
8338,महाराष्ट्रियन वरन फाल रेसिपी - Maharastrian Varan Phal Recipe,0.0
8339,प्याज का रायता रेसिपी - Onion Raita Recipe,0.0
5430,Moong Dal Halwa Burfi Recipe,0.0
8349,पत्ता गोभी शिमला मिर्च की सब्ज़ी रेसिपी - Cabbage Capsicum Sabzi Recipe,0.0
8350,आलू पत्ता गोभी सब्ज़ी रेसिपी - Aloo Patta Gobi Sabzi Recipe,0.0
8351,मिक्स्ड वेजिटेबल इडली उपमा रेसिपी - Mixed Vegetable Idli Upma Recipe,0.0
8322,चाट मसाला रेसिपी - Chaat Masala Recipe,0.0
8320,Maachli Jaisamandi Recipe - Rajasthani Style Fish In Creamy Gravy,0.0
8416,बेक्ड चाइनीज़ आलू रेसिपी - Baked Chinese Potato Recipe,0.0
8305,Sprouted Moong Dhokla Recipe,0.0
8295,मोरिंगा मसूर दाल रेसिपी - Moringa Masoor Dal Recipe,0.0
8298,Instant Oats Rava Idli Recipe,0.0
5440,Khurchan Mawa Burfi Recipe,0.0
8301,Creamy Indian Butter Fish Recipe - Creamy Pabda Fish,0.0
8302,Tawa Crispy Pomfret Fry Recipe,0.0
5439,Coconut Jaggery Burfi Recipe,0.0
8309,Kesar Elaichi Lassi Recipe,0.0
8318,Konkani Style Pomfret Fry Recipe - South Indian Fish Fry Recipe,0.0
8310,Pineapple Lassi Recipe,0.0
5438,Mango Shikanji Recipe - Chatpata Mango Spritzer,0.0
8312,अमरुद का रायता रेसिपी - Amrood Raita Recipe,0.0
8314,अचारी मसाला पाउडर रेसिपी - Achari Masala Powder Recipe,0.0
8315,Chaat Masala Recipe,0.0
8316,Paan Gulkand Sharbat Recipe,0.0
8352,Chettinad Masala Powder Recipe,0.0
5429,Peanut Kesar Burfi Recipe,0.0
5427,धनिया इमली मिलेट राइस रेसिपी - Coriander Tamarind Millet Rice Recipe,0.0
5412,कर्नाटका स्टाइल हुग्गी रेसिपी - Karnataka Style Huggi Recipe,0.0
5416,No Bake Rice Mawa Cake Recipe,0.0
5415,Stuffed Half Moon Shaped Kaju Burfi Recipe,0.0
5414,माँगा गोज्जू रेसिपी - Manga Gojju Recipe,0.0
8394,Corn And Drumstick Leaves Salad Recipe,0.0
8395,Murungai Keerai Rasam Recipe,0.0
8402,मेंथे तम्ब्ली रेसिपी - Menthe Tambli Recipe,0.0
8404,Murungai Keerai Thogayal Recipe-Drumstick Leaves Thogayal,0.0
5426,करी पत्ता छास रेसिपी - Curry Patta Chaas Recipe,0.0
5410,काबुली चना सूप रेसिपी - Chickpea Soup Recipe,0.0
8406,Nagli Rava Upma Recipe - Healthy Ragi Rava Upma Recipe,0.0
5409,Kashmiri Chhir Chot Recipe- Rice Pancakes,0.0
5408,Kashmiri Phool Rogan Josh Recipe - Cauliflower in Red Curry,0.0
5407,Kashmiri Style Bharit Marchavangun Recipe-Stuffed Chillies,0.0
5406,Kashmiri Style Tchat Goji Recipe (Turnip & Dry Red Chillies),0.0
5417,Chocolate Flavoured 7 Cup Burfi Recipe,0.0
5418,Black Cherry Glazed Thandai Burfi Recipe,0.0
8381,Bengali Style Chori Recipe-Mixed Vegetable Sabzi,0.0
8380,Egg Rolls With Moringa Leaves Recipe-Eggs with Drumstick Leaves,0.0
5419,मखाना की सब्ज़ी रेसिपी - Makhana Ki Sabzi (Recipe In Hindi),0.0
8378,Murungai Keerai Thogayal Recipe - Moringa/Drumstick Leaves Chutney,0.0
5420,पछा मांगा पचड़ी रेसिपी - Tamil Nadu Raw Mango Pachadi Recipe,0.0
5421,आंध्रा स्टाइल करिवेपकु पचड़ी रेसिपी - Andhra Style Karivepaku Pachadi Recipe,0.0
8375,Meethe Chawal Recipe - Zarda Pulao,0.0
8374,माँगा ओगरे रेसिपी - Manga Ogre Recipe,0.0
8372,टिन्डोरा सम्भारो रेसिपी - Tindora Sambharo Recipe,0.0
8371,Mixed Vegetable Idli Upma Recipe,0.0
8370,कश्मीरी साग रेसिपी - Kashmiri Saag Recipe,0.0
8367,Kanji Recipe - Probiotic Drink Made From Carrots & Beetroot,0.0
8366,Achari Masala Recipe For Fresh Pickles - Sambharo Masala,0.0
5422,Milk Powder Chena Burfi Recipe,0.0
5424,Restaurant Style Chicken 65 Recipe,0.0
5442,Sooji Manpasand Burfi Recipe - Semolina Coconut Fudge,0.0
8291,One Pot Spicy Vegetable Pulao Recipe with Coconut Milk,0.0
8289,Spinach Paneer Kofta Curry Recipe,0.0
8222,Rose Flavoured Golden Almond Milk Recipe - Badam Doodh,0.0
5471,Goondh Paani Recipe - Sweet Gum Tree Almond Drink Recipe,0.0
8213,Chiba Dhokli Recipe,0.0
5470,Badam And Khus Khus Milk Recipe,0.0
8216,बंगाली स्टाइल उरद दाल वडा रेसिपी - Bengali Style Urad Dal Vada Recipe,0.0
5469,Pepper Tea Recipe - Kali Mirch Chai,0.0
5468,Konkani Style Doddak Recipe-Lentil Pancakes,0.0
8223,Kashmiri Style Kokur Yakhni Recipe-Chicken Cooked In Yogurt,0.0
5464,वेजीटेरियन काबुली पुलाव रेसिपी - Vegetarian Kabuli Pulao Recipe,0.0
8226,शाही भिंडी रेसिपी - Shahi Bhindi Recipe In Cashew Nut Gravy Recipe,0.0
8231,कथीरिकै रसा वांगी रेसिपी - Kathirikai Rasa Vangi Recipe,0.0
8232,चेट्टिनाड वेंगया कोसु रेसिपी - Chettinad Vengaya Kosu Recipe,0.0
8233,Aloo Gobi Sabzi Recipe - Potato And Cauliflower Dry Curry,0.0
5467,Wheat Grass Rasam Recipe,0.0
8235,पत्ता गोभी कोफ्ता करी रेसिपी - No Onion No Garlic Cabbage Kofta Curry,0.0
8211,Gujarati Style Lapsi Recipe - Millet Sweet Pudding,0.0
8208,राजस्थानी मिर्ची बड़ा रेसिपी - Rajasthani Mirchi Bada Recipe,0.0
5472,Masala Lemonade Recipe,0.0
8203,Vazaithandu Neer Mor Recipe - Plantain Stem Buttermilk,0.0
5473,Jal Jeera Recipe - Sweet And Sour Cumin Water Recipe,0.0
8201,पनीर कोफ्ता करी रेसिपी - Paneer Kofta Curry Recipe,0.0
5474,Aam Pora Shorbot Recipe - Bengali Aam Panna Recipe,0.0
5477,हरे प्याज और आलू की सब्ज़ी रेसिपी - Spring Onion Potato Sabzi Recipe,0.0
8197,सुंडकई मेथी सांबर रेसिपी - Sundakkai And Methi Leaves Sambar Recipe,0.0
8196,थेचा पनियारम रेसिपी - Thecha Paniyaram Recipe,0.0
8195,Karnataka Style Avarekalu Kosambari Recipe,0.0
5478,"Ginger, Lemon And Honey Kadha Recipe",0.0
5481,पालक पकोरा रेसिपी - Palak Pakora Recipe,0.0
8190,चेट्टिनाड वेजिटेबल पुलाव रेसिपी - Chettinad Vegetable Pulao Recipe,0.0
8186,Creamy Mocha Lassi Recipe,0.0
8183,केरला स्टाइल अंडा काजू करी रेसिपी - Kerala Style Egg Cashew Curry Recipe,0.0
5482,हुनासे गोज्जु रेसिपी - Hunase Gojju Recipe,0.0
8236,Urulai Kizhangu Kathirikai Poriyal Recipe - South Indian Style Potato & Eggplant Curry,0.0
8238,नवाबी पनीर करी रेसिपी - Nawabi Paneer Curry Recipe,0.0
8288,मूंगफली का रायता रेसिपी - Boiled Peanut Raita Recipe,0.0
8274,बदनेकाई गोज्जु रेसिपी - Badanekaayi Gojju Recipe,0.0
8266,Kashmiri Style Modur Pulao Recipe - Kashmiri Sweet Pulao,0.0
5452,Bottle Gourd & Mint Vegetable Juice Recipe - Lauki Juice,0.0
5450,चिबा ढोकली रेसिपी - Chiba Dhokli Recipe,0.0
5449,हैदराबाद स्टाइल कुस्का रेसिपी - Hyderabad Style Kuska Recipe,0.0
8271,Spiced Rajma Pulao Recipe - Spiced Kidney Bean Rice,0.0
5448,Konkani Style Patholi/Kadabu Recipe-Sweet Dumpling Recipe,0.0
5446,Besan Burfi Recipe,0.0
8239,Simple Steamed Indian Beet Salad Recipe,0.0
5444,Apple Burfi Recipe,0.0
5443,Walnut Burfi Recipe - Akhrot Barfi,0.0
8280,आलू भिंडी मसाला ग्रेवी रेसिपी - Aloo Bhindi Masala Gravy Recipe,0.0
8282,Vegetarian Hariyali Malai Kebab,0.0
8283,Amritsari Fish Fry Recipe,0.0
8284,हैदराबादी बगारे टमाटर रेसिपी - Hyderabadi Bagare Tamatar Recipe,0.0
5454,Konkani Style Pathravade/Pathrode Recipe-Colocasia Leaves Snack,0.0
5457,बेक्ड बीन्स आलू चाट रेसिपी - Aloo Chaat Recipe With Baked Beans,0.0
5460,Lauki Thepla Recipe,0.0
5461,Lauki Paratha Recipe - Bottle Gourd Flatbread,0.0
8257,Gujarati Biraj Recipe - Saffron Flavored Sweet Lentil Rice With Dry Fruits & Coconut,0.0
8256,Gujarati Valsadi Vada Recipe - Multigrain Masala Vada,0.0
8255,Crispy Masala Peanuts Recipe - Gujarati Sing Bhujia,0.0
8253,कशमीरी केसर पुलाव रेसिपी - Kashmiri Kesar Pulao Recipe,0.0
8252,अचारी पनीर मसाला रेसिपी - Achari Paneer Masala Recipe,0.0
8251,Aloo Aur Mooli Ke Patton Ki Sabzi Recipe - Radish Greens And Potato Stir Fry,0.0
5462,Lauki Ki Kheer Recipe,0.0
5463,Doodhibhoplyacha Bharit Recipe - Maharashtrian Style Lauki Bharta,0.0
8245,Anar & Aloo Pakora Recipe - Dry Pomegranate & Potato Pakora,0.0
8244,Mango Lassi Recipe - Mango Yogurt Drink,0.0
8243,Traditional Panakam Recipe,0.0
8241,Iyengar Style Whole Wheat & Oats Khara Biscuit Recipe (Savory Cookie Recipe),0.0
8240,Sukhi Aloo Sabzi Recipe (Spiced Potato Stir Fry),0.0
8413,Instant Ragi Rava Dhokla - Wholesome & Delicious Ragi Recipe,0.0
8417,पम्पकिन एरीसेरी रेसिपी - Pumpkin Erissery Recipe,0.0
5484,Homemade Coconut Milk Recipe,0.0
5346,"Oats, Dates And Dry Fruits Ladoo Recipe",0.0
8563,अनार आलू पकोरा रेसिपी - Anar & Aloo Pakora Recipe,0.0
8564,अदरक शिमला मिर्च चावल रेसिपी - Crunchy Ginger Capsicum Rice Recipe,0.0
8565,खील पनियारम रेसिपी - Kheel Paniyaram Recipe,0.0
8566,मूलांगी तौव्वे रेसिपी - Moolangi Tovve Recipe,0.0
5347,Pineapple Ladoo Recipe,0.0
8568,Karnataka Style Set Dosa Recipe,0.0
5345,Panjiri Ladoo Recipe,0.0
5348,Moong Dal Ladoo Recipe,0.0
8573,लहसुनि दाल तड़का रेसिपी - Lahsuni Dal Tadka Recipe,0.0
8576,Karuvepillai Pachadi Recipe - Curry Leaf Raita,0.0
5344,Wheat Ladoo With Jaggery Recipe,0.0
5343,चेटिनाड मीठा पनियारम रेसिपी - Chettinad Sweet Paniyaram Recipe,0.0
8579,पितोर की सब्ज़ी रेसिपी - Pitor Ki Sabzi Recipe,0.0
8582,कोथामली थोगयल रेसिपी - Kothamalli Thogayal Recipe,0.0
8562,कच्चा केला चिवड़ा रेसिपी - Raw Banana Chivda Recipe,0.0
8560,दाल मखनी रेसिपी - Dal Makhani Without Onion And Garlic (Recipe In Hindi),0.0
8419,आंध्रा स्टाइल बीटरूट वेपुडु रेसिपी - Andhra Style Beetroot Vepudu Recipe,0.0
5349,Besan Ladoo Recipe - Chana Dal Ladoo,0.0
8540,Dahi Vada Recipe - Lentil Dumplings in a Sweet and Spicy Yogurt,0.0
5352,Kaju Badam Ladoo Recipe,0.0
8546,Muri Masala Recipe Kolkata Style Used in Jhal Muri,0.0
5351,Churma Ladoo Recipe - Atta/Whole Wheat Ladoo,0.0
8548,मिक्स्ड वेजिटेबल राइस कटलेट रेसिपी - Spicy Mixed Vegetables Rice Cutlet Recipe,0.0
5350,Flax Seed Ladoo Recipe,0.0
8552,आलू बोंदा रेसिपी - Potato Bonda Recipe Flavoured With Sambar Powder in Hindi,0.0
8559,आंध्रा स्टाइल पप्पू चारु रेसिपी - Andhra Style Pappu Charu Recipe,0.0
8553,महाराष्ट्रियन भडंग रेसिपी - Maharastrian Bhadang Recipe,0.0
8554,Rajasthani Makki Ka Chatpata Dhokla Recipe,0.0
8555,गाजर निम्बू चावल रेसिपी - Carrot Lemon Rice Recipe,0.0
8556,टोमेटो राइस विथ बेसिल रेसिपी - Tomato Rice With Basil Recipe,0.0
8557,Chaas Dahi Vada Recipe - Dahi Vada in Refreshing Buttermilk,0.0
8558,वेरुसेनेगा सांबर रेसिपी - Verusenaga Sambar Recipe,0.0
8583,दाल तड़का रेसिपी - Dal Tadka Recipe Flavoured With Lemon And Coriander,0.0
5342,Amrood Raita Recipe - Guava Raita,0.0
8585,Thatte Idli Recipe,0.0
8648,Sweet And Sour Lemon Pickle Recipe,0.0
8622,Gujarati Vagharela Mag Recipe - Moong Sprouts Sabzi Recipe,0.0
8624,Nimbu Chunda Recipe (Lemon Chutney) - No Cook And Oil Free,0.0
5330,North Indian Pheni Recipe - Seviyan Kheer,0.0
8628,Coffee Recipe With Instant Coffee Powder,0.0
5329,Sheer Khurma Recipe - Seviyan or Vermicelli Kheer Pudding,0.0
8643,Traditional Gujarati Mohanthal Recipe - Gram Flour Fudge with Nuts and Saffron,0.0
5326,Chocolate Peda Recipe,0.0
5341,Hunase Saaru Recipe - Mysore Style Spicy Tamarind Rasam,0.0
5324,Milk Peda Recipe,0.0
8651,Rajasthani Gunde Ki Sabzi Recipe (Bird Lime Stir Fry),0.0
8652,Nei Appam Recipe Using Rice Flour,0.0
8653,Pudina Dahi Chutney Recipe- Mint Yoghurt Dip,0.0
8654,Andhra Style Paruppu Podi Recipe - Dal Podi,0.0
5323,Paal Payasam Recipe - Rice Kheer/Pudding,0.0
8621,Karela Muthia Recipe - Bitter Gourd Steamed Dumplings,0.0
8616,Methi Namak Pare Recipe,0.0
8615,Cheese Garlic Naan Recipe,0.0
8614,Healthy Carrot Methi & Mooli Thepla Recipe,0.0
8611,Simple Lemon Tea Recipe,0.0
5332,Rajgira Ki Kheer Recipe,0.0
5333,तोगरिकायी उसली रेसिपी - Togarikaayi Usli Recipe,0.0
8605,Banana Date Smoothie Recipe,0.0
5334,छेना उप्पेरि रेसिपी - Eggplant Foot Yam Stir Fry Recipe,0.0
8600,Gujarati Style Osaman Dal Recipe,0.0
8598,Gujarati Khandvi Recipe - Savory Gram Flour Pinwheels,0.0
5335,बँगलाडूम्पा थालिम्पू रेसिपी - Bangaladumpa Thalimpu Recipe,0.0
8593,Malvani Masala Powder Recipe,0.0
5336,Andey Ki Kheer Recipe - Egg White Kheer,0.0
8591,Maharashtrian Goda Masala Powder Recipe,0.0
8589,खजूर इमली की चटनी रेसिपी - Khajur Imli Chutney Recipe,0.0
8588,कच्चे आम की लौंजी रेसिपी - Kacche Aam Ki Launji Recipe,0.0
8538,पालक ओट्स वड़ा रेसिपी - Spinach Oats Vada Recipe,0.0
8537,पोहा चिवड़ा रेसिपी - Fried Poha Chivda Recipe,0.0
8535,तीखा राजमा पुलाव रेसिपी - Spiced Rajma Pulao Recipe,0.0
8458,Andhra Style Coconut Flavored Rice Upma Recipe,0.0
5392,Coconut Ladoo Stuffed With Pistachios Recipe,0.0
5391,Red Poha And Flax Seeds Ladoo Recipe,0.0
8453,Broken Wheat Upma Or Dalia Khichdi Recipe for Babies & Toddlers,0.0
5384,ड्रमस्टिक दाल सूप रेसिपी - Drumstick Dal Soup Recipe,0.0
5381,नवाबी कोफ्ता करी रेसिपी - Nawabi Kofta Curry Recipe,0.0
5378,मूली का सूप रेसिपी - Radish Soup Recipe,0.0
8459,Karela Bajji Recipe - Pavakkai Bajji Recipe | Bittergourd,0.0
8471,Narkel Naru Ladoo Recipe With Grated Coconut,0.0
5373,गाजर दही चावल रेसिपी - Curd Rice With Carrots Recipe,0.0
5372,हैदराबादी बिरयानी रेसिपी - Hyderabadi Biryani Recipe,0.0
8462,Karela Dahi Puri Recipe - A Chatpata Chaat Made From Bitter Gourd,0.0
8463,Togarikalu Akki Recipe - Karnataka Style Rice Rava Upma with Fresh Pigeon Peas,0.0
8464,Jaggery Coffee Without Milk Recipe,0.0
8465,Kiwi Guava Spritzer Recipe,0.0
8449,Karela Thepla Recipe - Bitter Gourd Indian Flat Bread,0.0
5396,Kashmiri Style Dum Monji Recipe-Knol Khol in Yogurt,0.0
5397,Badam And Besan Ladoo Recipe,0.0
8446,Maharashtrian Style Gajarachi Koshimbir Recipe -Carrot Salad,0.0
8445,Awadhi Style Sheermal Recipe - Sweet Flat Bread,0.0
5398,Churma Ladoo Recipe With Badam & Flaxseed - High Protein Snack,0.0
8441,Averekaalu Rava Laddu Recipe - Field Beans Semolina Ladoo,0.0
8439,केरल की कटहल सब्ज़ी रेसिपी - Kerala Style Jack Fruit Seeds Stir Fry (Recipe In Hindi),0.0
8436,चम्मंथी चटनी रेसिपी - Chammanthi Chutney Recipe,0.0
5399,Til Ke Ladoo Recipe - Sesame Ladoo Recipe,0.0
8432,Ragi Malpua With Rabri Recipe (Indian Pancakes With Creamy Pudding),0.0
8430,Oats and Green Moong Dal Dahi Vada Recipe,0.0
5401,दाल शोरबा रेसिपी - Dal Shorba Recipe,0.0
5402,Kashmiri Style Al Rogan Josh Recipe- Pumpkin In Red Curry,0.0
5403,गाजर धनिए का सूप रेसिपी - Carrot And Coriander Soup Recipe,0.0
5404,बीटरूट सूप रेसिपी - Indian Style Beetroot Soup Recipe,0.0
8422,Manoharam Murukku Recipe-South Indian Diwali Special Paruppu Thengai),0.0
8468,Pumpkin Coconut Ladoo Recipe,0.0
8472,Atukula Ladoo Recipe - Sweetened Poha Energy Balls,0.0
8531,Corn Matar Kachori Recipe,0.0
8510,Gujarati Khichu Recipe - Steamed Rice Flour Savory Donuts,0.0
8502,Kerala Style Puttu Upma Recipe With Scrambled Eggs,0.0
5355,Kashmiri Style Nadir Monjvor Recipe - Lotus Stem Cutlets,0.0
8506,कच्चे आम और ककड़ी का सलाद रेसिपी - Raw Mango Cucumber Salad Recipe,0.0
8507,Bitter Gourd Peel Puri Recipe,0.0
8508,Bitter Gourd Chips Recipe,0.0
8509,Baked Bitter Gourd Bhajji Recipe - Karela Fritters,0.0
5354,Kashmiri Style Mutton Gogji Syun Recipe - Mutton & Turnip,0.0
5371,नदरू के कबाब रेसिपी - Nadru Ke Kabab Recipe,0.0
8513,Kesar Shrikhand Recipe - Greek Yogurt Pudding With Saffron,0.0
8514,Ratalu Pakora Recipe - Purple Yam Pakora/Fritters,0.0
8515,Gujarati Wadi Pulao Recipe,0.0
8516,Gujarati Gor Keri Recipe - Sweet And Spicy Raw Mango Pickle,0.0
5353,Kashmiri Style Gushtaba Recipe - Mutton Kofta in Curd,0.0
8522,अंडे का पकोड़ा रेसिपी - Egg Pakora Recipe,0.0
5356,Green Tea Coconut Ladoo Recipe - Coconut Energy Balls,0.0
8498,Carrot Lemon Rice Recipe,0.0
5357,Dal Tadka Recipe Flavored with Lemon and Coriander,0.0
5358,मसाला पोहे रेसिपी - Masala Pohe Recipe,0.0
5359,गाजर वडी रेसिपी - Gajar Vadi Recipe,0.0
8494,Ambade Kaarle Lonche Recipe - Hog Plums & Bitter Gourd Pickle,0.0
8493,कश्मीरी स्टाइल नदरू रेसिपी - Kashmiri Style Nadru Yakhni Recipe,0.0
8492,Karathe Nonche Recipe - Bitter Gourd Pickle,0.0
5361,Lauki Burfi With Paneer Recipe - Bottle Gourd Fudge With Cottage Cheese,0.0
5363,वाटरमेलन और पम्पकिन सीड्स पौड़ी रेसिपी - Watermelon And Pumpkin Seeds Podi Recipe,0.0
5364,माविनाकई चटनी रेसिपी - Mavinakayi Chutney Recipe,0.0
8485,पालक पूरी रेसिपी - Palak Puri Recipe,0.0
5368,कीरई वडई रेसिपी - Keerai Vadai Recipe,0.0
8483,Puli Upma Recipe - Tamarind & Rice Rava Upma,0.0
8482,Quick & Easy Idli Upma Recipe With Figaro Olive Oil,0.0
8475,"Guilt-free Amaranth, Dates and Almond Ladoo Recipe",0.0
8474,Whole Wheat Sonth Ke Ladoo Recipe,0.0
8178,पुडलंगाई मिलागु कूट रेसिपी - Pudalangai Milagu Kootu Recipe,0.0
8176,अासामीस बिलाहिर तोक रेसिपी - Assamese Bilahir Tok Recipe,0.0
5658,Ratalu Ki Chutney Recipe - Yam Chutney Recipe,0.0
7907,Kadale Chutney Recipe - Fried Gram Chutney,0.0
7898,Roasted Pumpkin Rava Dhokla Recipe - Sooji Dhokla,0.0
7899,Phool Makhana Recipe - Healthy Roasted Lotus Seeds Snack,0.0
7900,Ginger Lemon Black Tea Recipe,0.0
7901,आलू गाजर मटर सब्ज़ी रेसिपी - Aloo Gajar Matar Sabzi Recipe,0.0
7903,Vazhaipoo Paruppu Usili Recipe - Banana Flower Paruppu Usili,0.0
5595,कच्चे आमवाली मसूर दाल रेसिपी - Raw Mango Masoor Dal Recipe,0.0
5594,Barnyard Millet Idli And Dosa Recipe,0.0
7896,ब्रोकली रवा इडली रेसिपी - Broccoli Rava Idli Recipe,0.0
7909,सूखे छोले रेसिपी - Sukhe Chole Recipe,0.0
7910,Crispy Chicken Pakoda Recipe,0.0
5591,Gond Ke Ladoo Recipe - Edible Gum Ladoo,0.0
7913,Red Chilli Thecha - Maharashtrian Style Red Chilli Chutney Recipe,0.0
7915,Mavinakayi Gojju Recipe - Mango Curry,0.0
7916,Karnataka Style Aralu Sandige Recipe - Puffed Paddy Fryums,0.0
7897,मूली रायता रेसिपी - Mooli Raita Recipe,0.0
5597,Chicken Tikka Recipe,0.0
5577,आलू सागु रेसिपी - Potato Saagu Recipe For Rava Idli,0.0
5612,आम की सब्ज़ी रेसिपी - Mango Curry Recipe,0.0
7870,Sweet Lime Soda Recipe,0.0
7872,गाजर तड़का रायता रेसिपी - Carrot Tadka Raita Recipe,0.0
7873,Carrot Tadka Raita Recipe- Crunchy Grated Carrot In Yogurt,0.0
7874,Kerala Style Ragi Puttu Recipe - Healthy Diabetic Friendly Recipe,0.0
7875,Ragi Wheat Phulka Recipe- Diabetic Friendly Ragi Roti,0.0
7876,दाल कबीला रेसिपी - Dal Kabila Recipe,0.0
7878,Oats Pesarattu Recipe - Oatmeal & Green Gram Crepes,0.0
7891,Tamil Nadu Style Vellai Paniyaram Recipe - Semi Sweet Rice & Dal Fritters,0.0
5610,Rajma and Corn Salad Recipe,0.0
5606,Ambe Dal Recipe - Maharashtrian Salad with Raw Mango & Chana Dal,0.0
7884,Dill Cucumber Raita Recipe,0.0
7885,कच्चा केला और भिंडी की सब्ज़ी रेसिपी - Kaccha Kela Aur Bhindi Ki Sabzi Recipe,0.0
7887,Green Chutney Aloo Chaat Recipe,0.0
7889,खट्टे पुदीना आलू रेसिपी - Khatte Pudina Aloo Recipe,0.0
7917,कश्मीरी स्टाइल नून चाय रेसिपी - Kashmiri Style Noon Chai Recipe,0.0
5589,Chicken Masala Fry Recipe,0.0
7919,पुडलंगाई पोरियल रेसिपी - Pudalangai Poriyal Recipe,0.0
7947,Instant Nimbe Avalakki Recipe - Instant Poha Snack,0.0
5582,Sabbakki Rava Idli Recipe- Sabudana Rava Idli,0.0
5581,Barley Rava Idli Recipe,0.0
5580,Classic South Indian Rava Idli Recipe,0.0
7944,Bajri Methi Na Vada Recipe - Pearl Millet Flour Fritters,0.0
7945,Konkani Style Phanna Doddak Recipe-Tempered Dosa Recipe,0.0
7946,Adrak Chai Recipe - Indian Style Ginger Tea,0.0
7950,मूंग दाल इडली डोसा बैटर रेसिपी - Moong Dal Idli & Dosa Batter Recipe,0.0
7920,Aam Pudina Ka Panna Recipe,0.0
7952,पालक तौव्वे रेसिपी - Palak Tovve Recipe,0.0
7953,Karnataka Style Guliappa Recipe (Gundponglu/Paniyaram/Paddu),0.0
5578,पालक और मूंग दाल पकोडा रेसिपी - Palak And Moong Dal Pakoda,0.0
7955,Masala Chaas Recipe - Indian Spiced Buttermilk,0.0
7956,मसाला छास रेसिपी - Masala Chaas Recipe,0.0
7957,Bengali Bhog Khichuri Recipe - Bengali Khichdi Using Electric Pressure Cooker,0.0
7938,Masala Lachha Paratha Recipe,0.0
7937,Thandu Keerai Poriyal Recipe - Amaranth Leaves Stir Fry,0.0
7936,टोफू भुर्जी रेसिपी - Tofu Bhurji Recipe,0.0
7935,Amaranth Leaves Khichdi Recipe,0.0
7934,Ginger-Holy Basil Tisane - Adrak Tulsi Chai Recipe,0.0
7933,High-Protein Peanut Chutney Recipe-Indian Style Peanut Chutney Without Coconut,0.0
7932,Spongy Quinoa Idli Recipe,0.0
7931,हलीम के कबाब रेसिपी - Haleem Ke Kebab Recipe,0.0
7930,Bedmi Poori Recipe - Spiced Split Black Lentil Pooris,0.0
7929,Karela Tikki Recipe - Healthy Diabetic Snack,0.0
5583,Veggie Rava Idli Recipe- Healthy Breakfast Idli,0.0
5584,अंकुरित मूंग और प्याज के पकोड़े रेसिपी - Sprouted Moong And Onion Pakora,0.0
5585,काजू पकोड़ा रेसिपी - Kaju Pakoda Recipe,0.0
7925,थंडू कीरई पोरियल रेसिपी - Thandu Keerai Poriyal Recipe,0.0
5586,केरला स्टाइल अरबी की सब्ज़ी रेसिपी - Kerala Style Arbi Curry,0.0
7923,Narikol Pitha Recipe - Sweetened Coconut Fritter,0.0
7922,Yellow Pumpkin Pulao Recipe,0.0
7868,Refreshing Sweet Lime Soda Recipe,0.0
7867,केरला स्टाइल टमाटर फ्राई रेसिपी - Kerala Style Tomato Fry Recipe,0.0
7865,Beetroot Garlic Lemon Rasam Recipe,0.0
5641,Matta Rice Peas Pulao Recipe,0.0
7772,Multigrain Crepe Recipe Filled With Spicy Mashed Potatoes,0.0
7776,केला बेसनी सब्ज़ी विधि रेसिपी - Kela Besani Sabzi Recipe,0.0
7780,Assamese Style Mohura Pitha Recipe - Sweet Rice Dumplings Recipe,0.0
7783,Cabbage Pachadi Recipe,0.0
5647,लोबिया सांबर रेसिपी - Black Eyed Beans Sambar`Recipe,0.0
5646,उत्तर कनारा खट्टी मीठी आम की चटनी रेसिपी - North Kanara Sweet And Sour Raw Mango Chutney Recipe,0.0
5640,इंस्टेंट बेक्ड आलू टिक्की रेसिपी - Instant Baked Aloo Tikki Recipe,0.0
5630,बिरयानी चम्मंथी रेसिपी - Biryani Chammanthi Recipe,0.0
7795,Chow Chow and Carrot Kootu Recipe,0.0
7801,Hesaru Bele Southekayi Kosambari Recipe - Cucumber Kosambari,0.0
7802,Raw Mango Cucumber Salad Recipe with Roasted Peanuts,0.0
7803,मसालेवाली तुरई की सब्ज़ी रेसिपी - Masalewali Turai Sabzi Recipe,0.0
7804,तमिल नाडु स्टाइल ब्रोकली पोरियल रेसिपी - Tamil Nadu Style Broccoli Poriyal Recipe,0.0
5636,उकड़ रेसिपी - Maharashtrian Rice Flour Porridge Recipe,0.0
5649,Ellu Sadam Recipe - South Indian Style Til Pulao Recipe,0.0
7765,Beetroot Carrot Halwa Recipe,0.0
7764,Authentic Nimki Recipe - Evening Tea Time Snack,0.0
5650,Maharashtrian Kadhi Recipe,0.0
5651,Moong Dal Khichdi Recipe,0.0
7755,Maharashtrian Karanji Recipe (Gujiya) - A Delicious Diwali Sweet,0.0
5652,Boiled Egg With Salt And Pepper Recipe - Finger Food For Babies Above 9 Months,0.0
7753,Makhane Ki Phirni Recipe - Lotus Seed Milk Pudding,0.0
5655,अंकुरित मूंग दाल रेसिपी - Sprouted Moong Dal Recipe,0.0
7748,Papaya and Carrot Halwa Recipe,0.0
7745,Baked Multigrain Mathri Recipe with Italian Flavors,0.0
7744,Mint And Coriander Spicy Multigrain Cracker Recipe (Mathri),0.0
5656,Aamras Recipe - Ripe Mango Ras,0.0
7741,Ellu Sadam Recipe - Sesame Rice,0.0
7740,Mahunada Khaja Recipe - Rose Cookie Recipe,0.0
7739,Kharbyaali Masale Khara Recipe - North Karnataka Sambar Powder,0.0
7732,Kaju Katli Recipe (Kaju Barfi),0.0
5634,करेला चिप्स रेसिपी - Bitter Gourd Chips Recipe,0.0
5629,उत्तराखंड मूली थेचुआ रेसिपी - Uttarakhand Mooli Thechua Recipe,0.0
7864,Chatpata Potato Canapes Recipe,0.0
7848,High Protein Soya Idli & Dosa Batter Recipe,0.0
7837,भेल पूरी रेसिपी - Bhel Puri Recipe,0.0
7840,Crispy Paneer Pakora Recipe With Garlic Chutney,0.0
7841,Cauliflower Palak Methi Muthia Recipe,0.0
7843,South Indian Filter Coffee Recipe With Filter Coffee Powder,0.0
7844,High Protein Soya Idli Recipe,0.0
7846,चाय मसाला पाउडर रेसिपी - Indian Tea Masala Powder Recipe,0.0
5616,चेटिनाड मुत्तई मसाला रेसिपी - Chettinad Muttai Masala,0.0
5628,कच्चे आम का रायता रेसिपी - Raw Mango Raita,0.0
5615,गोअन मूलयाचो रोस रेसिपी - Goan Moolyacho Ross,0.0
7851,Karnataka Style Kashi Halwa Recipe With Ash Gourd,0.0
7852,Rose Lassi Recipe,0.0
7854,पंजाबी स्टाइल टिंडा सब्ज़ी रेसिपी - Punjabi Style Tinda Sabzi Recipe,0.0
7856,Paal Kozhukattai Recipe With Bananas - With Vegan Option,0.0
5613,कच्चे आम की चटनी रेसिपी - Sweet and Spicy Raw Mango Chutney,0.0
7836,Green Chutney Recipe - Coriander Mint Chutney Recipe,0.0
5618,सुरन मूंगफली करी रेसिपी - Suran Moongphali Curry,0.0
5621,Dahi Sabudana Recipe (Savory Tapioca Pearls Seasoned with Yogurt),0.0
5622,तोक दाल रेसिपी - Bengali Style Raw Mango Dal,0.0
7830,Haleem Ke Kebab Recipe,0.0
7829,पाइनएप्पल कुकुम्बर सलाद रेसिपी - Pineapple Cucumber Salad Recipe,0.0
7825,भट्ट की दाल रेसिपी - Bhatt Ki Dal Recipe,0.0
7824,बेकरी स्टाइल बेक्ड निपट्टू रेसिपी - Bakery Style Baked Nippattu Recipe,0.0
5624,वेंडकाई पुली कूटू रेसिपी - Vendaikai (Okra) Puli Kootu,0.0
5625,चाउ चाउ गाजर कूटू रेसिपी - Chow Chow and Carrot Kootu,0.0
7821,Ragi Kanji Recipe - Salt Version,0.0
7820,Mooli Raita Recipe - Spiced Yogurt Salad with Radish,0.0
5626,पोतोलेर डोलमा रेसिपी - Potoler Dolma Recipe,0.0
7815,High Protein Soya Dosa Recipe,0.0
7814,Moong Dal Dosa Recipe,0.0
7812,Moong Dal Idli & Dosa Batter Recipe,0.0
7810,Homemade Idli Dosa Batter Recipe,0.0
7958,Carrot Badam Kheer Recipe - Carrot Almond Milk Pudding,0.0
7960,Nellikai Chitranna Recipe - Gooseberry-Amla Rice Recipe,0.0
5485,Meetha Daliya With Milk & Fruits Recipe - Broken Wheat Porridge,0.0
8100,मोटा दाना जयपुर स्वीट रेसिपी - Mota Dana Jaipur Sweet (Recipe In Hindi),0.0
8092,The Paruppu Podi Recipe - South Indian Spiced Dal Chutney Powder,0.0
8093,Uppu Mani Kozhukattai Recipe - Kara Pidi Kozhukattai,0.0
8094,Thengai Poornam Kozhukattai & Uppu Kozhukattai Recipe,0.0
8095,Chickpea Sundal Recipe,0.0
5514,7 Cups Burfi Recipe,0.0
5512,Kesar Chai Recipe - A Delicious Saffron Flavored Indian Tea,0.0
8102,प्रून चटनी रेसिपी - Spiced Prune Chutney Recipe,0.0
8090,Pumpkin Thoran Recipe - South Indian Pumpkin Sabzi,0.0
8103,Chettinad Vegetable Pulav Recipe -,0.0
8104,आंध्रा स्टाइल मक्का गरेलु रेसिपी - Andhra Style Makka Garelu Recipe,0.0
8105,बेक्ड करेला भज्जी रेसिपी - Baked Bitter Gourd Bhajji Recipe,0.0
5511,Oats Banana And Apple Porridge Recipe For Babies And Toddlers,0.0
8107,Sabudana Sandige Recipe - Sabudana Vadam Recipe,0.0
8108,Akki Peni Sandige Recipe - Rice idiyappam Fryums,0.0
5515,Achari Lachha Paratha Recipe-Spicy Indian Style Flaky Bread,0.0
8089,Matki Chi Usal Recipe - Spicy Moth Sprouted Salad,0.0
7962,Pisarna Manga Recipe -Instant Raw Mango Pickle,0.0
5520,Instant Bengali Aam Doi Recipe - No Cook Sweet Mango Yogurt,0.0
8066,Ulundu Kozhukattai Recipe - Uppu Kozhukattai/ Urad Dal Modak,0.0
8067,North Indian Sooji Halwa Recipe,0.0
8069,Paneer Satay Recipe,0.0
8071,Mysore Chutney Recipe - Chana Dal Chutney,0.0
8072,Grated Cucumber Raita Recipe,0.0
5521,Sweet & Spicy Totapuri Mango Chutney Recipe,0.0
5519,धनिया पुदीना चटनी रेसिपी - Green Chutney Recipe,0.0
8088,अरबी के कबाब रेसिपी - Arbi Ke Kebab Recipe,0.0
5518,बेक्ड चना दाल वड़ा रेसिपी - Baked Chana Dal Vada Recipe,0.0
5517,बेक्ड केले के चिप्स रेसिपी - Baked Banana Chips Recipe,0.0
5516,Jowar Garlic Naan Recipe- Healthy Sorghum Naan,0.0
8082,Beetroot Gajar Mooli Salad Recipe - Radish & Beetroot Salad,0.0
8084,Ragi Appam Recipe - A Healthy Twist To The Classic Kerala Appam,0.0
8086,Paal Kesari Recipe - South Indian Style Milk Kesari,0.0
8109,Chiroti Recipe - Delicious Crispy Layered Sweet Puri,0.0
5508,Cucumber Pineapple Raw Mango Salad Recipe,0.0
8117,Healthy Pumpkin Carrot Idli Recipe,0.0
5495,Mamidikaya Nuvvula Pachadi Recipe - Raw Mango Til Chutney Recipe,0.0
5499,Mamidikaya Pesara Pappu Pachadi Recipe - Raw Mango & Dal Chutney,0.0
8154,इलानीर रसम रेसिपी - Elaneer Rasam Recipe,0.0
5497,Pudina Mavinakayi Chutney Recipe - Mint Mango Chutney,0.0
8158,Badam Sharbat Recipe - Almond Milk With Nuts & Spices,0.0
5496,Mavinakayi Chutney Recipe - South Canara Raw Mango Chutney,0.0
8160,मोतिया चिलमन पुलाव रेसिपी - Motiya Chilman Pulao Recipe,0.0
8162,Kathiawadi Dhokli Nu Shaak Recipe,0.0
8118,गोअन काजू करी रेसिपी - Goan Kaju Curry Recipe,0.0
8163,दही ओट्स रेसिपी - Curd Rice Style Overnight Oats Recipe,0.0
8164,Kesar Malai Doodh Recipe,0.0
8165,Mung Pani Recipe - Whole Green Mung Soup,0.0
5494,मुरुंगइ किरई मसाला वडइ रेसिपी - Murungai Keerai Masala Vadai Recipe,0.0
5493,मखाना पकोरा रेसिपी - Puffed Lotus Seed Pakoras Recipe,0.0
5492,चाउ चाउ सब्ज़ी रेसिपी - Chow Chow Poriyal,0.0
5500,चना चाट रोल रेसिपी - Spicy Chana Chaat Frankie Recipe,0.0
8148,Gujarati Kachariyu Recipe - Spiced Sesame And Coconut Ladoos,0.0
8147,Gujarati Adadiya Ladwa Recipe - Urad Dal Halwa with Nuts & Spices,0.0
8145,Gujarati Kadhi With Milk And Mint Recipe,0.0
5501,Khatta-Meetha Aam Ka Murabba Recipe,0.0
8140,पुदीना मविनाकाई चटनी रेसिपी - Pudina Mavinakayi Chutney Recipe,0.0
8139,Barnyard Millet Jaggery Payasam Recipe,0.0
5502,तीखे पत्ता गोभी चावल रेसिपी - Spicy Cabbage Rice Recipe,0.0
8135,Kuvar Pak Recipe,0.0
5503,लौकी पील चटनी रेसिपी - Bottle Gourd Peel Chutney Recipe,0.0
8130,Uparghi Laadu Recipe - Whole Wheat Flour & Banana Squares,0.0
8128,Gujarati Style Adadiya Pak Recipe,0.0
8127,Rasawala Dhokla Recipe,0.0
8124,अवरेकालू उसली रेसिपी - Avarekaalu Usli Recipe,0.0
8123,वेपमपू करा कोलंब रेसिपी - Vepampoo Kara Kuzhambu Recipe,0.0
8122,Green Chutney Rava Dhokla Recipe - Sooji Dhokla,0.0
5504,हुरूली कालु चटनी पौड़ी रेसिपी - Horse Gram Chutney Podi Recipe,0.0
5522,Bengali Aam Chingri Recipe - Prawn Mango Curry In Mustard Sauce,0.0
8064,Green Moong Dal Sundal Recipe,0.0
8063,करमनी सुंदल रेसिपी - Karamani Sundal Recipe,0.0
7990,Omapodi Diwali Mixture Recipe,0.0
7984,Elai Vadam Recipe-A Traditional South Indian Rice Papad,0.0
7985,Samosas with Spinach & Cottage Cheese Filling,0.0
5566,किरई सांबर रेसिपी - Keerai Sambar (Recipe In Hindi),0.0
7987,Cauliflower & Cucumber Raita Recipe (Cauliflower Yogurt Salad),0.0
5565,कोलम्बी भात रेसिपी - Maharashtrian Prawn Rice Recipe,0.0
7989,Kunukku Recipe - South Indian Spicy Lentil Fritters,0.0
5563,Pattani Sundal Recipe - Green Peas Sundal Recipe,0.0
5551,Amrakhand Recipe - Mango Shrikhand Recipe,0.0
7994,Doodhi Na Muthiya Dhokla Recipe,0.0
5562,मट्टा राइस मटर पुलाव रेसिपी - Matta Rice Peas Pulao,0.0
7997,Pavakka Theeyal Recipe - Bitter Gourd In A Roasted Coconut Gravy,0.0
5561,कुरकुरे मक्का और शिमला मिर्च चाट रेसिपी - Corn And Bell Peppers Chaat,0.0
8000,Beetroot Halwa Recipe,0.0
8002,Brown Rice Kozhukattai Recipe - Savory Brown Rice Dumplings,0.0
7983,Nei Appam / Unniyappam Recipe - Coconut Banana Fritters,0.0
5567,काबुली चना रसम रेसिपी - Kabuli Chana Rasam (Recipe in Hindi),0.0
7981,Idli Upma Recipe,0.0
7980,Moong Dal Khasta Kachori Recipe,0.0
7979,Gulab Jamun Recipe With Khoya,0.0
5568,चकुंदर सांबर रेसिपी - Beetroot Sambar (Recipe In Hindi),0.0
7977,Paruppu Payasam Recipe - Stewed Dal Coconut Milk Payasam,0.0
7975,कश्मीरी पनीर ग्रेवी रेसिपी - Kashmiri Paneer Gravy Recipe,0.0
7974,Rajasthani Ghevar Recipe,0.0
7973,Raw Mango Raita Recipe,0.0
7972,भिंडी टमाटर सब्ज़ी रेसिपी - Bhindi Tomato Sabzi Recipe,0.0
5574,Foxtail Millet Rava Idli Recipe,0.0
7969,Lauki Raita Recipe - Grated Bottle Gourd Yogurt Salad,0.0
7968,Whole Wheat Beetroot Paratha Recipe,0.0
7967,दही अचारी भिंडी रेसिपी - Dahi Achari Bhindi Recipe,0.0
7966,Bermuda Grass Ginger & Pepper Juice,0.0
7965,Onion Rava Dosa Recipe - Spiced Semolina Crepe,0.0
5552,Mango Phirni Recipe - Mango Rice Pudding Recipe,0.0
8006,Thattai Recipe (Crispy South Indian Savory Crackers),0.0
8062,Murungai Keerai Paruppu Usili Recipe - Drumstick Leaves & Toor Dal,0.0
8048,Sabudana Khatti Meethi Namkeen Recipe,0.0
8039,अवल उपमा रेसिपी - Aval Upma Recipe,0.0
8040,Healthy Homemade Ragi Dosa Recipe,0.0
8043,Ella Ada Recipe-Steamed Rice Pancakes With Coconut & Jaggery Filling,0.0
5541,Ripe Mango Pachadi Recipe - Ripe Mambazha Curry Recipe,0.0
5538,"Carrot, Radish & Peanut Salad with Lemon Recipe",0.0
5537,कांदा कैरीचि चटनी रेसिपी - Kanda Kairichi Chutney Recipe,0.0
5527,कोब्बारी चारु रेसिपी - Kobbari Chaaru Recipe,0.0
8007,दही के कबाब रेसिपी - Dahi Ke Kebab Recipe,0.0
8050,मूंगफली चटनी पोड़ी रेसिपी - Peanut Chutney Podi Recipe,0.0
8052,चिकन सीख कबाब रेसिपी - Chicken Seekh Kebab Recipe,0.0
8055,सुखी उरद दाल रेसिपी - Sukhi Urad Dal Sabzi Recipe,0.0
5524,सेनाइ किजहांगु वरुवल रेसिपी - Senai Kizhangu Varuval Recipe,0.0
8059,Kerala Style Appam Recipe Without Yeast,0.0
8060,Thenkuzhal Murukku Recipe - South Indian Snack,0.0
8038,Curd Jantikalu Recipe - Crispy Curd Snacks,0.0
5545,भरवा बेसन मिर्च रेसिपी - Bharwa Besan Mirch Recipe,0.0
8035,वन पॉट पंजाबी राजमा मसाला रेसिपी - One Pot Punjabi Rajma Masala Recipe,0.0
8034,वन पॉट प्रेशर कुकर चिकन करी रेसिपी - One Pot Pressure Cooker Chicken Curry Recipe,0.0
8031,North Arcot Special Godumai Rava Puliyodharai Recipe - Broken Wheat/Dalia Puliogare,0.0
8030,हरी मूंग दाल सुंदल रेसिपी - Green Moong Dal Sundal Recipe,0.0
8029,Pineapple Kesari Bhath Recipe - Sweet Semolina Pudding,0.0
5547,Mamidikaya Perugu Pachadi Recipe -Raw Mango Yogurt Pachadi,0.0
8024,"चकुंदर, गाजर और ककड़ी का सलाद रेसिपी - Beetroot, Carrot & Cucumber Salad with Peanuts Recipe",0.0
8022,Rajasthani Mirchi Bada Recipe - Chilli Fritters,0.0
8021,"Beetroot, Carrot & Cucumber Salad with Peanuts Recipe",0.0
8019,चेट्टिनाड ड्राई पेप्पर चिकन रेसिपी - Chettinad Dry Pepper Chicken Recipe,0.0
8016,वन पॉट बटर चिकन खिचड़ी रेसिपी - One Pot Butter Chicken Khichdi Recipe,0.0
5548,Kesar Mango Phirni Recipe,0.0
8013,Green Moong Dal Khichdi Recipe,0.0
8010,Indian Spicy Masala Cookie Recipe (Khara Biscuit),0.0
8008,Sabudana Kheer Recipe - Tapioca Pearl Milk Pudding,0.0
8657,Raw Mango Murabba Recipe - Cinnamon Spiced Mango Jam,0.0
8658,Mor Milagai Recipe - South Indian Sun Dried Chillies,0.0
8662,Spinach Khandvi Recipe - Savory Gram Flour Pinwheels With Spinach,0.0
9173,उरद की सुखी दाल रेसिपी - Urad Ki Sukhi Dal Recipe,0.0
9167,Kumro Patai Ilish Paturi Recipe - Hilsa Fish In Pumpkin Leaves,0.0
9168,Raw Jackfruit Poriyal Recipe - South Indian Raw Jackfruit Stir Fry,0.0
5032,Surati Jowar Vada Recipe,0.0
9170,Achari Paratha Roll Recipe,0.0
9171,क्रिस्पी चिकन पकोड़ा रेसिपी - Crispy Chicken Pakoda Recipe in Hindi,0.0
9172,क्रिस्पी कॉर्न चाट रेसिपी - Crispy Corn Chaat Recipe,0.0
5031,Baked Banana Chips Recipe,0.0
9165,Badam Halwa Recipe,0.0
9175,अदरक लहसुन का पेस्ट रेसिपी - Homemade Ginger Garlic Paste Recipe,0.0
9176,Konkani Tendli Sukke Recipe - Ivy Gourd/Tindora Stir Fry,0.0
9177,पुदीना दही चटनी रेसिपी - Pudina Dahi Chutney Recipe,0.0
9178,Steamed Sweet Corn Recipe Flavored with Chaat Masala Recipe,0.0
9179,Carrot And Beans Poriyal Recipe,0.0
9180,हरी मिर्च चिकन फ्राई रेसिपी - Green Chilli Chicken Fry Recipe,0.0
9166,काला चना आमटी रेसिपी - Kala Chana Amti Recipe,0.0
9164,Aval Kesari Recipe,0.0
9234,Kashmiri Mutton Yakhni Recipe,0.0
5045,सेब और प्याज की चटनी रेसिपी - Apple Onion Chutney (Recipe In Hindi),0.0
9147,गोभी मूंग दाल रेसिपी - Cauliflower Moong Dal Recipe,0.0
9149,कुलीथ दाल रेसिपी - Horsegram Dal Recipe,0.0
9150,Sweet Corn & Avarakkai Sundal Recipe,0.0
9151,रतालू की चटनी रेसिपी - Ratalu Ki Chutney Recipe,0.0
9152,Konkani Style Sol Kadhi Recipe - Kokum Flavored Coconut Curry,0.0
9153,Bengali Sita Bhog Recipe,0.0
5044,महाराष्ट्रियन मसाला भात रेसिपी - Maharashtrian Masala Bhath (Recipe In Hindi),0.0
9163,Apple Jalebi Recipe,0.0
5043,पुदीना दही चावल रेसिपी - Curd Rice Recipe With Mint (Recipe In Hindi),0.0
5042,सौंफ वाले आलू बैंगन रेसिपी - Saunf Wale Aloo Baingan (Recipe In Hindi),0.0
9158,Baked Vermicelli Malpua Recipe,0.0
5041,अालुची भाजी - Aluchi Bhaji (Recipe In Hindi),0.0
5040,Angaya Podi Recipe,0.0
9162,फालगुनी दाल रेसिपी - Phalguni Dal Recipe,0.0
5030,ओकरा पोरियल - Vendakkai Poriyal (Recipe In Hindi),0.0
9182,Paneer Stuffed Millet Patties Recipe,0.0
9183,Vazhaipoo Podimas Recipe - Banana Flower Poriyal/ Sabzi,0.0
5014,Amla Achaar Recipe | Hot & Sweet Indian Gooseberry Pickle,0.0
9209,Orange Peel Kuzhambu Recipe - Orange Peel Tamarind Based Curry,0.0
5022,Andhra Style Pappu Urumindi Recipe,0.0
5018,सफ़ेद अचारी बैंगन रेसिपी - Safed Achari Baingan (Recipe In Hindi),0.0
5017,मुल्तानी काली अरबी रेसिपी - Multani Kaali Arbi (Recipe In Hindi),0.0
9214,Karwar Style Varan Kadhi Recipe - Toor Dal in Coconut Milk Curry,0.0
5016,थेंगाई पाल कुर्मा रेसिपी - Thengai Paal Kurma (Recipe In Hindi),0.0
5013,Savoury Baked Arbi Chips Recipe,0.0
9185,Matar Samosa Recipe -Green Pea Samosa,0.0
9218,Spiced Beetroot Buttermilk Recipe,0.0
5012,Thotakura Undalu Recipe (Crispy Amaranth Leaves Balls),0.0
5011,सुखी आलू बैंगन की सब्ज़ी रेसिपी - South Indian Potato & Eggplant Sabzi (Recipe In Hindi,0.0
9224,Smoked Tandoori Chicken Recipe - Classic North Indian Chicken Recipe,0.0
5010,काला देसी चना रेसिपी - Kala Desi Chana (Recipe In Hindi),0.0
5009,हरी मूंग दाल मखनी रेसिपी - Green Moong Dal Makhani (Recipe In Hindi),0.0
5023,काला वटाना आमटी रेसिपी - Kala Vatana Amti (Recipe In Hindi),0.0
5025,मशरुम पसंदा रेसिपी - Mushroom Pasanda (Recipe In Hindi),0.0
9206,Rajasthani Gunde Ka Achaar Recipe (Bird Lime Pickle),0.0
9205,हल्दी दूध रेसिपी - Turmeric Milk Recipe,0.0
9204,दाल बंजारा रेसिपी - Dal Banjara Recipe,0.0
5026,छोले पिंडी रेसिपी - Chole Pindi (Recipe In Hindi),0.0
9202,जल जीरा रेसिपी - Jal Jeera Recipe,0.0
9201,Puri for Pani Puri Recipe -Golgappa/ Puchka Puri Recipe,0.0
9197,Sprouted Ragi & Rajma Cutlets Recipe,0.0
5027,Homemade Methi Ajwain Jeera Powder (Herbal Home Remedy for Digestion),0.0
9194,Meen Varuthathu Recipe - Kerala Style Fish Fry,0.0
5029,आलू गोभी की सब्ज़ी रेसिपी - Aloo Gobi Ki Sabzi (Recipe In Hindi),0.0
9190,मूंगफली की चटनी रेसिपी - Peanut Chutney Recipe,0.0
9189,Gujarati Meetha Pudla Recipe With Caramelized Bananas,0.0
9188,गाजर लौकी का रस रेसिपी - Gajar Lauki Juice Recipe,0.0
9187,Pepper Mushroom Stir Fry Recipe,0.0
9186,Chow Chow Thoran (Poriyal) Recipe,0.0
9146,दाल भजिया रेसिपी - Vegetable Dal Pakora Recipe,0.0
5047,सांबर राइस रेसिपी - South Indian Sambar Rice (Recipe In Hindi),0.0
5048,तुरई का थोरन रेसिपी - Snake Gourd Thoran (Recipe In Hindi),0.0
9088,Gujarati Methi Na Dhebra Recipe - Multigrain Jowar Bajra Paratha,0.0
5084,मुघलाई आलू मटर गोभी रेसिपी - Mughlai Aloo Matar Gobi (Recipe In Hindi),0.0
9081,Aloo Beans Sabzi Recipe - Potato & Beans Stir Fry,0.0
9082,Tandoori Potatoes Recipe,0.0
5083,बंगाली अंडे की सब्ज़ी रेसिपी - Bengali Egg Curry (Recipe In Hindi),0.0
5077,सरसो वाली एग करीरेसिपी - Mustard Egg Curry Recipe (Recipe In Hindi),0.0
9087,Lapsi Recipe - Sweetened Gujarati Broken Wheat,0.0
5075,पालक छोले रेसिपी - Palak Chole (Recipe In Hindi),0.0
9100,Awadhi Style Zarda Pulao Recipe,0.0
9090,चिकन काठी रोल रेसिपी - Chicken Kathi Roll Recipe,0.0
9091,Basundi / Rabri Recipe,0.0
9092,चकुंदर सलाद रेसिपी - Simple Steamed Indian Beet Salad Recipe,0.0
9094,Gajar Shimla Mirch Sambharo Recipe - Instant Gujarati Carrot Capsicum Pickle,0.0
9097,दाल वांगी रेसिपी - Dal Vangi Recipe,0.0
9098,क्रिस्पी पालक पकोरा रेसिपी - Crispy Palak Pakora Recipe,0.0
9079,निम्बू पुदीना कढ़ी पत्ता शिकंजी रेसिपी - Lemon Pudina Curry Leaf Shikanji Recipe in Hindi,0.0
5085,कोवक्का थोरन रेसिपी - Kovakka Thoran (Recipe In Hindi),0.0
9077,Mawa Gujiya With Badam and Pista Recipe,0.0
9076,Shakarkandi Malpua Recipe - Mishti Aloo Malpua Recipe,0.0
9075,Oats Apple Phirni Recipe,0.0
9074,बेबी कॉर्न पनीर काठी रोल रेसिपी - Baby Corn Paneer Kathi Roll Recipe,0.0
5101,Goan Style Tallyanche Hooman Recipe (Sardine Curry),0.0
9069,करूवेपिल्लई पचड़ी रेसिपी - Karuvepillai Pachadi Recipe,0.0
9068,Palak Paneer Stuffed Paratha Recipe,0.0
9067,Farali Pattice Recipe - A Popular Fasting Food,0.0
5105,येलो कुकुम्बर पछड़ी रेसिपी - Yellow Cucumber Pachadi (Recipe In Hindi),0.0
5106,प्याज वाली भिंडी रेसिपी - Pyaz Wali Bhindi (Recipe In Hindi),0.0
5108,Desiccated Coconut Coriander Chutney Recipe,0.0
9060,Pineapple Paneer Tikka Recipe,0.0
9059,Crispy Crunchy Roti Ke Papad Recipe,0.0
9058,Makai Dhokla Recipe - Savoury Steamed Corn Cake,0.0
9057,Semolina Gujiya Recipe,0.0
9099,Annanas Ka Muzzafar Recipe,0.0
9101,Baked Jaggery Rasgulla Recipe,0.0
9143,दाल बुखारा रेसिपी - Dal Bukhara Recipe,0.0
9132,सूखे छोले रेसिपी - Dry Chole Recipe,0.0
5061,सुखी मूंग पालक दाल रेसिपी - Sookhi Moong Palak Dal (Recipe In Hindi),0.0
9127,Karwar Style Lasani Kadhi Recipe - Kokum And Coconut Milk Curry,0.0
9128,Chow Chow Curry Recipe - Chayote Squash Stir Fry,0.0
9129,लोबिया मसाला रेसिपी - Lobia Masala Recipe,0.0
9130,Air fried Yogurt & Cottage Cheese Kebabs Recipe,0.0
9131,माँ की दाल रेसिपी - Maa Ki Dal Recipe,0.0
5059,धनिये वाली अंडे की सब्ज़ी रेसिपी - Coriander Egg Curry (Recipe In Hindi),0.0
5074,पेशावरी छोले रेसिपी - Peshawari Chole (Recipe In Hindi),0.0
5058,अंडा करी रेसिपी - Quick And Simple Egg Curry (Recipe In Hindi),0.0
5051,ब्रोकली अंडे की भुर्जी रेसिपी - Broccoli Egg Bhurji (Recipe In Hindi),0.0
5050,अरबी अजवाइन की सब्ज़ी - Roasted Colocasia Stir Fry With Ajwain (Recipe In Hindi),0.0
9138,चीज़ वाले आलू रेसिपी - Cheesy Potatoes Recipe,0.0
9140,पुदीना मूंग दाल रेसिपी - Pudina Moong Dal Recipe,0.0
9142,अमृतसरी सूखी दाल रेसिपी - Amritsari Sookhi Dal Recipe,0.0
9124,Baked Oats and Whole Wheat Kachori Stuffed with Peas Recipe,0.0
9123,पुलि इंजी रेसिपी - Tamarind Ginger Chutney,0.0
9122,टमाटर प्याज की चटनी रेसिपी - Tomato Onion Chutney Recipe,0.0
9119,पालक पनीर भुर्जी रेसिपी - Palak Paneer Bhurji Recipe,0.0
9118,तड़के वाली अरहर दाल रेसिपी - Tadka Arhar Dal Recipe,0.0
9116,नवरंग दाल रेसिपी - Navrang Dal Recipe,0.0
5062,आलू ब्रोकली सब्ज़ी रेसिपी - Aloo Broccoli Sabzi (Recipe In Hindi),0.0
9113,Baked Paneer Corn Kebab Recipe,0.0
9112,Baked Paneer Bread Pakora Recipe,0.0
5063,गोअन एग ड्राप करी रेसिपी - Goan Egg Drop Curry (Recipe In Hindi),0.0
5065,एग बटर मसाला रेसिपी - Egg Butter Masala (Recipe In Hindi),0.0
9109,Kela Methi Bhajiya Recipe,0.0
9108,पाइनएप्पल जल जीरा रेसिपी - Pineapple Jal Jeera Recipe,0.0
9107,क्रिस्पी स्वीट पोटैटो रेसिपी - Crispy Sweet Potato Recipe,0.0
5066,अंडे और तुरई की भुर्जी रेसिपी - Egg And Ridge Gourd Burji (Recipe In Hindi),0.0
5069,Manga Gojju Recipe (Spicy Mango relish),0.0
5071,गुजराती वाघरेली मग रेसिपी - Gujarati Vaghareli Mag (Recipe in Hindi),0.0
5008,कद्दू शिमला मिर्च की सब्ज़ी रेसिपी - Kaddu Simla Mirch Sabzi (Recipe In Hindi),0.0
5007,पालक बैंगन की सब्ज़ी रेसिपी - Palak Baingan Ki Sabzi (Recipe In Hindi),0.0
8665,पालक चना दाल रेसिपी - Palak Chana Dal Recipe,0.0
4965,सेहतमंद मेथी मलाई मटर रेसिपी - Methi Matar Malai (Recipe In Hindi),0.0
9384,Veggie Pearl Millet Tart Recipe,0.0
9385,Bharwa Baingan Aur Pyaaz Ki Sabzi Recipe - Roz Ka Khana With Figaro Olive Oil,0.0
9387,Dahi Suran Ki Sabzi Recipe (Stir Fried Yam in Dry Yogurt Curry Recipe),0.0
4967,अमृतसरी अजवाइनी पनीर रेसिपी - Amritsari Ajwaini Paneer (Recipe In Hindi),0.0
9391,Homemade Paneer Recipe,0.0
4966,केरला अवियल रेसिपी - Kerala Avial (Recipe In Hindi),0.0
4964,साग टोफू रेसिपी - Saag Tofu (Recipe In Hindi),0.0
4969,आलू बैंगन की सब्ज़ी रेसिपी - Aloo Baingan Ki Sabzi (Recipe In Hindi),0.0
4963,पनीर कालीमिर्च रेसिपी - Paneer Kalimirch (Recipe In Hindi),0.0
9400,Raw Banana Thoran Recipe,0.0
4961,साउथ इंडियन स्टाइल वेजिटेबल कुरमा रेसिपी - Vegetable Kurma (Recipe In Hindi),0.0
9402,Chettinad Kathirikai Chops Recipe - Brinjal Curry for Biryani,0.0
9404,Karnataka Style Southekayi Sippe Chutney Recipe (Mangalore Cucumber Peel Chutney Recipe),0.0
4960,पुलि किरई रेसिपी - Puli Keerai (Recipe In Hindi),0.0
4968,मटर पनीर रेसिपी - Matar Paneer (Recipe In Hindi),0.0
4970,लौकी टमाटर की सब्ज़ी रेसिपी - Lauki Tamatar Ki Sabzi (Recipe In Hindi),0.0
5006,आलू और मूली के पत्तो की सब्ज़ी रेसिपी - Aloo Aur Mooli Ke Patto Ki Sabzi (Recipe In Hindi),0.0
9366,Karnataka Style Sabsige Soppu Akki Rotti (Dill leaves and flattened Rice Bread Recipe),0.0
9359,Chicken Sholay Kebab Recipe - Chicken Sholay Kebab Recipe,0.0
9361,Kerala Kadala Curry Recipe (Kerala Kadala Curry),0.0
4974,आलू शिमला मिर्च की सब्ज़ी रेसिपी - Aloo Simla Mirch Ki Sabzi (Recipe In Hindi),0.0
9363,Tandoori Gobi Tikka Recipe - Tandoori Gobi Tikka Recipe,0.0
9364,Chickpea Tamarind Broth Recipe - Tolerant South Indian Gala Sana Surri,0.0
9365,Peeled Moong Dal Recipe - Chilke Wali Moong Dal Recipe,0.0
9368,Enduri Pitha With Mango Twist Recipe,0.0
4971,बटाटा नु शाक रेसिपी - Batata Nu Shaak (Recipe In Hindi),0.0
9369,Matar Masala Recipe - Peas In Onion Tomato Gravy,0.0
9371,Guava And Papaya Mimosa Drink Recipe,0.0
4973,लौकी चना दाल रेसिपी - Lauki Chana Dal (Recipe In Hindi),0.0
4972,आलू दम - Aloo Dum (Recipe In Hindi),0.0
9375,Kasuri Methi Mach Recipe - Dry Fenugreek Flavoured Fish Curry,0.0
9376,Kerala Style Christmas Plum Cake Recipe,0.0
4959,पालक पनीर रेसिपी - Palak Paneer (Recipe In Hindi),0.0
9409,Pudina Tambuli Recipe,0.0
9410,Maharashtrian Green Chilli Thecha Recipe,0.0
9445,Prawns Theeyal Recipe (Chemeen Theeyal),0.0
4945,मस्टर्ड वेजिटेबल करी रेसिपी - Mustard Vegetable Curry (Recipe In Hindi),0.0
9439,Verkadalai Sundal- Peanut Sundal Recipe,0.0
4944,तंदूरी पनीर टिक्का मसाला रेसिपी - Tandoori Paneer Tikka Masala (Recipe In Hindi),0.0
9442,Lemon Pudina Curry Leaf Shikanji Recipe in Hindi,0.0
9443,Bread Halwa Recipe,0.0
9444,Singhade Ka Achar Recipe (Water Chestnut Pickle),0.0
9446,Beetroot Chutney Recipe,0.0
9412,Palak Makki Ki Roti Recipe - Spicy Spinach Cornmeal Flatbread Recipe),0.0
4942,Apple Tea Latte Recipe,0.0
9448,Angaya Podi Recipe,0.0
4941,ढिंगरी मटर रेसिपी - Dhingri Matar (Recipe In Hindi),0.0
9450,Carrot Idli Recipe,0.0
4940,कैबेज बेसन फ्राई रेसिपी - Cabbage Besan Fry (Recipe In Hindi),0.0
9452,Easy Creamy Chicken Curry Recipe,0.0
9437,Mutton Dum Biryani Recipe,0.0
9434,Amarod Wright Recipe - Guava Wright,0.0
9433,Chettinad Muttai Masala,0.0
4946,गुजराती स्टाइल सेव टमाटर की सब्ज़ी रेसिपी - Sev Tamatar Ki Sabzi (Recipe In Hindi),0.0
9431,Frozen Royal Crumb Recipe,0.0
4947,Kitkat Cake With Sponge Recipe (Eggless),0.0
4948,Labongo Latika Recipe,0.0
9428,Baked Palak Ki Mathri Recipe (Baked Spinach Spicy Tea-Time Crackers),0.0
4950,अदरक लहुसन टोफू करी रेसिपी - Ginger Garlic Tofu Curry (Recipe In Hindi),0.0
9424,Hunase Saaru Recipe - Mysore Style Spicy Tamarind Rasam,0.0
4951,टमाटर प्याज वाली अरबी की सब्ज़ी रेसिपी - Arbi Tomato Onion Sabzi (Recipe In Hindi),0.0
4953,Palak Raita Recipe (Spinach Yogurt Salad),0.0
4954,कढ़ाई पनीर रेसिपी - Kadai Paneer (Recipe In Hindi),0.0
9419,Mint Coriander Spice Pulao Recipe,0.0
4955,सुखी आलू सब्ज़ी रेसिपी - Sukhi Aloo Sabzi (Recipe In Hindi),0.0
4958,लौकी यखनी रेसिपी - Lauki Yakhini (Recipe In Hindi),0.0
9414,Aloo Dal Pakoras Recipe,0.0
9358,Cauliflower And Peas Bhurji Recipe,0.0
9356,Karwar Style Phodni Phov Recipe- Red Rice Poha With Cashew Nuts,0.0
4975,Osmania Biscuits Recipe,0.0
4992,करेला मसाला सब्ज़ी रेसिपी - Karela Masala Sabzi (Recipe In Hindi),0.0
4995,Goan Style Bebinca/ Bebik/ Bebinka Recipe,0.0
9272,Mushroom Biryani Recipe,0.0
4994,आलू पालक सब्ज़ी रेसिपी - Aloo Palak Sabzi (Recipe In Hindi),0.0
9275,Gujarati Style Lapsi Recipe - Millet Sweet Pudding,0.0
4993,फूल गोभी की सब्ज़ी रेसिपी - Phool Gobi Sabzi (Recipe In Hindi),0.0
9280,Pudina Khara Pongal Recipe - Pudina Khara Pongal Recipe,0.0
9283,Vatana Bateta Na Rotla Recipe - Gujarati Peas and Potato Roti,0.0
4989,करामानी पोरियल रेसिपी - Karamani Poriyal (Recipe In Hindi),0.0
9284,Mutton Chaap Recipe - Slow Cooked Lamb Chops,0.0
9287,Milagai Podi Uthappam Recipe - Spicy Chilli Powder Pancake Recipe,0.0
9288,Rajasthani Steel White Mass Recipe,0.0
9291,Baked Bhakarwadi Recipe,0.0
9293,Red Chilli Coconut Chutney Recipe - Red Chilli Coconut Chutney,0.0
9294,Rajasthani Mirchi Bada Recipe - Chilli Fritters,0.0
9269,Carrot Lemon Rice Recipe,0.0
4997,साउथ इंडियन नारियल की चटनी रेसिपी - South Indian Coconut Chutney (Recipe In Hindi),0.0
9265,Crunchy Carrot Peanut Raita Recipe - Gajar Moongphali Raita,0.0
9264,Millet Potato Paratha Recipe,0.0
4998,धनिये और नारियल की चटनी रेसिपी - Green Coriander And Coconut Chutney (Recipe (In Hindi),0.0
4999,लाल मिर्च और टमाटर की पचड़ी रेसिपी - Red Chilli and Tomato Pachadi (Recipe In Hindi),0.0
5000,पका केला की सब्ज़ी रेसिपी - Paka Kela Ki Sabzi (Recipe In Hindi),0.0
5001,गोभी के पत्तो की चटनी रेसिपी - Cauliflower Leaves Chutney (Recipe In Hindi),0.0
9256,Leftover Dal Paratha Recipe,0.0
9255,Karwar Style Madgane Recipe With Oats & Rajgira,0.0
5002,आलू परवल की सब्ज़ी रेसिपी - Aloo Parwal Sabzi (Recipe In Hindi),0.0
9252,Rasgulla custard pudding recipe,0.0
5004,Uttaranchal Style Garwhali Kafuli Recipe (Spinach Curry),0.0
9249,Healthy Vegetable Poha Cutlet Recipe -Vegetable Beaten Rice Patty,0.0
9248,Chettinad Egg Paniyaram Recipe | Rise Paniyaram Recipe,0.0
9247,Milagu Jeera Curry Leaf Sadam Recipe,0.0
9245,Methi Pakoras Recipe,0.0
4990,कीरई मसियल रेसिपी - Keerai Masiyal (Recipe In Hindi),0.0
9297,Awadhi Khatti Arbi Ka Salan Recipe - Awadhi Style Khatti Arbi Ka Salan (Recipe In Hindi),0.0
9353,Recipe Wheat Phulka Yeast- Diabetic Friendly Baker's Yeast,0.0
9338,Lauki Raita Recipe - Gourd Raita Recipe,0.0
9325,Lemon Coconut Chia Energy Balls Recipe,0.0
9329,Kashmiri Style Gushtaba Recipe - Mutton Kofta in Curd,0.0
4980,मशरुम मेथी ब्राउन राइस रेसिपी - Mushroom Methi Brown Rice (Recipe In Hindi),0.0
9332,Raw Banana Cutlet Recipe - No Onion No Garlic Jain Cutlet,0.0
9333,Carrot Paruppu Usili Recipe - Steamed Lentils Crumbled With Carrots,0.0
4979,एल्लु चटनी रेसिपी - Sesame Seeds Chutney (Recipe In Hindi),0.0
9341,Mullu Murukku Recipe - Chakli Recipe - South Indian Snack,0.0
9299,Gul Poli Recipe (Maharashtrian Jaggery & Sesame Stuffed Flatbread),0.0
9342,Gravel-til Bhakri Recipe (Cesme Crusted Barge Flobard),0.0
9346,Brinjal Mor Kuzhambu Recipe,0.0
4978,थाबडी पेंडा रेसिपी - Thabdi Peda (Recipe In Hindi),0.0
9348,No Bake Rice Mawa Cake Recipe,0.0
9349,Phul Gobi Ka Thoran Recipe - Kerala Style Cauliflower (Recipe In Hindi),0.0
9350,Doodanche Fov Recipe (Goan Style Milk Beaten Rice/Poha In Milk),0.0
9323,Aam Ki Kheer Recipe - Mango Coconut Payasam Recipe,0.0
9322,Gujarati Wadi Casserole Recipe,0.0
4981,ब्रोकली और पेप्पर राइस रेसिपी - Broccoli & Pepper Rice (Recipe In Hindi),0.0
9320,Pumpkin Sabzi Recipe - Pumpkin Sabzi With Panch Phoron Masala (Recipe In Hindi),0.0
9319,Fennel Potato Recipe - Saunf Aloo Recipe,0.0
4982,गवारफली की सुखी सब्ज़ी रेसिपी - Gavarfali Ki Sukhi Sabzi (Recipe In Hindi),0.0
9312,Ulundagorai - Spicy Urad Dal Flavored Rice (For Prashad & Naivedyam) Recipe,0.0
9311,Kashmiri Style Chaman Recipe-Qaliya Cottage Cheese Curry,0.0
4983,जीरा आलू सब्ज़ी रेसिपी - Jeera Aloo Sabzi (Recipe In Hindi),0.0
4984,टमाटर मटर पोहा रेसिपी - Tomato Poha With Peas (Recipe In Hindi),0.0
9308,Semia Pudding Recipe - Vermicelli Kheer Recipe,0.0
9307,Paneer Matar Butter Masala (Paneer Matar Butter Masala Recipe),0.0
9306,Aloo Gobi Sabzi Recipe - Potato And Cauliflower Dry Curry,0.0
4985,मटर का चीला रेसिपी - Matar Ka Cheela (Recipe In Hindi),0.0
4987,वेजिटेबल उत्तपम रेसिपी - Vegetable Uttapam (Recipe In Hindi),0.0
9302,No Onion No Garlic Lauki Paneer Kofta Curry Recipe,0.0
4988,बेसन भुर्जी रेसिपी - Besan Burji (Recipe In Hindi),0.0
9056,Gujarati Mooli Bajra Muthia Recipe - Radish And Bajra-Besan Dmplings,0.0
9055,Dal Dhokli Recipe With Sprouted Moong Dal,0.0
9054,Beguni Recipe - Baingan/Eggplant Pakora,0.0
5238,Kovakkai Podi Curry Recipe - Tamil Nadu Style Ivy Gourd Stir Fry,0.0
8780,Green Moong Dal Kootu with Raw Banana Peel Recipe,0.0
5249,कोसामली रेसिपी - Chettinad Style Brinjal And Potato Mash Recipe,0.0
5247,मसाला चाय रेसिपी - Masala Chai Recipe,0.0
5240,अदरक चाय रेसिपी - Adrak Chai Recipe,0.0
8785,लहसुन आमला चटनी रेसिपी - Lehsun Amla Chutney Recipe,0.0
8786,बीटरूट छास रेसिपी - Spiced Beetroot Buttermilk Recipe,0.0
5237,Instant Tindora And Carrot Pickle Recipe,0.0
8778,Val Papdi Bhaji Recipe - Goan Style Flat Beans Dry Sabzi,0.0
8790,Kathirikai Paruppu Kootu Recipe,0.0
8792,Mulangi Thoran Recipe - Radish Stir Fry With Coconut,0.0
8793,Vendakkai Varuval Recipe - Tamil Nadu Style Okra Stir Fry,0.0
8796,Fish Tikka Masala Skewer Recipe,0.0
8797,थेंगइ थोगयल रेसिपी - Thengai Thogayal Recipe,0.0
8798,Kerala Style Fish Curry Recipe,0.0
8779,Chanar Payesh Recipe,0.0
5250,Jeera Aloo Sabzi - Roasted Potatoes With Cumin Seeds,0.0
5109,पालक खिचड़ी रेसिपी - Palak Khichdi With Brown Rice And Toasted Peanuts (Recipe In Hindi),0.0
8759,मसूर दाल मखनी रेसिपी - Masoor Dal Makhani Recipe,0.0
5268,Pepper Murukku Recipe - South Indian Style Chakli,0.0
8753,अचारी पनीर टिक्का रेसिपी - Achari Paneer Tikka Recipe,0.0
8754,नारियल धनिये की चटनी रेसिपी - Desiccated Coconut Coriander Chutney Recipe,0.0
8755,महाराष्ट्रियन हरी मिर्च का थेचा रेसिपी - Maharashtrian Green Chilli Thecha Recipe,0.0
8756,मशरुम मसाला विथ कॉर्न रेसिपी - Mushroom Masala With Corn Recipe,0.0
5267,"मूंगफली, मटर और कॉर्न रवा उपमा रेसिपी - Rava Upma Recipe With Peanuts, Peas & Corn",0.0
5265,खजूर इमली की चटनी रेसिपी - Khajoor Imli Ki Chutney Recipe,0.0
8774,Cabbage And Carrot Poriyal Recipe - No Onion And Garlic,0.0
8763,Ragda Patties Recipe - Popular Mumbai Street Food,0.0
5255,Vermicelli & Oats Kheer Recipe,0.0
5253,Kandathipli And Arisi Thipli Rasam Recipe,0.0
8767,हरे चने की चटनी रेसिपी - Green Chana Chutney Recipe,0.0
5252,Andhra Style Ingavu Chaaru Recipe - Asafoetida Flavored Tamarind Rasam,0.0
8773,कच्चे आम और लहसुन की दाल रेसिपी - Kacche Aam Aur Lehsun Ki Dal Recipe,0.0
8799,तड़के वाली मसूर दाल रेसिपी - Tadkewali Masoor Dal Recipe,0.0
5231,वेगन छोले और ब्रोकली करी रेसिपी - Vegan Chickpeas And Broccoli Curry Recipe,0.0
5230,Watermelon Rasam Recipe,0.0
5207,Dahi Suran Ki Kadhi Recipe - Yam Cooked In Yogurt Curry,0.0
8825,Kerala Pumpkin Black Eyed Beans Erissery Recipe,0.0
5209,बीन्स और मटकी भाजी रेसिपी - Beans And Matki Bhaji Recipe,0.0
8827,बैंगन मेथी का भरता रेसिपी - Baingan Methi Ka Bharta Recipe,0.0
8828,चिकन कीमा स्लाइडर्स रेसिपी - Indian Chicken Keema Sliders Recipe,0.0
8831,Kashmiri Saag Recipe - Kashmiri Style Spinach / Palak,0.0
8833,Health Benefits of Rasna (Alpinia Galanga) - Ayurvedic Medicinal Plant,0.0
5204,पोटलाकया पेरुगु पचड़ी रेसिपी - Potlakaya Perugu Pachadi Recipe,0.0
8803,चाउ चाउ थोरन रेसिपी - Chow Chow Thoran Recipe,0.0
8838,Paasi Paruppu Beans Poriyal Recipe - Moong Dal & French Beans Stir Fry,0.0
8840,कल्याना वीतु सेनाई करी रेसिपी - Kalyana Veetu Senai Curry Recipe,0.0
8841,चावल बनाने की विधि रेसिपी - Steamed Rice Recipe,0.0
8842,बेगुनि रेसिपी - Baingan/Eggplant Pakora Recipe,0.0
8843,Muttaikose Pattani Poriyal Recipe - Tamil Nadu Style Cabbage And Peas Stir Fry,0.0
5202,केगरी पिरात्तल रेसिपी - Chettinad Style Mixed Vegetable Recipe,0.0
8823,Chakka Erissery Recipe - Kerala Style Coconut Laced Jackfruit Sabzi,0.0
5211,Whole Wheat Flour Chakli Recipe,0.0
5212,Rava Chakli Recipe - Karnataka Style With Rava & Rice Flour,0.0
5213,तोतापुरी आम की चटनी रेसिपी - Sweet & Spicy Totapuri Mango Chutney Recipe,0.0
5214,हुराली कालू चटनी रेसिपी - Hurali Kalu Chutney Recipe,0.0
8817,पंजाबी भिंडी कढ़ी रेसिपी - Punjabi Bhindi Kadhi Recipe,0.0
8816,पाण्डु मिरापाकया पचड़ी रेसिपी - Andhra Red Chilli Chutney Recipe,0.0
8815,चिकन टिक्की रेसिपी - Chicken Tikki Recipe,0.0
5216,Whole Wheat Flour Murukku Recipe,0.0
8813,Mooli Bhurji Recipe,0.0
8812,Konkani Style Kadgi Chakko Recipe - Raw Jackfruit With Coconut,0.0
8811,झूरे झूरे आलू भाजा रेसिपी - Jhure Jhure Aloo Bhaja Recipe,0.0
8810,मैसुर चटनी रेसिपी - Mysore Chutney Recipe,0.0
8809,अदरक की चटनी रेसिपी - Ginger Chutney Recipe,0.0
5219,Ragi Murukku And Kodubale Recipe -Chakli And Kodubale,0.0
5222,Kai Murukku Recipe - South Indian Diwali Snack,0.0
8804,तीखी गोअन मशरुम रेसिपी - Spicy Goan Style Mushrooms Recipe,0.0
8751,Cashewnut Stuffed Paneer Balls Recipe,0.0
5269,Masala Roasted Aloo Recipe,0.0
5271,Mixed Millet Phulka Recipe - Ragi Jowar Bajra Wheat Phulka,0.0
8698,Mumbai Style Pani Puri Recipe,0.0
5311,Lauki Kheer Recipe - Bottle Gourd Pudding,0.0
8691,Masala Cornflakes Chicken Recipe,0.0
5310,Karnataka Style Utthatthi Payasa Recipe - Dry Dates Kheer,0.0
5309,Kerala Style Chakka Varattiyathu Ari Payasam Recipe - Jackfruit Brown Rice Kheer,0.0
8696,Corn & Paneer Baked Samosa Recipe,0.0
5308,Vegan Godhi Payasa Recipe - Lapsi Kheer,0.0
8699,Andhra Dondakaya Chutney Recipe - Tindora Chutney,0.0
5301,कर्नाटक स्टाइल रंजका रेसिपी - Karnataka Style Ranjaka Recipe,0.0
8700,Cabbage Foogath Recipe - Goan Style Cabbage Stir Fry,0.0
5307,Kavuni Arisi Payasam Recipe - Black Rice Kheer,0.0
5306,Mango Sago Kheer Recipe - Sabudana Kheer With Mangoes,0.0
5303,Dharwad Peda Recipe,0.0
8704,आलू विंडालू रेसिपी - Potato Vindaloo Recipe,0.0
8706,Tallyanche Suke Recipe - Sardine Dry,0.0
5313,Doodhi Sabudana Kheer Recipe,0.0
8687,Chocolate Modak Recipe,0.0
5318,Nungu Payasam Recipe - Ice Apple/ Tender Palm Fruit Payasam,0.0
8681,Cottage Cheese And Peas Oatmeal Pancakes Recipe,0.0
8679,पाइनएप्पल लस्सी रेसिपी - Pineapple Lassi Recipe,0.0
8678,शाही दाल रेसिपी - Shahi Dal Recipe,0.0
8677,पालक कढ़ी रेसिपी - Palak Kadhi Recipe,0.0
5320,Aam Ki Kheer Recipe - Mango Coconut Payasam Recipe,0.0
8675,Stir Fried Carrot And Green Beans Recipe,0.0
5321,Ganne Ke Ras Ki Kheer Recipe - Sugarcane Kheer Recipe,0.0
8673,Kerala Style Karamani Thoran Recipe - Yard Beans Stir Fry With Coconut,0.0
8672,Tandoori Gobi Tikka Recipe,0.0
8671,"Beetroot, Sweet Potato And Oatmeal Cutlet Recipe",0.0
8670,धनिआ वाले आलू रेसिपी - Dhania Wale Aloo Recipe,0.0
8669,गवारफली की सब्ज़ी रेसिपी - Gavarphali Ki Sabji Recipe,0.0
5322,Filter Coffee Choco Peda Recipe - Microwave Method,0.0
8667,Palak And Peas Kachori Recipe,0.0
5302,Aam Peda Recipe - Delicious Mango Peda Recipe,0.0
5300,मक्की पनीर पकोरा रेसिपी - Makki Paneer Pakora Recipe,0.0
5278,Phool Makhana Kheer Recipe - Sweetened With Jaggery,0.0
8740,Flaxseed Podi-Flaxseed Chutney Powder,0.0
8733,चटपटी मकई मसाला रेसिपी - Chatpatti Makai Masala Recipe,0.0
5289,आलू चना इन पुदीना धनिया ग्रेवी रेसिपी - Aloo Chana In Mint Coriander Gravy Recipe,0.0
5288,शाही पनीर रेसिपी - Shahi Paneer Recipe,0.0
5287,कचुम्बर सलाद रेसिपी - Kachumber Salad Recipe,0.0
5285,बीटरूट और फिग चटनी रेसिपी - Beetroot and Fig Chutney Recipe,0.0
8739,Chenna Poda Recipe,0.0
8741,सौंफ आलू रेसिपी - Saunf Aloo Recipe,0.0
8710,नारियल की चटनी रेसिपी - Coconut Chutney Recipe,0.0
5282,Saffron Paneer Peda Recipe,0.0
5281,मैंगो राइस रेसिपी - Mango Rice Recipe,0.0
8744,Vellarikka Manga Curry Recipe - Cucumber Mango Pulissery,0.0
5279,Nariyal Ki Kheer Recipe - Coconut Pudding,0.0
8746,Pazhutha Manga Pachadi Recipe - Kerala Style Ripe Mango Curry,0.0
8747,Puli Manga Kuzhambu Recipe - South Indian Spicy Mango Curry,0.0
5290,हल्दी की सब्ज़ी रेसिपी - Haldi Ki Sabzi Recipe,0.0
5291,शहद वाला पनीर रेसिपी - Quick Honeyed Paneer Recipe,0.0
5293,पुदीना प्याज़ कचुम्बर सलाद रेसिपी - Pudina Pyaz Kachumber Salad Recipe,0.0
5294,Pirandai Oorugai Recipe - Pirandai Pickle Recipe,0.0
5295,मुरुंगई कीरई थोगयल रेसिपी - Murungai Keerai Thogayal Recipe,0.0
8724,South Indian Style Murungakkai Poriyal Recipe - Drumstick Stir Fry,0.0
8723,गोबी और सोया कीमा रेसिपी - Gobi and Soya Keema Recipe,0.0
8722,स्ट्रॉबेरी चटनी रेसिपी - Strawberry Chutney Recipe,0.0
8720,आलू पनीर कबाब रेसिपी - Aloo Paneer Kebab Recipe,0.0
8719,Raj Kachori Recipe,0.0
5297,उरद दाल वड़ा रेसिपी - Urad Dal Vada Recipe,0.0
8717,Garlic And Pepper Mushroom Stir Fry Recipe,0.0
5298,गाजर धनिया पकोड़ा रेसिपी - Carrots And Coriander Fritters Recipe,0.0
8715,Raw Banana Cutlet Recipe - No Onion No Garlic Jain Cutlet,0.0
8713,चाउ चाउ करी रेसिपी - Chow Chow Curry Recipe,0.0
5299,ओट्स और वेजिटेबल कबाब रेसिपी - Oats and Vegetable Kebab Recipe,0.0
8711,Ram Ladoo Recipe,0.0
8845,मिक्स्ड मिलेट और दाल अड़ाई रेसिपी - Mixed Millet And Lentils Adai Recipe,0.0
8846,Cabbage Capsicum Sabzi Recipe - Simla Mirch Patta Gobi Sabzi,0.0
5201,Chirer Dudh Puli Recipe - Bengali Style Beaten Rice Dumpling Kheer,0.0
8992,Kimami Sewai Recipe,0.0
5132,Karupatti Coffee Recipe,0.0
5131,अमरुद की चटनी रेसिपी - Amrood Ki Chutney (Recipe In Hindi),0.0
5130,जैन स्टाइल दाल मखनी रेसिपी - Jain Style Dal Makhani (Recipe In Hindi),0.0
5129,भरवा करेला रेसिपी - Bharwa Karela (Recipe In Hindi),0.0
8987,Smoked Tandoori Paneer Tikka Recipe,0.0
8988,हरे प्याज की पूरी रेसिपी - Hare Pyaaz Ki Puri Recipe,0.0
8993,नारियल मूंगफली की चटनी रेसिपी - Coconut Peanut Chutney Recipe,0.0
9002,Mishti Doi Recipe - Traditional Bengali Sweet Yogurt,0.0
5128,Munthiri Kothu Recipe,0.0
8995,Rose Gulkand Phirni Recipe,0.0
8996,Bread Halwa Recipe,0.0
8997,राजस्थानी दाल रेसिपी - Rajasthani Dal Recipe,0.0
8998,छोले पिंडी रेसिपी - Chole Pindi Recipe,0.0
8999,Mohan Bhog Recipe - Bengali Style Sooji Ka Halwa,0.0
5134,Goan Style Kulkuls Recipe (Honey glazed wheat Curls Recipe),0.0
8979,सूखे मेथी छोले रेसिपी - Sukhe Methi Chole Recipe,0.0
8977,बेसन मेथी पराठा रेसिपी - Besan Methi Paratha Recipe,0.0
5135,पालक धनिया डोसा रेसिपी - Palak Dhania Dosa (Recipe In Hindi),0.0
5136,खरा भात रेसिपी - Khara Bhath (Recipe In Hindi),0.0
8971,Bhaji Miligai And Baby Potato Fry Recipe,0.0
8970,Avarekalu Payasa Recipe - Broad Beans Payasa,0.0
8969,Easy Gajar Halwa Recipe With Khoya Made In A Pressure Cooker,0.0
5137,मूंग दाल डोसा रेसिपी - Moong Dal Dosa (Recipe In Hindi),0.0
5140,चटनी चिल्ली चीज़ टोस्ट रेसिपी - Chutney Chilli Cheese Toast (Recipe In Hindi),0.0
5141,Karpooravalli Chutney Recipe (Tamil Nadu Chutney With Big Thyme),0.0
5142,केरला स्टाइल बैंगन करी रेसिपी - Kerala Style Eggplant Curry (Recipe In Hindi),0.0
5143,आलू मेथी मसाला रेसिपी - Aloo Methi Masala (Recipe In Hindi),0.0
8962,बूंदी की खीर रेसिपी - Boondi Ki Kheer Recipe,0.0
8961,भरवा प्याज की सब्ज़ी रेसिपी - Bharwa Pyaz Ki Sabzi Recipe,0.0
5145,बेसन और शिमला मिर्च की सब्ज़ी रेसिपी - Besan Capsicum Ki Sabzi (Recipe In Hindi),0.0
5146,कद्दू की सब्ज़ी रेसिपी - Pumpkin Sabzi With Panch Phoron Masala (Recipe In Hindi),0.0
9001,Besan Halwa Recipe,0.0
5126,अवधी स्टाइल सुल्तानी दाल रेसिपी - Awadhi Style Sultani Dal (Recipe In Hindi),0.0
8953,धनिया पुदीना चिकन टिक्का रेसिपी - Dhaniya Pudina Chicken Tikka Recipe,0.0
9044,Cabbage and Carrot Sambharo Recipe - Gujarati Vegetable Stir Fry,0.0
9037,Fada Ni Khichdi Recipe,0.0
9039,Gujarati Style Multigrain Masala Kadak Puri Recipe - Masala Mathri,0.0
9040,Kesar Pista Falooda Recipe,0.0
9041,Corn Halwa Recipe - Makki Ka Halwa,0.0
9042,Tamil Nadu Style Spicy Egg Fry Recipe,0.0
9043,पटियाला आलू रेसिपी - Patiala Aloo Recipe,0.0
5111,तुरई की चटनी रेसिपी - Ridge Gourd Chutney (Recipe In Hindi),0.0
9004,Chocolate Kaju Katli Recipe - Chocolate Kaju Barfi,0.0
5110,अासामिस फिश फ्राइड राइस रेसिपी - Assamese Fish Fried Rice (Recipe In Hindi),0.0
9047,गुजराती लसनिया बटाटा रेसिपी - Gujarati Lasaniya Batata Recipe,0.0
9048,पुदीना धनिया पुलाव रेसिपी - Mint Coriander Spice Pulao Recipe,0.0
9049,पनीर टिक्का पुलाव रेसिपी - Paneer Tikka Pulao Recipe,0.0
9050,कश्मीरी मटन यखनी रेसिपी - Kashmiri Mutton Yakhni Recipe,0.0
9051,Gujarati Khaman Dhokla Recipe - Savory Steamed Lentil Cakes,0.0
9035,गोअन चिकन विंडालू रेसिपी - Goan Chicken Vindaloo Recipe,0.0
9034,पुदीना इडली रेसिपी - Pudina Idli Recipe,0.0
9033,अचारी मसाला रेसिपी - Achari Masala Recipe For Fresh Pickles,0.0
9032,Vatana Bateta Na Rotla Recipe - Gujarati Peas and Potato Roti,0.0
9031,Chemba Arisi Thengai Paal Payasam Recipe- Red Rice Payasam,0.0
9029,Chettinad Style Chilli Gobhi Recipe,0.0
5120,चाउ चाउ सांबर रेसिपी - Chow-Chow Sambar (Recipe In Hindi),0.0
9027,Pomegranate Flavoured Stuffed Khandvi Recipe,0.0
5123,अचारी आलू परवल की सब्ज़ी रेसिपी - Achari Aloo Parwal Sabzi (Recipe In Hindi),0.0
5124,कच्चे टमाटर की चटनी रेसिपी - Raw Tomato Chutney (Recipe In Hindi),0.0
9018,Seem Paal Recipe - Steamed Colostrum Milk Pudding,0.0
5125,अवधी स्टाइल तहरी रेसिपी - Awadhi Style Taheri (Recipe In Hindi),0.0
9012,Saffron Milk Pudding Recipe,0.0
9010,Carrot Custard Pudding Recipe,0.0
9009,गोंगुरा चिकन करी रेसिपी - Gongura Chicken Curry Recipe,0.0
9007,Chanar Paturi Recipe-A Bengali Paneer Dish With Mustard,0.0
9006,चेट्टिनाड स्टाइल चिल्ली गोभी रेसिपी - Chettinad Style Chilli Gobhi Recipe,0.0
8954,बादाम दूध रेसिपी - Badam Milk Recipe,0.0
8952,टमाटर लहसुन की चटनी रेसिपी - Tomato Garlic Chutney Recipe,0.0
5200,Biryani Chammanthi Recipe (Green Chutney Recipe),0.0
8890,मकई वाली भिंडी रेसिपी - Makai Wali Bhindi Recipe,0.0
8879,पंजाबी साबुत मूंग की दाल रेसिपी - Punjabi Sabut Moong Ki Dal Recipe,0.0
5182,कश्मीरी कोकुर यखनी रेसिपी - Chicken Cooked In Yogurt (Recipe In Hindi),0.0
8884,Multigrain Methi Thepla Recipe With Ragi & Whole Wheat,0.0
8885,Dry Jamun Recipe,0.0
5179,ओट्स वेन पोंगल रेसिपी - Oats Ven Pongal (Recipe In Hindi),0.0
5178,मुरमुरे का उपमा रेसिपी - Puffed Rice Upma (Recipe In Hindi),0.0
5174,सुखी दही वाली लौकी रेसिपी - Sukhi Dahi Wali Lauki (Recipe In Hindi),0.0
5166,Goan Dessert Sakhar Bhaat Recipe,0.0
8893,मिलेट जोवार पनियारम रेसिपी - Millet Jowar Paniyaram Recipe,0.0
8895,काला चना सलाद रेसिपी - Kala Chana Salad Recipe,0.0
5171,Goan Style Bimblanche Sasav Recipe,0.0
8898,तमिल नाडु स्टाइल अंडा फ्राई रेसिपी - Tamil Nadu Style Egg Fry Recipe,0.0
8899,Dhokla Sandwich With Capsicum And Paneer Recipe,0.0
5169,Nendran Banana Jamun Recipe (Kerala Banana Jamun),0.0
8877,Bharli Bhendi Recipe - Maharashtrian Style Stuffed Bhindi,0.0
8873,दही वाली मूंगफली चाट रेसिपी - Peanut Chaat With Spiced Yogurt Recipe,0.0
8872,तंदूरी गोबी टिक्का रेसिपी - Tandoori Gobi Tikka Recipe,0.0
8871,मुल्लू मुरुक्कू रेसिपी - Mullu Murukku Recipe,0.0
8870,पंजाबी स्टाइल एस्प्रेसो कॉफ़ी रेसिपी - Punjabi Style Espresso Coffee Recipe,0.0
5187,ओट्स पालक पोंगल रेसिपी - Oats And Spinach Pongal (Recipe In Hindi),0.0
8868,Instant Kalakand Recipe -Indian Festive Sweet Recipe,0.0
8867,Indian Festive Sweet Rice And Jamun Bhog Recipe,0.0
8865,लेमन कोकोनट चिआ एनर्जी बॉल्स रेसिपी - Lemon Coconut Chia Energy Balls Recipe,0.0
8864,मसूर मूंगफली की दाल रेसिपी - Masoor Moong Phali Ki Dal Recipe,0.0
8862,Roasted Coriander Potatoes With Thyme Recipe,0.0
8859,Menthia Keerai Paruppu Usili Recipe - Steamed Lentil Crumbled With Fenugreek Leaves,0.0
8857,किनुआ वांगी भात रेसिपी - Quinoa Vangi Bath Recipe,0.0
5190,मुघलाई भिंडी रेसिपी - Mughlai Bhindi (Recipe In Hindi),0.0
8855,पैन फ्राइड प्याज पकोरा रेसिपी - Pan Fried Onion Pakora Recipe,0.0
8850,पंजाबी स्टाइल एग करी रेसिपी - Punjabi Style Egg Curry Recipe,0.0
5194,साउथ इंडियन प्याज चटनी रेसिपी - South Indian Onion Chutney (Recipe In Hindi),0.0
5168,सोया कीमा मसाला रेसिपी - Soya Kheema Masala (Recipe In Hindi),0.0
8907,हरियाली मटर रेसिपी - Hariyali Matar Recipe,0.0
8951,Mambhazam Pulissery Recipe,0.0
8941,बीटरूट और टमाटर चटनी रेसिपी - Tangy Raw Beetroot & Tomato Chutney Recipe,0.0
8934,आलू पोस्टो रेसिपी - Aloo Posto Recipe,0.0
8935,Methi Corn Dal Vada Recipe,0.0
8936,Gongura Pappu Recipe - Gongura/ Sorrel Leaves Dal,0.0
5150,Stuffed Matar & Gobi Paratha Recipe (Green Pea & Cauliflower Flat Bread),0.0
8938,Bajra Na Rotla Recipe - A Traditional Gujarati Pearl Millet Bread,0.0
5149,नुव्वुला पचड़ी रेसिपी - Nuvvula Pachadi (Recipe In Hindi),0.0
8942,कोल्लु थोगयल रेसिपी - Kollu Thogayal Recipe,0.0
8908,मूली भुर्जी रेसिपी - Mooli Bhurji Recipe,0.0
8943,मसूर दाल और राजमा मसाला रेसिपी - Masoor Dal Aur Rajma Masala Recipe,0.0
5148,Stuffed Arbi Paratha Recipe,0.0
5147,खट्टी मीठी टिंडा की सब्ज़ी रेसिपी - Khatti Meethi Tinda Sabzi (Recipe In Hindi),0.0
8946,Assamese Saaru Maas Diya Adar Jhol Recipe - Fish In Ginger Gravy,0.0
8948,Cabbage Chana Dal Sabzi - Gobi Chana Dal Recipe,0.0
8949,Moong Dal Ke Kebab Recipe,0.0
8933,Lemon Pudina Curry Leaf Shikanji Recipe,0.0
8932,Saragva Nu Lot Valu Shaak - Gujarati Besan Drumstick Sabzi,0.0
8931,मदुराई टमाटर की चटनी रेसिपी - Madurai Spicy Tomato Chutney Recipe,0.0
5152,Atar Payesh Recipe (Sitaphal Kheer),0.0
5153,नवरतन कोरमा रेसिपी - Navratan Korma (Recipe In Hindi),0.0
8927,मशरुम थोरन रेसिपी - Mushroom Thoran Recipe,0.0
8926,Banana Stem Thoran Recipe - Ayurvedic No Onion No Garlic Recipe,0.0
8923,Kerala Style Murungai Keerai Thoran Recipe,0.0
8922,Kerala Style Kappa Ulathiyathu Recipe - Tapioca Stir Fry Recipe,0.0
5154,मेथी पनीर भुर्जी रेसिपी - Methi Paneer Bhurji (Recipe In Hindi),0.0
5155,आंध्रा स्टाइल आलम पचड़ी रेसिपी - Adrak Chutney (Recipe In Hindi),0.0
8917,Besan Aur Dahi Wali Kacche Kele Ki Sabzi Recipe,0.0
5156,रेड राइस डोसा रेसिपी - Red Rice Dosa (Recipe In Hindi),0.0
5157,रागी सेमिया रेसिपी - Ragi Vermicelli/Semiya (Recipe In Hindi),0.0
5159,Zucchini Keerai Thogayal Recipe - South Indian Tangy Spinach and Zucchini Chutney,0.0
5160,Urad Dal Vada Recipe (Non Deep Fried),0.0
5161,गवार की सब्ज़ी रेसिपी - Gavar Ki Sabji (Recipe In Hindi),0.0
5657,Pumpkin Raita Recipe,0.0
5660,Diwali Cornflakes Mixture Recipe - A Savory Evening Tea Snack,0.0
13352,Pyaz Wali Bhindi Recipe | Bhindi Do Pyaza - Okra Onion Stir Fry,0.0
6638,Traditional Rasmalai Recipe,0.0
6625,Milk Sooji Fudge Recipe,0.0
6628,Gajar Halwa Barfi Recipe (Carrot Fudge),0.0
6629,Microwave Ashoka Halwa Recipe | Moong Dal Halwa,0.0
6631,Yellow Cucumber Pachadi Recipe,0.0
6633,लखनऊ सिंघाड़े की कचौडीरेसिपी - Lucknowi Singhade Ki Kachori (Recipe In Hindi),0.0
6038,बिना प्याज लहसुन के कच्चे टमाटर की सब्ज़ी रेसिपी - No Onion No Garlic Raw Tomato Sabzi (Recipe In Hindi),0.0
6037,Rajasthani Kanji Vada Recipe,0.0
6623,Goan Style Sando Recipe (Steamed Rice Cakes Filled With Sweet Coconut),0.0
6640,Bengali Style Kucho Nimki Recipe (Diamond Shaped Salty Snacks),0.0
6642,Mozzarella Stuffed Potato Balls Recipe,0.0
6645,लेमन राइस रेसिपी - Lemon Rice (Recipe In Hindi),0.0
6646,गोभी फ्राइड राइस रेसिपी - Cauliflower Fried Rice (Recipe In Hindi),0.0
6647,साउथ इंडियन गाजर पोरियल रेसिपी - Carrot Poriyal (Recipe In Hindi),0.0
6648,Bengali Langcha Recipe With Mawa,0.0
6624,Goan Style Sana Recipe (Soft Steamed Rice Cakes),0.0
6039,Oats Sakkarai Pongal Recipe,0.0
6697,बेसन और मिर्च की सब्ज़ी रेसिपी - Besan Aur Mirch Ki Sabzi (Recipe In Hindi),0.0
6046,गाजर मेथी की सब्ज़ी रेसिपी - Carrot Fenugreek Leaves Stir Fry (Recipe In Hindi),0.0
6600,Aloo Kulcha Recipe (Spiced Potato Stuffed Indian Flat Bread),0.0
6601,Saunf Aloo (Fennel Potato Curry) Recipe,0.0
6602,Broccoli And Aloo Lifafa Paratha Recipe,0.0
6048,Rajasthani Makki Ke Dhokle Recipe,0.0
6604,Makhana Aloo Tikki Recipe (Spiced Lotus Seed Patties Recipe),0.0
6605,Farali Aaloo Pattice Recipe,0.0
6044,ढाबा स्टाइल दाल फ्राई रेसिपी - Dhaba Style Dal Fry (Recipe In Hindi),0.0
6620,लहसुनि दाल रेसिपी - Garlic Dal (Recipe In Hindi),0.0
6609,Aloo Bonda Recipe (Deep Fried Snack With Potato Filling),0.0
6043,मक्के और प्याज का रायता रेसिपी - Corn And Onion Raita (Recipe In Hindi),0.0
6614,अरहर की दाल रेसिपी - Arhar Ki Dal with Lahsun Tadka (Recipe In Hindi),0.0
6041,Oats Ven Pongal Recipe,0.0
6618,Makhan Bada Recipe,0.0
6040,Rajasthani Dana Methi & Papad Ka Saag Recipe,0.0
6649,चेटिनाड स्टाइल काली मिर्च फूल गोभी फ्राई रेसिपी - Milagu Pirattal Poriyal (Recipe In Hindi),0.0
6651,Homemade Tamarind Paste Recipe,0.0
6655,Kerala Palada Pradhaman Recipe,0.0
6688,Chettinad Style Puliyogare Gojju Recipe,0.0
6682,सब्ज़ रवा इडली रेसिपी - Veggie Rava Idli (Recipe In Hindi),0.0
6683,कद्दू का रायता रेसिपी - Pumpkin Raita (Recipe In Hindi),0.0
6684,आलू मेथी की सब्ज़ी रेसिपी - Potato Fenugreek Leaves Stir Fry (Recipe In Hindi),0.0
6685,अगथि कीरई रेसिपी - Agathi Keerai (Recipe In Hindi),0.0
6033,Spiced Khooba Roti (Rajasthani Pinched Flatbread Recipe),0.0
6687,Surul Appam Recipe,0.0
6029,केरला टमाटर फ्राई रेसिपी - Kerala Tomato Fry (Recipe In Hindi),0.0
6658,पुदीना और अनार का रायता रेसिपी - Mint And Pomegranate Raita (Recipe In Hindi),0.0
6690,Potato Bonda Recipe Flavoured With Sambar Powder,0.0
6691,टमाटर प्याज की सब्ज़ी रेसिपी - Tomato Onion Gravy Sabzi (Recipe In Hindi),0.0
6692,पालक मटर रेसिपी - Spinach and Green Peas Curry (Recipe In Hindi),0.0
6693,"Turmeric, Ginger And Chilli Pickle Recipe",0.0
6024,Karnataka Style Badnekayi Mosaru Gojju Recipe,0.0
6695,छोर छोरी रेसिपी - Bengali Style Mixed Vegetable (Recipe In Hindi),0.0
6679,Methi Jowar Roti Recipe (Fenugreek & Millet flatbread),0.0
6034,Rajasthani Khooba Roti Recipe,0.0
6677,प्याज की सब्ज़ी रेसिपी - Pyaaz Ki Sabzi (Recipe In Hindi),0.0
6675,ढाबा स्टाइल दाल पालक रेसिपी - Dhaba Style Dal Palak (Recipe In Hindi),0.0
6674,राजस्थानी कढ़ी रेसिपी - Rajasthani Kadhi (Recipe In Hindi),0.0
6673,ककड़ी और हरी मिर्च का रायता रेसिपी - Cucumber Green Chilli Raita (Recipe In Hindi),0.0
6672,Maharashtrian Style Kairichi Dal Recipe (Chana Dal and Raw Mango Hash),0.0
6670,Carrot Idli Recipe,0.0
6668,रावल पिंडी स्टाइल छोले रेसिपी - Rawal Pindi Style Chole (Recipe In Hindi),0.0
6667,गोअन कद्दू की सब्ज़ी रेसिपी - Goan Pumpkin Sabzi (Recipe In Hindi),0.0
6666,चाउ चाउ थोरन रेसिपी - Chow Chow Thoran (Recipe In Hindi),0.0
6665,पत्ता गोभी पल्या रेसिपी - Cabbage Palya (Recipe In Hindi),0.0
6664,गोभी मटर की भुर्जी रेसिपी - Cauliflower Matar Bhurji (Recipe In Hindi),0.0
6663,मसाला करेला रेसिपी - Masala Karela (Recipe In Hindi),0.0
6662,बीटरूट तम्बूली रेसिपी - Beetroot Raita With Coconut (Recipe In Hindi),0.0
6661,स्ट्रॉबेरी रायता रेसिपी - Strawberry Raita (Recipe In Hindi),0.0
6660,गोभी चावल और दाल की करी रेसिपी - Cauliflower Rice and Lentil Curry (Recipe In Hindi),0.0
6599,Potato Vindaloo Recipe (Spicy Goan Potato Curry),0.0
6598,आलू मखाना की सब्ज़ी रेसिपी - No Onion No Garlic Aloo Makhana Sabzi (Recipe In Hindi),0.0
6597,Makhana Ka Raita Recipe,0.0
6063,आमला गवार फली की सब्ज़ी रेसिपी - Crispy Amla Gawar Phali Sabzi (Recipe In Hindi),0.0
6534,मक्के और टमाटर का भरता रेसिपी - Tangy Corn Tamatar Bharta (Recipe In Hindi),0.0
6537,मिलागु सदम रेसिपी - Milagu Sadam (Recipe In Hindi),0.0
6538,मेथी मटर पुलाव रेसिपी - Methi Matar Pulao (Recipe In Hindi),0.0
6539,चना दाल चटनी रेसिपी - Chana Dal Chutney (Recipe In Hindi),0.0
6064,Rajasthani Govind Gatta Curry Recipe,0.0
6542,गाजर मूंगफली की चटनी रेसिपी - Carrot Peanut Chutney (Recipe In Hindi),0.0
6545,मूली के पत्तो की पचड़ी रेसिपी - Radish Leaves Pachadi (Recipe In Hindi),0.0
6554,कढ़ाई टोफू रेसिपी - Kadhai Tofu Sabji (Recipe In Hindi),0.0
6547,सुखी मेथी मलाई मटर रेसिपी - Dry Methi Malai Matar (Recipe In Hindi),0.0
6548,प्रॉन फ्राइड राइस रेसिपी - Prawns Fried Rice (Recipe In Hindi),0.0
6549,पुदीना मूंग दाल रेसिपी - Pudina Moong Dal (Recipe In Hindi),0.0
6550,हरे चने की चटनी रेसिपी - Green Chana Chutney (Recipe In Hindi),0.0
6551,खट्टा मीठा पेठा रेसिपी - Khatta Meetha Petha (Recipe In Hindi),0.0
6552,गोअन स्टाइल मशरुम रेसिपी - Goan Style Mushrooms (Recipe In Hindi),0.0
6533,बंगाली स्टाइल शाक भाजा रेसिपी - Stir Fried Green Amaranth Leaves (Recipe In Hindi),0.0
6532,Spicy Lime Pickle Recipe (Naranga Achaar),0.0
6531,तीखे छोटे आलू रेसिपी - Spicy Baby Potatoes (Recipe In Hindi),0.0
6530,Paatolyo Recipe (Goan Sweet Dish),0.0
6529,दाल बनजारा रेसिपी - Dal Banjara (Recipe In Hindi),0.0
6528,Khira Gaintha Recipe - Rice Dumplings In Sweetened Milk,0.0
6527,शकरकंदी की दाल रेसिपी - Sweet Potato Dal (Recipe In Hindi),0.0
6526,पालक पप्पू रेसिपी -Spinach Dal (Recipe In Hindi),0.0
6525,नवरंग दाल रेसिपी - Navrang Dal (Recipe In Hindi),0.0
6524,Healthy Jamun Cooler Recipe (Black Plum Juice),0.0
6523,मसूर दाल मखनी रेसिपी - Masoor Dal Makhani (Recipe In Hindi),0.0
6522,दही वाले आलू रेसिपी - Dahi Wale Aloo (Recipe In Hindi),0.0
6068,Methi Muthiya (Wheat Flour And Fenugreek Dumplings) Recipe,0.0
6520,गाजर की चटनी रेसिपी - Carrot Chutney (Recipe In Hindi),0.0
6519,टमाटर की चटनी रेसिपी - Tomato Chutney (Recipe In Hindi),0.0
6518,लौकी आलू सब्ज़ी रेसिपी - Lauki Aloo Sabzi (Recipe In Hindi),0.0
6517,केरला स्टाइल वेजिटेबल स्टू रेसिपी - Kerala Style Vegetable Stew (Recipe In Hindi),0.0
6553,आलू विंदालू रेसिपी - Potato Vindaloo (Recipe In Hindi),0.0
6555,गोभी कुरमा रेसिपी - Cauliflower Kurma (Recipe In Hindi),0.0
6049,Manda Pitha Recipe (Odiya Style Modak),0.0
6584,मटर की तेहरी रेसिपी - Matar Ki Tehri (Recipe In Hindi),0.0
6575,पम्पकिन दाल लहसुनि तड़के के साथ रेसिपी - Pumpkin Dal With Garlic Tadka (Recipe In Hindi),0.0
6060,काली मिर्च वाली गोभी रेसिपी - Pepper Cauliflower (Recipe In Hindi),0.0
6577,Rajasthani Kachri Ki Chutney Recipe (Wild Cucumber Chutney),0.0
6579,गोअन मशरुम विंडालू रेसिपी - Goan Style Mushroom Vindaloo (Recipe In Hindi),0.0
6059,खट्टे पुदीने वाले आलू रेसिपी - Tangy Mint Potatoes (Recipe In Hindi),0.0
6581,Rajasthani Kaddu Aur Aloo Ki Sabzi Recipe,0.0
6585,Maharashtrian Batatyacha Kees Recipe (Spicy Roasted Potatoes With Peanuts),0.0
6556,सोया चंक्स मसाला रेसिपी - Soya Chunks Masala in Coconut Milk (Recipe In Hindi),0.0
6057,गाजर मेथी पचड़ी रेसिपी - Carrot Methi Pachadi (Recipe In Hindi),0.0
6055,शकरकंदी की सब्ज़ी रेसिपी - Sweet Potato Sabzi (Recipe In Hindi),0.0
6590,पत्ता गोभी पुलाव रेसिपी - Spiced Cabbage Rice (Recipe In Hindi),0.0
6054,Dibba Rotti/Minapa Rotti Recipe (Pan Idli Recipe),0.0
6053,Hyderabadi Double Ka Meetha Recipe (Traditional Indian Bread Pudding),0.0
6051,छोले मसाला रेसिपी - Dry Masala Chickpeas (Recipe In Hindi),0.0
6574,मैसूर चटनी रेसिपी - Mysore Chutney (Recipe In Hindi),0.0
6573,Chettinad Mixed Bean Adai Recipe,0.0
6572,Iyengar Style Thavala Adai Recipe,0.0
6571,Thavala Adai Recipe,0.0
6570,शिमला मिर्च की चटनी रेसिपी - Capsicum Chutney (Recipe In Hindi),0.0
6569,शिमला मिर्च पनीर भुर्जी रेसिपी - Paneer Bhurji Recipe With Capsicum (Recipe In Hindi),0.0
6567,पुदीना चटनी रेसिपी - Pudina Chutney (Recipe In Hindi),0.0
6566,पालक गोभी की सब्ज़ी रेसिपी - Palak Gobi Sabzi (Recipe In Hindi),0.0
6565,मसाला रोस्टेड आलू रेसिपी - Masala Roasted Aloo (Recipe In Hindi),0.0
6564,लहसुन की चटनी रेसिपी - Lahsun ki Chutney (Recipe In Hindi),0.0
6563,टमाटर लहसुन की चटनी रेसिपी - Tomato Garlic Chutney (Recipe In Hindi),0.0
6562,ब्राहमी चटनी रेसिपी - Brahmi Chutney (Recipe In Hindi),0.0
6061,हरे धनिए की सब्ज़ी रेसिपी - Coriander Leaves Dry Curry (Recipe In Hindi),0.0
6560,टमाटर प्याज की चटनी रेसिपी - Tomato Onion Chutney (Recipe In Hindi),0.0
6559,Khamiri Roti Recipe,0.0
6558,चकुंदर की चटनी रेसिपी - Beetroot Chutney (Recipe In Hindi),0.0
6062,बिना प्याज लहसुन वाली लोबिया की सब्ज़ी रेसिपी - No Onion No Garlic Black Eyed Beans Curry (Recipe In Hindi),0.0
6696,चकुंदर और गाजर का रायता रेसिपी - Beetroot Carrot Raita (Recipe In Hindi),0.0
6023,Vazhaithandu Mor Kootu Recipe (Tamil Nadu Style Banana Stem Recipe),0.0
6070,Easy Vegan Date Roll Recipe,0.0
5993,Sweet Boondi Halwa Recipe,0.0
6822,Chakkra Pongali Recipe (Andhra Style Sweet Pongal),0.0
6823,रोस्टेड गोभी रेसिपी - Roasted Cauliflower (Recipe In Hindi),0.0
6824,हरी मिर्च की सब्ज़ी रेसिपी - Green Chilli Vegetable (Recipe In Hindi),0.0
6825,Salted Caramel Popcorn Recipe,0.0
5994,Chocolaty Fulzadi Recipe (Diwali Chocolate Sparklers),0.0
6827,दाल फ्राई रेसिपी - Dal Fry (Recipe In Hindi),0.0
6829,तुरई मूंग दाल रेसिपी - Turai Moong Dal (Recipe In Hindi),0.0
6820,शिमला मिर्च करी रेसिपी - Capsicum Curry (Recipe In Hindi),0.0
5991,राजस्थानी बड़ी की सब्ज़ी रेसिपी - Rajasthani Badi Ki Sabzi (Recipe In Hindi),0.0
6832,Angoori Rasmalai Recipe,0.0
6833,Kiwi Sondesh Recipe,0.0
6834,Pista Sandesh Recipe,0.0
6835,Dark Chocolate Sandesh (Shondesh) Dipped In Chocolate Recipe,0.0
6836,Bengali Special Chocolate Sandesh Recipe (Chocolate Infused Cottage Cheese Dessert),0.0
6821,कॉर्न कोरमा रेसिपी - Corn Korma (Recipe In Hindi),0.0
6819,मूंगफली की करी रेसिपी - Peanut Curry (Recipe In Hindi),0.0
6699,अमृतसरी छोले रेसिपी - White Chickpeas In Spicy Gravy (Recipe In Hindi),0.0
6810,दूध दूधी रेसिपी - Doodh Dudhi (Recipe In Hindi),0.0
6803,Guava Jam Recipe,0.0
6804,Kollu Thogayal Recipe (Horsegram Chutney),0.0
6805,Apple Pie Ice Cream Recipe,0.0
6806,हरे मटर का निमोना रेसिपी - Green Peas Nimona (Recipe In Hindi),0.0
6807,लौकी भरता रेसिपी - Lauki Bharta (Recipe In Hindi),0.0
6809,पनीर मटर बटर मसाला रेसिपी - Paneer Matar Butter Masala (Recipe In Hindi),0.0
6811,रसे वाले आलू रेसिपी - Boiled Potato in Tangy Tomato Sauce (Recipe In Hindi),0.0
6818,वेगन नवरतन कोरमा रेसिपी - Vegan Navratan Korma (Recipe In Hindi),0.0
6812,अमृतसरी गोभी मटर की सब्ज़ी रेसिपी - Punjabi Style Creamy Cauliflower And Peas Curry (Recipe In Hindi),0.0
6813,टमाटर गोत्सुरेसिपी - Tomato Gotsu (Recipe In Hindi),0.0
6814,तवा पनीर मसाला रेसिपी - Tawa Paneer Masala (Recipe In Hindi),0.0
6815,अचारी आलू रेसिपी - Potato Achari (Recipe In Hindi),0.0
6816,Kadle Bele Chutney Pudi Recipe,0.0
6817,छोले शिमलामिर्च मसाला रेसिपी - Chole Capsicum Masala Recipe (Recipe In Hindi),0.0
6837,Paneer Gulab Jamun Recipe (Delicious Diwali Sweet),0.0
6838,Orange Rasmalai Recipe (Indian Cottage Cheese Pudding),0.0
6839,Andhra Style Pulihora Recipe (Spicy & Tangy Tamarind Rice),0.0
5983,ब्रोकली और टोफू की सब्ज़ी रेसिपी - Broccoli And Tofu Green Curry (Recipe In Hindi),0.0
6862,Protein Rich Soy Dosa Recipe,0.0
6863,Menthya Dose (Dosa Recipe With Methi Leaves),0.0
6864,Kayi Saasive Chitranna Recipe,0.0
6865,Huruli Kaalu Chutney Pudi Recipe (Horse Gram Chutney Podi),0.0
6866,Sandah Guri Recipe (Assamese Roasted Rice Flour Porridge),0.0
6867,Sabsige Soppina Idli Recipe (Dill Leaves Idli),0.0
6869,कर्नाटक स्टाइल पालक दाल या पालक तोव्वे रेसिपी- Palak Dal (Recipe In Hindi),0.0
6840,Double Beans Sundal Recipe,0.0
6870,Apple Cinnamon Modak Recipe,0.0
6871,टमाटर रसम रेसिपी - Tomato Rasam (Recipe In Hindi),0.0
6872,गुजराती दाल रेसिपी - Gujarati Dal (Recipe In Hindi),0.0
6873,तवा पराठा रेसिपी - Tawa Paratha (Recipe in Hindi),0.0
6874,काला चना मसाला रेसिपी - Black Chana Masala (Recipe In Hindi),0.0
6875,सुखी दही वाली लौकी रेसिपी - Yogurt Based Bottle Gourd Sabzi (Recipe In Hindi),0.0
6861,Hibiscus (Chembaruthi) Neer Dosa Recipe,0.0
6860,Instant Dosa Mix Powder Recipe,0.0
6859,Kerala Style Banana Dosa Recipe,0.0
6858,डबल बीन्स सुंदल रेसिपी - Double Beans Sundal (Recipe In Hindi),0.0
5985,Snake Gourd Kootu Recipe (Pudalangai Kootu),0.0
6855,Beetroot Loni Sponge Dosa Recipe,0.0
6854,ऐवोकाडो रायता रेसिपी - Avocado Raita (Recipe In Hindi),0.0
6853,Red Rice Dosa Recipe,0.0
5988,केरला स्टाइल फूल गोभी कुरमा रेसिपी - Kerala Style Cauliflower Kurma (Recipe In Hindi),0.0
6851,North Arcot Special Thavalai Dosai Recipe,0.0
5990,Dry Fruit & Nut Modak Recipe,0.0
6849,फ्रूट कस्टर्ड रेसिपी - Fruit Custard (Recipe In Hindi),0.0
6848,Thenga Manga Soya Sundal Recipe,0.0
6847,लहसुन की खीर रेसिपी - Garlic Kheer (Recipe In Hindi),0.0
6846,मूंग दाल सुखी सब्ज़ी रेसिपी - Moong Dal Sookhi Sabzi (Recipe In Hindi),0.0
6845,अचारी बैंगन भरता रेसिपी - Achari Baingan Bharta (Recipe In Hindi),0.0
6841,Puliyodharai / Puliyogare Recipe (using Millets),0.0
5995,Athirasam Recipe (A Traditional South Indian Diwali Sweet),0.0
6801,Andhra Style Usirikaya Pachadi Recipe (Indian Gooseberries Chutney),0.0
6800,Maharashtrian Vegetable Amboli Recipe (Savory Lentil Pancake Topped With Vegetables),0.0
6729,राजस्थानी घसेला रेसिपी - Besan Ka Pitta (Recipe In Hindi),0.0
6722,मेथी तुरई की सब्ज़ी रेसिपी - Methi Turai Ki Sabzi (Recipe In Hindi),0.0
6723,बेले डोसा रेसिपी - Lentil Dosa (Recipe In Hindi),0.0
6725,Kaddu Palak Roti Recipe (Pumpkin Spinach Flat Bread),0.0
6726,टमाटर डोसा रेसिपी - Tomato Dosa (Recipe In Hindi),0.0
6727,हरी फली की सब्ज़ी रेसिपी - Green Beans Fry (Recipe In Hindi),0.0
6728,गवार कद्दू की सब्ज़ी रेसिपी - Gavar Pumpkin Sabji (Recipe In Hindi),0.0
6730,बूंदी रायता रेसिपी - Boondi Raita Recipe Spiced With Black Salt (Recipe In Hindi),0.0
6739,Assamese Style Ghila Pitha Recipe (Sweetened Rice Fritters Recipe),0.0
6016,Rava Puttu Recipe,0.0
6732,Maharashtrian Style Semolina and Yogurt Cake Recipe,0.0
6733,Maharashtrian Style Kakdichi Amti (Cucumber Gravy Recipe),0.0
6014,Karnataka Style Southekayi Seppe Chutney Recipe (Mangalore Cucumber Peel Chutney Recipe),0.0
6735,टमाटर प्याज और ककड़ी का रायता रेसिपी - Tomato Onion Cucumber Raita (Recipe In Hindi),0.0
6736,सेमिया उपमा रेसिपी -Semiya Upma (Recipe In Hindi),0.0
6721,कश्मीरी मुंज हाक रेसिपी - Knol Khol Flavored With Asafoetida (Recipe In Hindi),0.0
6017,Traditional Anarsa Recipe With Curd (Apoopa),0.0
6719,आलू पोहा रेसिपी - Savory Flattened Rice & Potato Breakfast (Recipe In Hindi),0.0
6718,राजस्थानी गुंदे की सब्ज़ी रेसिपी - Bird Lime Stir Fry (Recipe In Hindi),0.0
6717,Coconut Kozhukattai Recipe,0.0
6716,तड़का रायता रेसिपी - Spiced Curd With Onions (Recipe In Hindi),0.0
6715,फ्रूट पचड़ी रेसिपी - Fruit Pachadi (Recipe In Hindi),0.0
6020,Brahmi Chutney Recipe,0.0
6711,मूंग दाल चीला रेसिपी - Moong Dal Chilla (Recipe In Hindi),0.0
6709,Quinoa Rice Pudding With Turmeric Recipe,0.0
6708,वेन पोंगल रेसिपी - South Indian Rice and Lentil Pudding (Recipe In Hindi),0.0
6707,इडली रेसिपी - Homemade Soft Idli (Recipe In Hindi),0.0
6022,लौकी बड़ी की सब्ज़ी - Lauki Badi Ki Sabzi (Recipe In Hindi),0.0
6704,रवा पोंगल रेसिपी - Rava Pongal (Recipe In Hindi),0.0
6703,सोया चंक्स सब्ज़ी रेसिपी - Soya Chunks Sabzi (Recipe In Hindi),0.0
6701,गेहूं का हलवा रेसिपी - Gehun Ka Halwa (Recipe In Hindi),0.0
6700,गाजर का हलवा रेसिपी - Gajar Ka Halwa (Recipe In Hindi),0.0
6012,नवरतन कोरमा (सूखा) रेसिपी - Dry Navratan Korma (Recipe In Hindi),0.0
6740,Carrot Semolina Phirni Recipe,0.0
5997,Narkoler Chance Recipe (Bengali Style Coconut Block),0.0
6786,पत्ता गोभी की भुर्जी रेसिपी - Cabbage Bhurji (Recipe In Hindi),0.0
6774,पालक रायता रेसिपी - Spinach Yogurt Salad (Recipe In Hindi),0.0
6775,चकुंदर का रायता रेसिपी - Beetroot Raita (Recipe In Hindi),0.0
6776,सेवई बिरयानी रेसिपी - Vermicelli Biryani (Recipe In Hindi),0.0
6006,तमिल नाडु स्टाइल सोरकई पोरियल - Spicy Dry Bottle Gourd (Recipe In Hindi),0.0
6004,अवधी स्टाइल करेले का दुलमा रेसिपी - Stuffed Bitter Gourd Simmered In Yogurt Gravy (Recipe In Hindi),0.0
6783,Vegan Instant Coffee Recipe,0.0
6789,पंजाबी लोबिया मसालारेसिपी -Punjabi Style Black Eyed Beans Curry (Recipe In Hindi),0.0
6741,सब्ज़ी रवा उपमा रेसिपी - Savory Semolina Breakfast Pudding (Recipe In Hindi),0.0
6790,Maharastrian Bhadang Recipe (Puffed Rice Snack Mix),0.0
6791,मूली रायता रेसिपी - Spiced Yogurt Salad with Radish (Recipe In Hindi),0.0
6792,मसाला पालक भुर्जी रेसिपी - Masala Palak Bhurji (Recipe In Hindi),0.0
6793,बेसन लड्डू रेसिपी - Besan Ladoo (Recipe In Hindi),0.0
6797,फूलकारी पुलाव रेसिपी - Phulkari Pulao (Recipe In Hindi),0.0
6003,Indian Masala Curry Powder With Red Chillies Recipe,0.0
6772,भिंडी रायता रेसिपी - Bhindi Raita (Recipe In Hindi),0.0
6009,तमिल नाडु स्टाइल ब्रोकली पोरियल रेसिपी - Broccoli Stir Fry (Recipe In Hindi),0.0
6768,खंदेशी दाल रेसिपी - Khandeshi Dal (Recipe In Hindi),0.0
6764,लेमन ओट्स रेसिपी - Lemon Oats (Recipe In Hindi),0.0
6763,गोभी और ककड़ी का रायता रेसिपी - Cauliflower & Cucumber Raita (Recipe In Hindi),0.0
6762,बेसन ब्रेड टोस्ट रेसिपी - Besan Bread Toast (Recipe In Hindi),0.0
6758,Gur Paare Recipe (A traditional Punjabi Wedding Sweet),0.0
6757,Punjabi Choori Recipe (Sweet Crumbled Rotis),0.0
6756,लौकी रायता रेसिपी - Grated Bottle Gourd Yogurt Salad (Recipe In Hindi),0.0
6753,वेगन नारियल का रायता रेसिपी - Vegan Coconut Yogurt (Recipe In Hindi),0.0
6752,पंजाबी आलू पराठा रेसिपी - Spiced Indian Potato Flatbread (Recipe In Hindi),0.0
6751,पापड़ रायता रेसिपी - Papad Raita (Recipe In Hindi),0.0
6749,दाल मखनी रेसिपी - Creamy Dal Makhani (Recipe In Hindi),0.0
6748,अचारी पनीर रेसिपी - Spicy Pickled Paneer Gravy (Recipe In Hindi),0.0
6747,छोटी आलूर दम रेसिपी - Baby Potatoes In Tomato Gravy (Recipe In Hindi),0.0
6010,Gulab Jamun Bread Pudding Recipe,0.0
6743,Maharashtrian Style Namkeen Shankarpali (Savory Flaky Pastry Diamonds Recipe),0.0
6069,Bhaja Pithe Recipe,0.0
6512,पंजाबी दाल तड़का रेसिपी - Punjabi Dal Tadka (Recipe In Hindi),0.0
5661,Healthy Veg Lollipop Recipe With Palak & Rajma,0.0
6106,"Multi-Grain Crackers With Sesame Seeds, Chives And Chili Flakes Recipe",0.0
6110,Kara Kadubu Recipe (Malanad Style Steamed Spiced Rice Dumplings),0.0
6293,शकरकंदी और नीम के पत्तो की सब्ज़ी रेसिपी - Sweet Potato & Neem Leaves Vegetable Curry (Recipe In Hindi),0.0
6109,Quinoa Sweet Paniyaram Recipe,0.0
6295,Kandarappam Recipe (Chettinad Sweet Appam),0.0
6296,Bajra Ka Kheech Recipe,0.0
6298,Mustard Green Chilli Pickle Recipe,0.0
6300,Karonde & Mirchi Ki Sabji Recipe (An Instant Pickle with Seasonal Indian Berries),0.0
6290,Akkravadisal Recipe (Rice Milk Pudding),0.0
6301,Quick Indian Style Ginger Pickle Recipe,0.0
6302,Beetroot and Fig Chutney Recipe,0.0
6105,Aam Papad Recipe (Tasty Mango Bars),0.0
6305,Mirchi Lahsun Ka Chunda Recipe (Chilli Garlic Chunda),0.0
6306,आलू पालक की सब्ज़ी रेसिपी - Sautéed Potatoes With Spinach (Recipe In Hindi),0.0
6307,बंगाली आलू झिंगे पोश्तो करी रेसिपी - Bengali Aloo Jhinge Posto Curry (Recipe In Hindi)),0.0
6291,Karjikai (Karnataka Style Deep Fried Sweet Pastry Recipe),0.0
6289,Gil-E-Firdaus Recipe (Kesar Phirni),0.0
6355,Kalkandu (Kallusakkare) Pongal Recipe | Rice Pudding with Rock Candy,0.0
6276,Thandai Mousse Recipe,0.0
6259,Maharashtrian Achar Ka Masala (Pickle Mix Recipe),0.0
6116,Instant Garlic Pickle Recipe,0.0
6115,Kheer Puli Pitha | Bengali Pitha Recipe,0.0
6267,Avalakki Porridge In Warm Spiced Berries Recipe,0.0
6270,Homemade Ginger Garlic Paste,0.0
6114,Oriya Kancha Kadali Bara Recipe (Raw Banana Cutlets),0.0
6277,Carrot Puree Recipe - First Food For Babies,0.0
6111,Shakkarkandi ke Laddu | Sweet Potato Laddu Recipe,0.0
6281,Banana Puree (Baby Food- 4 months onward),0.0
6283,Homemade Rice Cereal Recipe (Babies-4 months onward),0.0
6284,Beetroot Millet Paniyaram Recipe,0.0
6285,Khubani Ka Meetha Recipe (A Rich Hyderabadi Nawabi Dessert),0.0
6286,Instant Lemon Pickle Recipe,0.0
6112,KhiraSaku ( Odiya Style Rice Pan Cake) Recipe,0.0
6308,गुजराती टिंडोरा नु शाक रेसिपी - Khatti Meethi Tinda Recipe (Recipe In Hindi),0.0
6309,Andi Unda (Kerala Special Cashew & Rice Balls) Recipe,0.0
6310,Rasgulla Custard Pudding Recipe,0.0
6339,Sweet Boondi / Meethi Boondi Recipe,0.0
6331,Motichoor Modak Recipe,0.0
6333,Royal Bread Gulab Jamun Recipe,0.0
6334,पोरीचा कोरम्बुरेसिपी - Poricha Kuzhambu Tamil Nadu Style Mixed Vegetables and Lentil Stew (Recipe In Hindi),0.0
6335,आलू भिन्डी की सब्ज़ी रेसिपी - Spicy Potatoes and Lady's Finger Stir Fry (Recipe In Hindi),0.0
6336,Quinoa Phirnee Recipe (Quinoa Milk Pudding),0.0
6337,Green Chilli Pickle Recipe (Gujarati Raiwala Marcha),0.0
6340,Kesar Shahi Tukda With Rabdi Recipe (Saffron Bread Pudding With Spiced Milk Custard),0.0
6311,Satori Recipe (Maharashtrian Mawa Flat Bread),0.0
6342,केरल आलू थियल रेसिपी - Kerala Style Potatoes In Shallots And Roasted Coconut (Recipe In Hindi),0.0
6343,बैंगन मुसल्लम रेसिपी - Mughlai Style Eggplant Simmered In Rich Tomato Curry (Recipe In Hindi),0.0
6097,Dry Fruits Suzhiyam (Boorelu) With Black Rice Recipe,0.0
6096,Sweet Pongal With Thai Jasmine Rice And Palm Sugar Recipe,0.0
6095,Thayir Idli Recipe (South Indian Idli In Tempered Curd),0.0
6353,पाल कट्टी चेट्टिनाड करी रेसिपी - Chettinad Style Paneer Kurma (Recipe In Hindi),0.0
6098,Avocado Ada Pradhaman Recipe (With Vegan Option),0.0
6328,Aval Puttu Recipe,0.0
6327,Bengali Bhapa Doi Recipe,0.0
6325,Bengali Chirer Payesh / Poha Pudding Recipe With Nolen Gur,0.0
6324,Traditional Steamed Modak Recipe (Ukadiche Modak With Rice flour),0.0
6099,Pink Dragon Fruit Kesari Recipe (Sooji Halwa with Dragon fruit),0.0
6322,Nellikai Oorugai/Amla Sambhariyo Recipe (Instant Gooseberry Pickle Recipe),0.0
6100,Nagli/Ragi Laddu Recipe,0.0
6320,Shalgam Gajar Aur Gobhi Ka Achar Recipe,0.0
6101,Honeycomb Toffee | Cinder Toffee Recipe,0.0
6103,Pumpkin Wade (Sweet Pumpkin Pooris) Recipe,0.0
6317,Instant Chilli Pickle Recipe,0.0
6316,Mahali Kizhangu Thayir Urugaai Recipe (Mahali Root Curd Pickle),0.0
6315,मेँथीआ कीरै परुप्पू उसिलि रेसिपी - Steamed Lentil Crumbled With Fenugreek Leaves (Recipe In Hindi),0.0
6314,Capsicum Thokku Recipe,0.0
6313,Instant Mixed Vegetable Pickle Recipe,0.0
6104,पंजाबी मसाला लोबिया की सब्ज़ी रेसिपी - Black Eyed Peas Masala (Recipe In Hindi),0.0
6117,Instant Red Chilli Pickle Recipe,0.0
6255,Godhi Chutney Podi Recipe (Wheat Germ South Indian Spice Powder),0.0
6118,Singhade Ka Achaar Recipe (Water Chestnut Pickle),0.0
6178,Mysore Bonda Recipe (Healthy Pan Fried Recipe),0.0
6171,Oats Unni Appam/ Nei Appam Recipe,0.0
6129,Besan Ke Laddu Recipe,0.0
6174,Ammini Kozhukattai (Rice Flour Dumplings) Recipe,0.0
6128,North East Khapse Recipe (Deep Fried Biscuits From Arunachal),0.0
6176,Assamese Sweet Kordoi Recipe,0.0
6177,पोटाला रसा रेसिपी - Oriya Style Parval Sabzi (Recipe In Hindi),0.0
6179,कश्मीरी दम मोंजी रेसिपी - Knol Khol in Yogurt (Recipe In Hindi),0.0
6125,Til Ke Laddu Recipe (Sesame Seeds Laddu Recipe),0.0
6180,Vazhaipoo Vadai Recipe (Banana Flower Fried Savoury Snack),0.0
6181,भरमा कटहल की सब्ज़ी रेसिपी - Stuffed Jackfruit Curry (Recipe In Hindi),0.0
6127,Karachi Biscuits Recipe,0.0
6183,ढिंगरी डोलमा रेसिपी - Dhingri Dolma (Recipe In Hindi),0.0
6126,Guilt Free Coconut Barfi Recipe,0.0
6186,Sajjappa Recipe (Stuffed Sweetened Coconut Pastry),0.0
6170,Healthy Snack Bowl Recipe,0.0
6133,Pineapple And Semolina Sheera Recipe,0.0
6136,Khajoor Imli Ki Chutney With Panch Phoran Masala Recipe,0.0
6165,Palak Puri Recipe (Crispy Spinach Puri Snack),0.0
6138,Carrot Pudina Masala Vadai Recipe,0.0
6163,Kerala Style Vettu Cake Recipe (Eggless Wholewheat Tea Shop Cake),0.0
6162,Amla/Nellikai Thogayal Recipe (Gooseberry Chutney),0.0
6139,Bengali Beetroot And Raw Banana Chop Recipe (Spiced Cutlet Recipe),0.0
6160,Alu Vadi Or Patrode Recipe - Maharashtrian Snack With Colocasia Leaves,0.0
6159,Khatta Meetha Petha Recipe (Yellow Pumpkin Sabzi),0.0
6141,Andhra Style Multi Lentil Garelu (Vada Recipe),0.0
6142,Kothimbir Vadi Recipe (Maharashtrian Coriander Fritters),0.0
6154,Puffed Rice Bar Recipe,0.0
6152,Dal Fara Recipe (Indian Stuffed Lentil Dumplings),0.0
6151,Gujarati Fafda Recipe (Crispy Gram Flour Snack),0.0
6150,Kobbari Kudumulu Recipe (Indian Spiced Steamed Rice Balls),0.0
6145,Kothamalli Thogayal Recipe | Coriander Leaves Chutney,0.0
6187,शकरकंदी और करेला कुलंबु रेसिपी - Sweet Potato And Bitter Gourd Kulambu (Recipe In Hindi),0.0
6189,कलौंजी वाली आलू गोभी की सब्ज़ी रेसिपी - Cauliflower & Potato Stir Fry with Nigella Seeds (Recipe In Hindi),0.0
6252,Andhra Style Karivepaku Pachadi Recipe (Curry Leaf Chutney Recipe),0.0
6232,Assamese Bhendir Sorsori Recipe (Okra In Mustard Sauce),0.0
6213,Andhra Style Pappulo Undrallu Recipe,0.0
6218,Assamese Style Dil Pasand Recipe,0.0
6220,Bisi Bele Bath Spice Powder Recipe,0.0
6222,Kesar Elaichi Shrikand Recipe,0.0
6119,Gulkand Kala Jamun Recipe,0.0
6231,Kaanole Recipe (Maharashtrian Steamed Wheat Flour Sweet),0.0
6234,Doodanche Fov Recipe (Goan Style Milk Beaten Rice/Poha In Milk),0.0
6190,ओरिया घंटे तरकारी रेसिपी - Oriya Style Mixed Vegetables Curry (Recipe In Hindi),0.0
6235,पनीर भरमा भिन्डी रेसिपी - Stuffed Bhindi With Paneer (Recipe In Hindi),0.0
6237,Oats And Spinach Pongal Recipe,0.0
6239,Healthy Spinach Idli Recipe (Steamed Spinach Savory Cake),0.0
6242,Buckwheat Dosa Recipe,0.0
6245,Peanut Garlic Chutney Powder Recipe,0.0
6249,Instant Puliyodharai Powder Recipe (Puliyogare/Pulihora Powder),0.0
6211,Karnataka Style Haalbai Recipe,0.0
6210,Lemon Coconut Chia Energy Balls Recipe,0.0
6120,Masala Ulundu Vadai Recipe,0.0
6205,अंकुरित दालो की सब्ज़ी रेसिपी - Mixed Sprouts Sabzi (Recipe In Hindi),0.0
6204,Sakkare Achhu Recipe (Festive Sugar Figurines),0.0
6122,खट्टी कद्दू की सब्ज़ी रेसिपी - Tangy Tamarind Pumpkin Curry (Recipe In Hindi),0.0
6201,The Goan Kelyachyo Fodi Recipe (Spicy & Crispy Pan Fried Banana Recipe),0.0
6200,Thenga Vada Recipe (Spicy Coconut Fritters),0.0
6199,Kara Vegetable Pidi Kozhukattai (Savory Spicy Vegetable Modak),0.0
6198,Foxtail Millet Nippattu Recipe,0.0
6123,Surti Obbattu Recipe - Fruit & Nut Pooris In Saffron Milk,0.0
6196,Oats Uppu Kozhukattai Recipe,0.0
6195,कश्मीरी वेठ चमन रेसिपी - Paneer in Yogurt Tomato Curry (Recipe In Hindi),0.0
6124,Chettinad Kavuni Arisi Sweet Recipe (Black Rice Pudding),0.0
6193,"Potato Patties Stuffed With Bell Pepper, Coconut & Dry Fruits Recipe",0.0
6192,Avalakki Bella Usuli Recipe (Jaggery & Flattened Rice),0.0
6191,नादन टमाटर करी रेसिपी - Kerala Style Nadan Tomato Curry Recipe (Recipe In Hindi),0.0
6354,चिल्ली मिली रेसिपी - Veg Chilli Milli (Recipe In Hindi),0.0
6094,साउथ इंडियन पापड करी रेसिपी - Appalam Vathal Kuzhambu (Recipe In Hindi),0.0
6071,मेथी की सब्ज़ी रेसिपी - Methi Leaves Curry (Recipe In Hindi ),0.0
6465,झंगोरे की खीर रेसिपी - Jhangore Ki Kheer (Recipe In Hindi),0.0
6457,Bengali Doi Potol Recipe (Pointed Gourd In Thick Yogurt Based Gravy),0.0
6458,बैंगन मसाला रेसिपी - Baingan Masala (Recipe In Hindi),0.0
6075,Chaler Payesh Recipe (Bengali Style Rice Pudding),0.0
6460,सरसों का साग रेसिपी - Sarson Ka Saag (Recipe In Hindi),0.0
6462,ओरीया मीठा डाली रेसिपी - Oriya Mitha Dali (Recipe In Hindi),0.0
6463,लौकी की खीर - Lauki Ki Kheer (Recipe In Hindi),0.0
6074,Instant Palkova Recipe (Milk Based Sweet Recipe),0.0
6455,लोबिया मसाला रेसिपी - Lobia Masala (Recipe In Hindi),0.0
6467,Thayir Vada Recipe (Spicy Fritter Soaked In Sweet Yogurt Recipe),0.0
6468,Thengai Thogayal Recipe (Spicy and Tangy Coconut Chutney),0.0
6469,Singhare Atte Ka Halwa/Sheera Recipe (Water Chestnut Flour Halwa Recipe),0.0
6470,Habshi Halwa Recipe,0.0
6471,Goan Style Banana Halwa Recipe (Kelyacho Halwo),0.0
6472,Sanjori Bread Recipe (Maharashtrian Sweet Flatbread Stuffed with Halwa),0.0
6456,आलू भरमा दाल ढोकली रेसिपी - Potato Stuffed Dal Dhokli (Recipe In Hindi),0.0
6453,तीखा आलू रोस्ट रेसिपी - Spicy Potato Roast Recipe (Recipe In Hindi),0.0
6357,कश्मीरी फूल रोगन जोश रेसिपी - Kashmiri Phool Rogan Josh (Recipe In Hindi),0.0
6077,Suji Manda Pitha/Sweetened Coconut Stuffed Semolina Dumplings Recipe,0.0
6436,लौकी मूंगफली सूप रेसिपी - Lauki Moongphali Soup (Recipe In Hindi),0.0
6437,ऑडीया स्टाइल चौला खीरी रेसिपी - Oriya Style Rice Kheer (Recipe In Hindi),0.0
6438,Khichdi Roti रेसिपी - खिचड़ी रोटी (Recipe In Hindi),0.0
6439,अजवाइन पूरी रेसिपी - Ajwain Puri (Recipe In Hindi),0.0
6440,माँ की दाल रेसिपी - Maa Ki Dal (Recipe In Hindi),0.0
6078,Sakkare Millet Pongal Recipe,0.0
6444,अनारदाना चटनी रेसिपी - Pomegranate Chutney (Recipe In Hindi),0.0
6452,आलू परवल की सुखी सब्ज़ी रेसिपी - Potato And Pointed Gourd Sabzi (Recipe In Hindi),0.0
6445,मुंग चीज कचौड़ी रेसिपी - Moong Cheese Kachori (Recipe In Hindi),0.0
6446,भगारा पीठा रेसिपी - Baghara Pitha (Recipe In Hindi),0.0
6076,Patishapta Recipe (Rice Crepe),0.0
6449,चटपटा आलू रेसिपी - Chatpata Baby Potato (Recipe In Hindi),0.0
6450,मीठा खिचुडी रेसिपी - Mitha Khichudi (Recipe In Hindi),0.0
6451,राबोडी की सब्ज़ी रेसिपी - Rabodi Ki Sabzi (Recipe In Hindi),0.0
6473,Pumpkin Halwa (Kaddu Ka Halwa) Recipe,0.0
6474,Wheat Rava Halwa Recipe,0.0
6475,Ragi Halwa Recipe | Healthy Indian Sweet Made With Ragi,0.0
6502,जयपुरी आलू प्याज की सब्ज़ी रेसिपी - Jaipuri Aloo Pyaz Ki Sabzi (Recipe In Hindi),0.0
6495,Shrikhand Vadi Recipe (Yogurt Barfi),0.0
6496,Saffron Milk Masala Recipe,0.0
6497,Strawberry And Sooji Halwa Recipe,0.0
6073,Goan Sweet Khatkhati Recipe (Coconut Candy),0.0
6499,Baked Chevdo Recipe (Chivda Mixture -Tea Time Snack),0.0
6501,Red Kidney Beans Chocolate Barfi Recipe,0.0
6072,व्रत वाले आलू पनीर रेसिपी - Potato Paneer Curry Without Onion And Garlic Recipe (Recipe In Hindi),0.0
6476,Doodhi Halwa Recipe (Bottle Gourd Halwa),0.0
6504,Aloo & Nariyal Ki Kachori Recipe (Pan Fried Farali Aloo Vada),0.0
6505,Falahari Rajgira Aloo Tikki Recipe (Gluten Free Amaranth Potato Patty),0.0
6506,चना मेथी दाल रेसिपी - Chana Methi Dal (Recipe In Hindi),0.0
6507,उरद की सुखी दाल रेसिपी - Urad Ki Sukhi Dal (Recipe In Hindi),0.0
6508,ढाबा स्टाइल हरी मूंग दाल तड़का रेसिपी - Dhaba Style Green Moong Dal Tadka (Recipe In Hindi),0.0
6510,पंचमेल दाल रेसिपी - Panchmel Dal (Recipe In Hindi),0.0
6493,शिमला मिर्च और मशरुम की सब्ज़ी रेसिपी - Pepper Mushroom Stir Fry (Recipe In Hindi),0.0
6492,बेसन अरबी रोस्ट रेसिपी - Besan Arbi Roast (Recipe In Hindi),0.0
6491,पंजाबी साबुत मूंग की दाल रेसिपी - Punjabi Sabut Moong Ki Dal (Recipe In Hindi),0.0
6490,Vegan Black Beans Stuffed Paratha Recipe,0.0
6489,Gulachi Poli Recipe (Jaggery And Poppy Seeds Stuffed Paratha),0.0
6488,फालगुनी दाल रेसिपी - Phalguni Dal (Recipe In Hindi),0.0
6487,गाजर और बीन्स का पोरियल रेसिपी - Carrot and Beans Poriyal (Recipe In Hindi),0.0
6486,Makka Cholam Sundal Recipe (Spicy Sweet Corn Recipe),0.0
6485,Choco Badam Barfi / Choco Almond Fudge Recipe,0.0
6484,Moong Dal Halwa Recipe (A Low Calorie Version),0.0
6483,Thulli Recipe (Broken Wheat Halwa),0.0
6482,Mukhadi Halwa Recipe (Semolina & All Purpose Flour Halwa),0.0
6481,Rajasthani Hare Chane Ka Halwa Recipe (Choliya Halwa),0.0
6480,Beetroot Halwa Recipe (With Vegan Option),0.0
6479,Vegan Carrot Halwa Ice Cream Recipe,0.0
6478,WeetBix Halwa Recipe,0.0
6477,Moong Dal Halwa Recipe (Warm Lentil Pudding with Nuts and Spices),0.0
6435,Sitaphal Rabdi Recipe,0.0
6080,Uttarakhand Style Singhal Recipe,0.0
6433,Paruppu Urundai Mor Kuzhambu Recipe(Lentil Balls in Yogurt Curry),0.0
6383,कद्दू और नारियल के लड्डू रेसिपी - Pumpkin Coconut Ladoo (Recipe In Hindi),0.0
6377,Assamese Komolar Kheer Recipe (Orange Kheer),0.0
6378,Baked Mathri Recipe (Non Fried Tea Time Snack),0.0
6379,राजस्थानी हरे चने का हलवा रेसिपी - Rajasthani Hare Chane Ka Halwa (Recipe In Hindi),0.0
6380,सेब का हलवा रेसिपी - Apple Halwa (Recipe In Hindi),0.0
6381,Maharashtrian Dinkache Ladoo Recipe (Whole Wheat Flour Truffles With Edible Gum & Dry Fruits),0.0
6382,पारंपरिक पंजीरी लड्डू (जन्माष्टमी पसादम) रेसिपी - Panjiri Ladoo (Recipe In Hindi),0.0
6384,पोहा लड्डू रेसिपी - Poha Ladoo With Chocolate And Coconut (Recipe In Hindi),0.0
6392,Brown Rice Flakes Pudding / Desi Poha Kheer Recipe,0.0
6385,Mithi Mathri Recipe (Crispy Fried Sweet Fritters),0.0
6386,Maharashtrian Gavachi Kheer Recipe (Whole Cracked Wheat Pudding),0.0
6387,Baked Palak Ki Mathri Recipe (Baked Spinach Spicy Tea-Time Crackers),0.0
6388,Makki Ki Baked Mathri Recipe (Baked Cornmeal Flaky Biscuit),0.0
6389,Black Currant Dates Kheer Recipe,0.0
6390,Foxtail Millet Kheer Recipe (Millet Pudding With Saffron & Nuts),0.0
6376,सुखी दाल पालक की सब्ज़ी रेसिपी - Dry Palak Dal Sabzi (Recipe In Hindi),0.0
6084,Kaacha Gola Recipe (Bengali Sweet Cottage Cheese Balls),0.0
6374,जीरा राइस रेसिपी - Jeera Rice (Recipe In Hindi),0.0
6085,Paal Kozhukattai Recipe,0.0
6086,अवधी खट्टी अरबी का सालन रेसिपी - Awadhi Style Khatti Arbi Ka Salan (Recipe In Hindi),0.0
6087,Hare Chane Ka Kebab Recipe,0.0
6370,Tofu & Capsicum Paratha Recipe (Stuffed Tofu Flatbread),0.0
6088,Kothamalli Thovayal Recipe (Dry Coriander Leaves Chutney),0.0
6368,पालक पुलाव रेसिपी - Palak Pulao (Recipe In Hindi),0.0
6089,Nolen Gurer Payesh Recipe,0.0
6365,टमाटर पुलियोगरे रेसिपी - Spicy Tomato Rice (Recipe In Hindi),0.0
6364,Karnataka Style Ranjaka Recipe (Red Chili Chutney Recipe),0.0
6091,खट्टा मीठा लौकी करी रेसिपी - Tangy and Sweet Bottle Gourd Curry (Recipe In Hindi),0.0
6361,Singhara Atta Cheela Recipe (No Onion No Garlic Navratri Fasting/Vrat Recipe),0.0
6093,Chettinad Podalangai Vadai Recipe (Chettinad Style Snake Gourd Fritters),0.0
6359,Sooji Halwa Breakfast Bowl Recipe,0.0
6358,लहसुन टमाटर की चटनी रेसिपी - Roasted Garlic Tomato Chutney (Recipe In Hindi),0.0
6391,Khira Gaintha Recipe (Kheer Puli),0.0
6393,टोफू पुलाव रेसिपी - Tofu Pulao (Recipe In Hindi),0.0
6432,Chocolate And Semolina Halwa Recipe,0.0
6423,Saunf Aloo & Dal Kebab Recipe (Potato & Lentil Kebabs),0.0
6416,पुदीना पुलाव रेसिपी - Pudina Rice (Recipe In Hindi),0.0
6418,गाजर पुलाव रेसिपी - Carrot Rice (Recipe In Hindi),0.0
6419,घी चावल रेसिपी - Ghee Rice (Recipe In Hindi),0.0
6420,हरे सेब का रसम रेसिपी - Green Apple Rasam (Recipe In Hindi),0.0
6421,गाजर और शिमला मिर्च पुलाव रेसिपी - Carrot And Capsicum Rice (Recipe In Hindi),0.0
6422,डुबकी वाले आलू रेसिपी - Dubki Wale Aloo (Recipe In Hindi),0.0
6082,Nolen Chawal Bhog Recipe (Rice Pudding With Nolen Jaggery),0.0
6396,आलू गाजर की सब्ज़ी रेसिपी - No Onion No Garlic Aloo Gajar Ki Sabzi (Recipe In Hindi),0.0
6425,साबूदाना खीर रेसिपी - Sabudana Kheer (Recipe In Hindi),0.0
6081,Murmura Jaggery Laddu/ Pori Urundai Recipe,0.0
6428,अचारी आलू रेसिपी - Achari Aloo (Recipe In Hindi),0.0
6429,ब्रेड हलवा रेसिपी - Bread Halwa (Recipe In Hindi),0.0
6430,Kerala Style Rice Halwa Recipe,0.0
6431,साउथ इंडियन चुकंदर पोरियल रेसिपी - Stir Fried Beetroot (Recipe In Hindi),0.0
6415,एल्लु सादम रेसिपी - Ellu Sadam (Recipe In Hindi),0.0
6414,Moong Dal Rasam/Pesara Pappu Charu Recipe (Lemon Infused Indian Lentil Soup),0.0
6413,टमाटर मेथी पुलाव रेसिपी - Tomato Methi Rice (Recipe In Hindi),0.0
6412,वन पॉट आलू गोभी रेसिपी - One Pot Aloo Gobi (Recipe In Hindi),0.0
6411,आलू टमाटरी रेसिपी - Aloo Tamatari (Recipe In Hindi),0.0
6410,चना और आलू की सुखी सब्ज़ी रेसिपी - Chana Aur Aloo Ki Sookhi Sabzi (Recipe In Hindi),0.0
6409,आलू पोतोल पोस्तो रेसिपी - Aloo Parwal In Poppy Seed Masala (Recipe In Hindi),0.0
6408,आलू अमृतसरी रेसिपी - Aloo Amritsari (Recipe In Hindi),0.0
6407,आलू गाजर मटर की सब्ज़ी रेसिपी - No Onion And No Garlic Aloo Gajar Matar Ki Sabzi (Recipe In Hindi),0.0
6406,आलू गोभी मटर की सब्ज़ी रेसिपी - Aloo Gobhi Matar Ki Sabzi (Recipe In Hindi),0.0
6404,निरामिष आलू दम रेसिपी - Niramish Aloo Dum Sabzi (Recipe In Hindi),0.0
6403,वेगन सोया आलू की सब्ज़ी रेसिपी - Vegan Soya Aloo Curry (Recipe In Hindi),0.0
6402,निरामिष आलू दम रेसिपी - Niramish Aloo Dum (Recipe In Hindi),0.0
6400,जीरा हींग आलू रेसिपी - Jeera Hing Aloo (Recipe In Hindi),0.0
6399,Low Fat Aloo Bonda Recipe - Made In Kuzhi Paniyaram Pan,0.0
6398,अचारी आलू गोभी रेसिपी - Achaari Aloo Gobhi (Recipe In Hindi),0.0
6397,तिल के आलू रेसिपी - Til Ke Aloo (Recipe In Hindi),0.0
6876,South Indian Coconut Chutney Recipe With Coconut Water,0.0
6877,गोभी और लाल शिमला मिर्च की सब्ज़ी रेसिपी - Cauliflower And Red Bell Pepper Stir Fry (Recipe In Hindi),0.0
6878,गोअन स्टाइल ब्रिंजल भरता रेसिपी - Goan Style Brinjal Bharta (Recipe In Hindi),0.0
7450,वेजिटेबल समोसा रेसिपी - Mixed Vegetable Samosa Recipe,0.0
7443,Broccoli And Aloo Poriyal Recipe - South Indian Broccoli And Potato Stir Fry,0.0
5728,Erode Pallipalayam Chicken Fry Recipe,0.0
7445,Oreo Paneer Modak Recipe,0.0
7447,मक्की की पूरी रेसिपी - Makki Ki Puri Recipe,0.0
7448,ठंडाई कुल्फी रेसिपी - Thandai Kulfi Recipe,0.0
7449,Upma Kozhukattai Recipe - Delicious Broken Rice Steamed Dumplings,0.0
5722,Kuzhal Payasam Recipe- Wheat Noodles Payasam,0.0
7433,Sprouted Methi & Kachha Aam Salad Recipe,0.0
5721,दही सुरन की कढ़ी रेसिपी - Dahi Suran Ki Kadhi Recipe,0.0
5720,मारवाड़ी गट्टे की कढ़ी रेसिपी - Marwadi Gatte Ki Kadhi Recipe,0.0
5719,Parangikai Payasam Recipe - Pumpkin Payasam,0.0
5718,Karnataka Style Gasagase Payasa Recipe- Poppy seed Payasam,0.0
7457,Bhindi & Capsicum Sabzi Recipe,0.0
7458,दूध वाली गुजराती कढ़ी रेसिपी - Gujarati Kadhi With Milk And Mint Recipe,0.0
7440,Bread Batata Vada Recipe-Crispy Bread Bonda Stuffed With Spicy Aloo,0.0
5738,Semiya Payasam With Coconut Milk Recipe,0.0
7500,आमरस रेसिपी - Aamras Recipe,0.0
5742,पुदीना खरा पोंगल रेसिपी - Pudina Khara Pongal Recipe,0.0
7408,Jowar and Vegetable Porridge Recipe,0.0
7409,Gooseberry Ginger Detox Health Drink Recipe,0.0
7410,Ada Pradhaman Recipe - Kerala Style Rice Ada Pudding With Jaggery & Coconut Milk,0.0
7411,Chia Seeds Shikanji Recipe,0.0
7412,Parwal Ki Mithai Recipe -Pointed Gourd Sweet,0.0
7413,Gujarati Patra Recipe - Alu Vadi Recipe,0.0
5741,Oats Chivda Recipe- Oats Poha Mixture- No Onion No Garlic,0.0
7429,Puli Inji Recipe - Tamarind and Ginger Chutney,0.0
5740,Sweet & Spicy Amla Chutney Recipe,0.0
7419,Kerala Style Chakkakuru Mezhukkupuratti Recipe-Jackfruit Seed Poriyal,0.0
7420,Kulia Fruit Chaat Recipe,0.0
7425,Ragi Masala Twisters Recipe-Healthy Snack,0.0
5739,Ada Pradhaman Recipe With Homemade Ada- Kerala Special Payasam Recipe,0.0
7428,Mango Kheer Recipe,0.0
5717,Little Millet Payasam Recipe- Kutki/Sama Payasam,0.0
7463,कोथामली थोवयल रेसिपी - Kothamalli Thovayal Recipe,0.0
5716,ढाबा स्टाइल अंडे की करी रेसिपी - Dhaba Style Egg Curry,0.0
5704,तीखी और मीठी आमला चटनी रेसिपी - Amla Chutney Recipe,0.0
7483,पनीर बटर मसाला बिरयानी रेसिपी - Layered Paneer Butter Masala Biryani Recipe,0.0
5706,सोरेकै मजिगे हुली रेसिपी - Sorekai Majjige Huli Recipe,0.0
7485,पालक पनीर स्टफ्ड ओट्स चीला रेसिपी - Oats Cheela Recipe Stuffed With Creamy Palak Paneer in Hindi,0.0
7486,वेज मक्खनवाला रेसिपी - Veg Makhanwala Recipe,0.0
7488,Varagu Arisi Pongal Recipe -Kodo Millet Pongal,0.0
5705,Wheat Grass Shikanji - Wheat Grass Lemonade Recipe,0.0
7492,White Pumpkin Mor Kuzhambu Recipe - Kerala Style White Pumpkin Curry,0.0
7465,Keri Na Gotla Nu Shaak Recipe - Gujarati Style Ripe Mango Curry,0.0
7493,Boodida Gummadikaya Pachi Vadiyalu Recipe -Andhra Style Ash Gourd Fritters Recipe,0.0
5701,Egg Pakora Recipe - Egg Fritters,0.0
7495,Cauliflower And Peas Bhurji Recipe,0.0
5700,Aloo Dal Pakoras Recipe,0.0
7497,कच्चा आम ककड़ी गाजर सलाद रेसिपी - Raw Mango Carrot Cucumber Salad Recipe With Peanuts,0.0
7498,Raw Mango Thokku Recipe - Tamil Nadu Style Raw Manga Thokku,0.0
7482,Chettinad Pazha Payasam Recipe - Fruit Payasam Recipe,0.0
5707,कोवक्कै पौड़ी करी रेसिपी - Kovakkai Podi Curry Recipe,0.0
5708,Jal Jeera Recipe - Indian Spiced Lemonade,0.0
7479,Vendakkai Thoran Recipe - Kerala Style Bhindi Stir Fry,0.0
5709,Badam Milk Recipe - Almond Milk,0.0
7477,कच्चे आम वाली दाल फ्राई रेसिपी - Raw Mango Dal Fry Recipe,0.0
7476,Spicy Paneer Pulao With Vegetables,0.0
7475,Moong Dal Karara Recipe,0.0
7474,Vegan Mango Lassi Recipe,0.0
5710,Kokum Saar Recipe - Traditional Maharashtrian Kokum Drink,0.0
5711,Raab Recipe - Immunity Building Home Remedy Made From Millet Flour,0.0
7471,आलू मटर सब्ज़ी रेसिपी - Aloo Matar Sabzi Recipe,0.0
7470,Vagharelo Bhaat Recipe - Gujarati Masala Rice,0.0
5714,चिकन बिरयानी रेसिपी - Chicken Biryani With Coconut Milk Recipe,0.0
7468,बीटरूट चिकन कटलेट रेसिपी - Beetroot Chicken Cutlets Recipe,0.0
7467,Bengali Potol Bhaja Recipe-Bengali Style Parwal Sabzi,0.0
5715,गाजर नारियल पचड़ी रेसिपी - Carrot Pachadi With Coconut Recipe,0.0
7406,Boiled Peanut Raita Recipe,0.0
5743,Sprouted Moong and Methi Cheela Recipe - A Healthy Breakfast,0.0
5745,Akhrot Burfi Recipe - Walnut Burfi,0.0
5763,Karnataka Style Jackfruit Moong Dal Payasa Recipe,0.0
7327,Vellarikka Kosumalli Recipe- South Indian Style Cucumber Salad,0.0
7328,गोअन पोई रेसिपी - Goan Poee Recipe,0.0
7329,Kurkure Karela Sabzi Recipe - Crispy Karela Bhujiya,0.0
5765,Instant Gor Kairi Lonche Recipe - Sweet Raw Mango Pickle,0.0
7331,Kashmiri Style Paneer in Spiced Milk Curry Recipe-Roz Ka Khana In Figaro Olive Oil,0.0
5764,Malnad Special Appe Midi Uppinakayi Recipe - Tender Mango Pickle,0.0
7338,आमला थोगयल रेसिपी - Amla Thogayal Recipe,0.0
5759,Kesar Mango Lassi Recipe - Saffron Mango Lassi Recipe,0.0
7340,कच्चा आम और हरे प्याज की चटनी रेसिपी - Raw Mango And Spring Onion Chutney Recipe,0.0
7341,शाही अंडे की करी रेसिपी - Shahi Egg Curry Recipe In Tomato & Cashew Gravy,0.0
7342,टमाटर जैम रेसिपी - Tomato Jam Recipe,0.0
5762,Appe Payasa Recipe - Poori Payasam,0.0
7344,Mango Kalakand Recipe,0.0
5761,Aval Payasam Recipe - Sweet Flattened Rice Payasam,0.0
7326,मंगानेम रेसिपी - Goan Style Chana Dal Payasam Recipe,0.0
7325,Goan Sweet Churmo Recipe,0.0
5766,Avakkai Pickle Recipe - Avakkai Mango Uruguai Recipe,0.0
5767,आलू पोस्तो रेसिपी - Potatoes In Poppy Seed Paste (Recipe In Hindi),0.0
7320,साओजी अंडे की करी रेसिपी - Saoji Egg Curry Recipe,0.0
7318,मीन वरूथाथू रेसिपी - Kerala Style Fish Fry Recipe,0.0
7317,चाउ चाउ कोथमली चटनी रेसिपी - Chow Chow Kothamalli Chutney Recipe,0.0
7316,Pudina Sooji & Oats Dhokla Recipe - Steamed Semolina Cake With Oats & Mint Leaves,0.0
5769,Andhra Avakaya Recipe - Spicy Raw Mango Pickle Recipe,0.0
5770,Vadu Mangai Pickle Recipe - Tender Small Raw Mango Pickle,0.0
5771,Ennai Mangai Oorugai Recipe,0.0
5772,Rajasthani Bajre Ki Khatti Raabdi Recipe,0.0
7310,Sukha Kala Chana Masala Recipe - Ashtami Prasad,0.0
7309,शकरकंदी और मेथी का पराठा रेसिपी - Sweet Potato & Methi Stuffed Paratha Recipe,0.0
5773,Butter Garlic Prawns Recipe,0.0
7306,आंध्रा स्टाइल मूंगफली चटनी रेसिपी - Andhra Style Peanut Chutney Recipe,0.0
7305,Makki Ki Roti Recipe - A Classic North Indian Corn Roti,0.0
5760,Manganem Recipe - Goan Style Chana Dal Payasam,0.0
5758,Vegan Date & Fig Payasam Recipe,0.0
7403,Palak Ragi & Oats Wheat Thepla Recipe - Healthy Diabetic Roti,0.0
7392,येले कडुबु और प्याज की चटनी रेसिपी - Yele Kadubu Recipe With Sweet And Spicy Onion Chutney,0.0
7378,चनार पतुरी रेसिपी - Chanar Paturi Recipe,0.0
7379,Masala Chai Kulfi Recipe With Bourbon Chocolate Syrup,0.0
7384,होल वीट लच्छा पराठा रेसिपी - Whole Wheat Lachha Paratha Recipe,0.0
7388,Basil Tea Recipe,0.0
7390,अंडे शोले कबाब रेसिपी - Egg Sholay Kebab Recipe,0.0
7391,Khatte Pudina Aloo Recipe - Tangy Mint Potatoes,0.0
7394,Senai Kizhangu Varuval Recipe - Spicy Chettinad Style Yam Stir Fry,0.0
5757,कथीरिकै पुंडु पिरात्तल रेसिपी - Kathirikai Poondu Pirattal Recipe,0.0
7396,Sukhe Chole Recipe - Dry Masala Chickpeas,0.0
7397,Oats Cheela Recipe Stuffed With Creamy Palak Paneer,0.0
7398,Murungakkai Mor Kuzhambu Recipe-Drumstick Buttermilk Curry,0.0
7400,Peerkangai Pal Kuzhambu Recipe-Ridge Gourd in Milk Curry,0.0
7401,Ragi Pachchai Maa Puli Upma Recipe - Ragi Flour Upma Recipe,0.0
5746,Fried Poha Chivda Recipe - Flatten Rice Spicy Mixture,0.0
7376,काली मिर्च चाय रेसिपी - Kali Mirch Chai Recipe,0.0
7375,चुक्कु कापी रेसिपी - Dry Ginger Coffee Recipe,0.0
7373,Buckwheat Corn Dhokla Recipe,0.0
7372,मूंग दाल के कबाब रेसिपी - Moong Dal Ke Kebab Recipe,0.0
7371,वेजीटेरियन मलाई कबाब रेसिपी - Vegetarian Malai Kebab Recipe,0.0
7370,Methi Dana Sabzi Recipe - Healthy Fenugreek Seeds Stir Fry,0.0
7369,छिलके वाली मूंग दाल रेसिपी - Chilke Wali Mung Dal Recipe,0.0
5747,Badam Burfi Recipe - Almond Burfi,0.0
5748,Hare Chane Ki Burfi Recipe,0.0
7365,Jodhpuri Aloo Recipe,0.0
5749,दोंडकई पुली करी रेसिपी - Dondakkai Puli Curry Recipe,0.0
5750,Aval Mixture Recipe - Poha Chivda,0.0
5752,Sprouted Matki Cheela Recipe With Palak -Moth Beans Cheela,0.0
7359,Medu Vada Recipe (Traditional Fried Urad Dal Vada Using Vada Maker),0.0
7352,Manda Pitha Recipe-Orissa Style Steamed Rice Flour Dumplings,0.0
5755,राजस्थानी कचरी की चटनी रेसिपी - Rajasthani Kachri Ki Chutney Recipe,0.0
5756,फूलकोपीर पतुरी रेसिपी - Fulkopir Paturi Recipe,0.0
7499,प्याज कुल्चा रेसिपी - Whole Wheat Onion Stuffed Kulcha Recipe,0.0
7501,पीनट बटर लस्सी रेसिपी - Peanut Butter Lassi Recipe,0.0
6879,हरे टमाटर की सब्ज़ी रेसिपी - No Onion No Garlic Raw Tomato Curry (Recipe In Hindi),0.0
7653,पुदीना लस्सी रेसिपी - Pudina Lassi Recipe,0.0
7643,Bengali Jhinge Narkol Chenchki Recipe - Stir Fried Ridge Gourd With Coconut,0.0
7644,ढाबा स्टाइल एग करी रेसिपी - Dhaba Style Egg Curry Recipe,0.0
5674,Karwar Style Kalingana Polo Recipe - Watermelon Rind Dosa,0.0
5673,Palak Bhajia Recipe - Spinach Pakoras,0.0
7649,Ellu Chutney Recipe - Sesame Seeds Chutney Recipe,0.0
7650,Healthy Vegetable Poha Cutlet Recipe -Vegetable Beaten Rice Patty,0.0
7655,एल्लु चटनी रेसिपी - Ellu Chutney Recipe,0.0
7641,Khamang Kakdi Recipe - Maharashtrian Cucumber Salad,0.0
7656,Gajar Amla Raita Recipe - Carrot Gooseberry Raita Recipe,0.0
7657,Mango Payasam Recipe-Mambazha Payasam - Onam Special,0.0
7658,Masala Soda Shikanji Recipe,0.0
7659,मसाला सोडा शिकंजी रेसिपी - Masala Soda Shikanji Recipe,0.0
7660,Pori Urundai Recipe - Healthy Puffed Rice Balls With Jaggery,0.0
7662,Sadya Parippu Recipe - Kerala Style Lentils,0.0
7642,Spicy Mullangi Thogayal Recipe (Radish Chutney),0.0
7640,मुलांगी थोगयल रेसिपी - Mullangi Thogayal Recipe,0.0
7502,Kala Desi Chana Recipe -Brown Chickpea Curry,0.0
5677,Methi Pakoras Recipe,0.0
7615,पत्ता गोभी थोरन रेसिपी - Cabbage Thoran/Poriyal Recipe,0.0
5680,Hyderabadi Chand Biscuits Recipe,0.0
5679,Raw Banana Bajji Recipe- Balekai Bajji | Vazhakkai Bajji,0.0
7621,करेला कढ़ी रेसिपी - Karela Kadhi Recipe,0.0
7622,सोबजी दीए भाजा मुगेर दाल रेसिपी - Sobji Diye Bhaja Muger Dal Recipe,0.0
7623,Sobji Diye Bhaja Muger Dal Recipe - Bengali Style Moong Dal with Winter Vegetables,0.0
7626,Green Beans Poriyal Recipe With Peanuts & Sesame Recipe,0.0
7639,आलुची भाजी रेसिपी - Aluchi Bhaji Recipe,0.0
7627,राजस्थानी प्याज की कढ़ी रेसिपी - Rajasthani Pyaaz Ki Kadhi Recipe,0.0
5676,Karwar Style Kelya Sasav Recipe-Ripened Banana Relish,0.0
5675,Karwar style Tousali Recipe-Cucumber Steamed Cake,0.0
7634,चना मेथी दाल रेसिपी - Chana Methi Dal Recipe,0.0
7635,बोटी मसाला चाट रेसिपी - Boti Masala Chaat Recipe,0.0
7636,लहसुन की चटनी रेसिपी - Lahsun ki Chutney Recipe,0.0
7663,Kobbari Charu Recipe - Coconut Milk & Dal Sambar Recipe,0.0
7664,Andhra Style Chama Dumpa Pulusu Recipe - Arbi With Sesame Tamarind Sauce Recipe,0.0
5672,Karwar Style Madgane Recipe With Oats & Rajgira,0.0
7710,Kobiche Vade Recipe - Cabbage And Multigrain Fritters,0.0
7698,Homemade Sev Recipe - Gram Flour Vermicelli Snack,0.0
7700,Ragi Idli Recipe - Learn How To Make A Healthy Ragi Idli,0.0
7702,Ghee Roast Dosa Recipe - Crispy Paper Dosa Recipe,0.0
5666,नेलिकई रसम रेसिपी - Amla Rasam Recipe,0.0
7706,Kesar Peda Recipe,0.0
7707,कढ़ाई छोले रेसिपी - Kadai Chole Recipe,0.0
5664,Jowar Dhani Chivda Recipe,0.0
5671,Karwar Style Anasa Patal Bhaji Recipe-Pineapple cooked with coconut,0.0
7713,Peanut Chutney Podi Recipe,0.0
5663,Jwarichya Lahyancha Chivda Recipe - Maharashtrian Style Popped Jowar Chivda,0.0
5662,Raw Banana Chivda Recipe,0.0
7722,Lehsun ki Chutney - Spicy Garlic Chutney,0.0
7723,Arbi Ke Meethe Chande Recipe,0.0
7725,पापड़ एर डालना रेसिपी - Bengali Papad Curry Recipe,0.0
7697,Date and Tamarind Chutney Recipe - Khajur Imli Chutney,0.0
7696,मटर की तेहरी रेसिपी - Matar Ki Tehri Recipe,0.0
7695,हरी चटनी आलू चाट रेसिपी - Green Chutney Aloo Chaat Recipe,0.0
7693,Avocado Raita Recipe,0.0
5668,Chana Dal Aloo Cutlet Recipe - Gram Dal Potato Cutlet Recipe,0.0
7690,Kaju Pista Roll Recipe - Cashew Nut Pistachio Fudge,0.0
7689,Mooli Palak Sabji Recipe - Radish Spinach Sabzi,0.0
7688,Raw Banana Thoran Recipe,0.0
7687,Kerala Style Vendakka Uppadan Recipe,0.0
7686,Iyengar Vendakkai Mor kuzhambu Recipe,0.0
7685,Lasun Batata Poori Recipe - Spiced Coriander Fried Bread Recipe,0.0
7684,Atte Ka Halwa Recipe - Whole Wheat Flour Halwa with Khoya,0.0
5669,Carrot Rice Recipe - Spiced Carrot Pulao,0.0
7680,Peach Lassi Recipe - Peach Yogurt Smoothie,0.0
7677,Moong Dal Mini Samosas - Delicious Tea Time Snack,0.0
7676,Menthya Matvadi Palya Recipe - Madhwa Brahmin Style Methi-Chana Dal Sabzi,0.0
7672,Oats Mor Kali Recipe - Oats & Buttermilk Breakfast Porridge,0.0
7613,Mint And Pomegranate Raita Recipe,0.0
7612,Beetroot And Tofu Patty Recipe,0.0
7611,Burani Raita Recipe - Garlic Based Yogurt,0.0
7541,Lehsun Methi Raita Recipe,0.0
7531,Baked Masala Namak Para Recipe - Carom Seeds Spiced Biscuits,0.0
7533,गुट्टी वांकाया रेसिपी - Gutti Vankaya Recipe,0.0
7534,Maharashtrian Tindora Sabzi With Peanuts Recipe,0.0
7536,Moru Kachiyathu Recipe - Kerala Style Seasoned Buttermilk,0.0
5694,Cheese Broccoli Fritter Recipe - Pan Fried Broccoli Pakora,0.0
7540,Spicy Poppy Seeds Pulao Recipe - Gasa Gasala Saddi,0.0
5693,"ब्रेड, पनीर और आलू वड़ा रेसिपी - Bread, Paneer & Potato Instant Vada Recipe",0.0
7556,केरला स्टाइल उल्ली थियल रेसिपी - Kerala Style Ulli Theeyal Recipe,0.0
7544,खमंग ककड़ी रेसिपी - Khamang Kakdi Recipe,0.0
7546,Bharwa Besan Mirch Sabzi Recipe - Chillies Stuffed With Spiced Gram Flour,0.0
7548,Carrot Beans Thoran Recipe - Kerala Thoran For Onam Sadya,0.0
5692,गवार फली मसाला सब्ज़ी रेसिपी - Gawar Phali Masala Sabzi Recipe,0.0
7553,Methi Moong Dal Recipe - Healthy Diabetic Friendly Recipe,0.0
7554,केरला स्टाइल एग रोस्ट करी रेसिपी - Kerala Style Egg Roast Curry Recipe,0.0
7526,Coriander Tadka Raita Recipe,0.0
7525,Homemade Lemon Sevai Recipe - Lemon Idiyappam Recipe,0.0
7524,ऑरेंज रसम रेसिपी - Orange Rasam Recipe,0.0
5695,Nuchinunde / Nucchina Unde Recipe -Karnataka Style Dal Steamed Pakora,0.0
7521,Konkani Style Solkadhi Recipe - Kokum Drink,0.0
7519,कुम्भ पुलाव रेसिपी - Spiced Kumbh Pulao Recipe,0.0
7518,केरला स्टाइल कच्चा केला और सुरन कोटु करी रेसिपी - Kerala Style Plantain & Yam Thoran Recipe,0.0
7517,पुली कुज़ह रेसिपी - Puli Koozh Recipe,0.0
7516,बेक्ड मसाला नमक पारा रेसिपी - Baked Masala Namak Para Recipe,0.0
7515,स्मोक्ड ढाबा दाल रेसिपी - Smoked Dhaba Dal Recipe,0.0
7514,Maharashtrian Policha Ladoo Recipe - Left Over Roti Ladoo,0.0
7513,Bharwa Pyaz Ki Sabzi Recipe,0.0
5697,Gulkand Chai Recipe - A Delicious Rose Flavored Indian Tea,0.0
7510,सुरन फोड़ी रेसिपी - Suran Fodi Recipe,0.0
7509,Chow Chow Milagu Kootu Recipe-Chayote Squash Cooked in Peppery Lentil Curry,0.0
7508,लहसुन और काली मिर्च मशरुम रेसिपी - Garlic And Pepper Mushroom Stir Fry Recipe,0.0
7503,Chatpata Baby Potato Recipe,0.0
7555,कुरुकु कालन रेसिपी - Kurukku Kaalan Recipe,0.0
5691,Capsicum Bajji Recipe -Kuda Milagai Bajji/ Bell Pepper Bajji,0.0
7609,"South Indian Style Green Moong Sprouts, Raw Mango Salad Recipe",0.0
7600,हरियाली अंडे की करी रेसिपी - Hariyali Egg Curry Recipe In Coriander and Mint Gravy,0.0
7591,हरा धनिया पराठा रेसिपी - Hara Dhania Paratha Recipe,0.0
7592,Boondi Raita Recipe Spiced With Black Salt,0.0
7593,Kerala Vendakkai Thoran Recipe - Okra Stir Fry with Coconut,0.0
7596,Punjabi Style Boondi Kadhi Recipe,0.0
7597,भिंडी मसाला ग्रेवी रेसिपी - Bhindi Masala Gravy Recipe,0.0
7599,Sweet Corn And Raw Mango Salad Recipe,0.0
7601,Kesar Paneer Ki Kheer Recipe - Cottage Cheese Milk Pudding,0.0
7560,Satvik Carrot Sprouts Salad Recipe - No Onion No Garlic,0.0
7602,Pudina Lehsun Laccha Paratha Recipe - Mint Garlic Layered Paratha,0.0
7603,Maharashtrian Ghavan Recipe - Rice Flour Crepes,0.0
7604,Sabudana Thalipeeth Recipe - Tapioca Pearl Spicy Flat Bread,0.0
7605,हरे प्याज के पकोड़े रेसिपी - Spring Onion Pakoda Recipe,0.0
7607,"Spinach, Apple and Carrot Smoothie Recipe",0.0
7608,Kakdi Chi Koshimbir Recipe - Maharashtrian Style Cucumber Salad,0.0
7590,Pudina Lassi Recipe -Refreshing Pudina Lassi Recipe,0.0
7589,Sweet Mint Lassi Recipe,0.0
7588,"अंकुरित हरे मूंग और कच्चे आम का सलाद रेसिपी - Green Moong Sprouts, Raw Mango Salad Recipe",0.0
7585,Beetroot & Spinach Nimki Recipe (Namak Para),0.0
5684,Crispy Palak Pakora Recipe - Monsoon Snack,0.0
7579,आंध्रा स्टाइल वांकाया कोथिमीरा करम रेसिपी - Andhra Style Vankaya Kothimeera Karam Recipe,0.0
7578,Thandai Flavoured Rice Kheer Recipe,0.0
7577,Sing Paak Recipe - Spiced Peanut Burfi,0.0
7576,Gluten Free Rajgira Burfi Recipe,0.0
7575,Dry Fruit Burfi Recipe With Gulkand,0.0
7573,Konkani Style Mande/Mandige/Chavde Recipe-Thin fried pancakes stuffed with sweet coconut Recipe,0.0
5685,Karwar Style Phodni Phov Recipe- Red Rice Poha With Cashew Nuts,0.0
5686,ओड़िया दालमा रेसिपी - Oriya Special Dalma Recipe,0.0
7568,Homemade Doodh Peda Recipe - Milk Peda,0.0
5687,आलू दाल पाकोरा रेसिपी - Aloo Dal Pakoras Recipe,0.0
7566,Mango Kesari Recipe | Mango Sooji Halwa | Mango Sheera,0.0
5689,Udupi Style Heerekai Bajji Recipe-Ridge Gourd Fritters,0.0
7304,भुट्टे का कीस रेसिपी - Bhutte Ka Kees Recipe,0.0
7303,लोबिआ कबाब रेसिपी - Lobia Kebab Recipe,0.0
7301,ढाबा स्टाइल उरद दाल रेसिपी - Dhaba Style Urad Dal Recipe,0.0
5948,Potlakaya Perugu Pachadi Recipe (Curd and Snake Gourd Chutney),0.0
7009,परुप्पु थोगयल रेसिपी - Paruppu Thogayal Recipe,0.0
7010,Kerala Style Whole Wheat Parotta Recipe,0.0
7013,Ginger Cardamom Chai -Spice Infused Indian Style Milk Tea,0.0
7014,Arbi Ke Patte Ke Pakode - Colocasia Leaf Rolls Recipe,0.0
7017,Foxtail Millet Paruppu Adai With Keerai Recipe - Foxtail Millet and Lentil Crepes with Spinach,0.0
7018,Pineapple Jal Jeera Recipe - Sweet & Sour Pineapple Drink,0.0
7020,Dahi Vada With Sweet & Spicy Chutney Recipe,0.0
7005,Masala Chai Recipe - Indian Spiced Tea,0.0
7022,बिरयानी मसाला पाउडर रेसिपी - Biryani Masala Powder Recipe,0.0
7023,मालवानी मसाला पाउडर रेसिपी - Malvani Masala Powder Recipe,0.0
7024,Bitter Gourd Juice Recipe - Karela Juice,0.0
5947,Chenna Recipe (Homemade Cottage Cheese | A High Protein Snack),0.0
7029,फॉक्सटेल मिलेट कीरइ परुप्पु अडाई रेसिपी - Foxtail Millet Paruppu Adai With Keerai Recipe,0.0
7036,Maharashtrian Tandulachi Ukad Recipe - Rice Flour And Buttermilk Porridge,0.0
7007,Pudina & Dhaniya Raita Recipe,0.0
7004,Kinnathappam Recipe,0.0
7300,Matar Paneer Kulcha Recipe -Cottage Cheese And Peas Stuffed Leavened Flat Bread,0.0
6985,Creamy Phirni Recipe - North Indian Rice Pudding,0.0
6973,Passion Fruit- Shrikhand Shots Recipe,0.0
5959,Andhra Style Paakundalu/ Pakam Undalu Recipe (Rice flour Coconut Fritters),0.0
6979,बैंगलोर रेस्टोरेंट स्टाइल सांबर रेसिपी - Bangalore Restaurant Style Sambar Recipe,0.0
6980,काम्बू मूरूकू रेसिपी - Kambu Murukku (Recipe In Hindi),0.0
5958,नवाबी मिक्स्ड वेजिटेबल रेसिपी - Nawabi Mixed Vegetable Gravy (Recipe In Hindi),0.0
6982,पूरी रेसिपी - Puri Recipe,0.0
5957,तीखा मटर मसाला रेसिपी - Spicy Matar Masala (Recipe In Hindi),0.0
7001,पुदीना मूंग दाल रेसिपी - Mint Moong Dal Recipe,0.0
5954,Maharashtrian Style Kothimbir Oats Vadi Recipe,0.0
5953,Biryani Masala Powder Recipe,0.0
6994,Thalicha Thayir Sadam Recipe - Spicy Seasoned Curd Rice,0.0
6995,Peanut Butter Lassi Recipe - Peanut Butter Yogurt Smoothie,0.0
6996,Lehsun Amla Chutney Recipe - Garlic Gooseberry Chutney,0.0
6998,Semiya Kesari Recipe,0.0
5945,Homemade Pomegranate Juice with Ginger Recipe,0.0
5942,Vendakkai-Vazhakkai Mor Kuzhambu Recipe (Tamil Nadu Style Lady's Finger & Raw Banana Curry),0.0
7039,पालक पुलाव रेसिपी - Palak Pulao Recipe,0.0
7078,Karuveppilai Podi Idli Recipe-Spicy Lentil & Curry Leaves Powder Tossed Idli,0.0
5931,Spinach And Paneer Samosa Recipe With Figaro Pure Olive Oil,0.0
7069,बैंगन सरसों का साग रेसिपी - Baingan Sarson Ka Saag Recipe,0.0
7070,Roasted Peanut & Fried Gram Chikki Recipe,0.0
7071,Papaya Banana Smoothie Recipe,0.0
5930,हरा चना मसाला रेसिपी - Hara Chana Masala (Recipe In Hindi),0.0
7077,Red Chilli Coconut Chutney Recipe - South Indian Chutney,0.0
7079,Turmeric Latte Recipe,0.0
7040,दही वड़ा रेसिपी - Dahi Vada With Sweet & Spicy Chutney Recipe,0.0
5929,मटर मसाला रेसिपी - Peas In Onion Tomato Gravy (Recipe In Hindi),0.0
7081,पुदीना किनुआ रेसिपी - Pudina Quinoa Recipe,0.0
7082,कॉर्न और मटर की करी रेसिपी - Corn And Peas Curry Recipe,0.0
7083,लाल मास बिरयानी रेसिपी - Laal Maas Biryani Recipe,0.0
7086,Bengali Lau Die Tetor Dal Recipe - Yellow Moong Dal With Bitter Gourd & Bottle Gourd,0.0
5926,Milagu Ven Pongal Recipe Made With Figaro Olive Oil,0.0
5935,Sweet Dashami Recipe (Maharashtrian Flatbread Made With Wheat Flour & Sugarcane Juice),0.0
7063,गाजर शिमला मिर्च दाल रेसिपी - Carrot And Capsicum Mix Dal Recipe,0.0
7062,Bael Ka Sharbat Recipe - Wood Apple Squash Drink,0.0
5936,चेटिनाड स्टाइल काली मिर्च मशरुम रेसिपी - Chettinad Style Pepper Mushroom (Recipe In Hindi),0.0
7058,Roasted Chickpeas Recipe,0.0
7057,कढ़ाई पनीर रेसिपी - Kadhai Paneer Recipe,0.0
7055,आमला मेथी सुखी सब्ज़ी रेसिपी - Amla Methi Sukhi Sabzi Recipe,0.0
7054,Tender Coconut Ice Cream Recipe,0.0
7053,Karnataka Style Gorai Kai Kara Recipe - Cluster Beans Chutney,0.0
7052,पनीर और हरे मटर का पराठा रेसिपी - Paneer and Green Peas Paratha Recipe,0.0
7050,नोंगु पाल रेसिपी - Nongu Paal Recipe,0.0
7049,Sundakkai / Manathakkali Kai Vathal Kuzhambu Recipe - A Spicy Tamarind Curry,0.0
7048,Homemade Thengai Sevai Recipe - Coconut Idiyappam Recipe,0.0
7047,Spiced Mulled Apple Juice Recipe,0.0
5937,Belagavi Style Kunda Recipe (Terati Pal / Kalakand),0.0
5939,Doi Begun Recipe (Bengali Style Fried Eggplant In Curd Gravy),0.0
5941,Uttarakhand Mooli Thechua Recipe (Radish Salad),0.0
6972,Curry Leaves Buttermilk Recipe - Curry Patta Chaas Recipe,0.0
5960,आलू कुरमा रेसिपी - Potato Kurma (Recipe In Hindi),0.0
6970,Strawberry Yogurt Lassi Recipe,0.0
6911,गुलाब गुलकंद फिरनी रेसिपी - Rose Gulkand Phirni (Recipe In Hindi),0.0
6902,फूल गोभी का थोरन रेसिपी - Kerala Style Cauliflower (Recipe In Hindi),0.0
6903,मटर मशरुम करी रेसिपी - Matar Mushroom Curry (Recipe In Hindi),0.0
6904,गाजर सूजी की फिरनी रेसिपी - Carrot Semolina Phirni (Recipe In Hindi),0.0
5974,अमृतसरी दाल रेसिपी - Amritsari Dal (Recipe In Hindi),0.0
6906,Oriya Kakharu Phula Bhaja Recipe (Pumpkin Flower Fritters),0.0
5972,Maharashtrian Style Gul Pohe (Sweetened Beaten Rice with Coconut),0.0
6912,दम अरबी सब्जी रेसिपी - Dum Arbi (Recipe In Hindi),0.0
6920,टमाटर पम्पकीन सीड्स डीप रेसिपी - Tomato Pumpkin Seeds Dip,0.0
6913,पंजाबी स्टाइल अरबी की सब्ज़ी रेसिपी - Punjabi Style Arbi (Recipe In Hindi),0.0
6914,मूली की सब्ज़ी रेसिपी - Mooli Ki Sabzi (Recipe In Hindi),0.0
5971,अरबी का साग रेसिपी - Arbi Ka Saag (Recipe In Hindi),0.0
6916,अजवाइन टमाटर भिंडी रेसिपी - Ajwaini Tamatar Bhindi (Recipe In Hindi),0.0
5970,Khirapat Panchakhadya Recipe,0.0
6918,भरवा करेला मसाला रेसिपी - Bharwa Karela Masala (Recipe In Hindi),0.0
6901,कच्चे केले का थोरन रेसिपी - Raw Banana Thoran (Recipe In Hindi),0.0
6900,Kerala Style Sugiyan Recipe (Sweet Moong Dal Bondas),0.0
6899,स्वीट लाइम सोडा रेसिपी - Sweet Lime Soda (Recipe In Hindi),0.0
6898,मोतीचूर मोदक रेसिपी - Motichoor Modak (Recipe In Hindi),0.0
6897,बादाम हलवा रेसिपी - Badam Halwa (Recipe In Hindi),0.0
6894,केरला स्टाइल बीटरूट पछडी रेसिपी - Kerala Style Beetroot Pachadi (Recipe In Hindi),0.0
6893,Healthy Oats And Nuts Energy Bar Recipe,0.0
5975,चेटिनाड पट्टानी कुरमा रेसिपी - Chettinad Peas Curry (Recipe In Hindi),0.0
5976,Raw Papaya Kofta In Yogurt Curry Recipe,0.0
6890,जैन स्टाइल कॉर्न पालक - Jain Style Corn Palak (Recipe In Hindi),0.0
6889,कसूरी मेथी पनीर की सब्ज़ी रेसिपी - Kasuri Methi Paneer Sabzi (Recipe In Hindi),0.0
6885,बैंगन और शिमला मिर्च की सब्ज़ी रेसिपी - Brinjal Capsicum Sabji (Recipe In Hindi),0.0
6884,केला अनार रायता रेसिपी - Kela Anar Raita (Recipe In Hindi),0.0
6883,मसाला रोटी रेसिपी - Masala Roti (Recipe in Hindi),0.0
6882,शिमला मिर्च उसिली रेसिपी - Tamil Nadu Style Capsicum With Lentils Spice Mix (Recipe In Hindi),0.0
6881,कढ़ाई मशरुम रेसिपी - Kadai Mushroom (Recipe In Hindi),0.0
6880,पत्ता गोभी और गाजर का थोरन रेसिपी - Cabbage And Carrot Thoran (Recipe In Hindi),0.0
6919,मिर्ची पकौड़ी रेसिपी - Mirchi Pakodi (Recipe In Hindi),0.0
6921,बीटरूट थोरन रेसिपी - Beetroot Thoran (Recipe In Hindi),0.0
5961,सेब और टमाटर की सब्ज़ी रेसिपी - No Onion No Garlic Spiced Apple Tomato Curry (Recipe In Hindi),0.0
6956,Beetroot Carrot Raita Recipe,0.0
6948,Pudina Idli Recipe - Mint Flavoured Idli,0.0
6949,पालक पनीर रेसिपी - Palak Paneer Recipe,0.0
6952,भिंडी मसाला रेसिपी - Bhindi Masala Recipe,0.0
6953,मुघलाई भिंडी रेसिपी - Mughlai Bhindi Recipe,0.0
6954,Kerala Thenga Chammanthi Recipe- Coconut Onion Chutney,0.0
5963,Traditional Maharashtrian Bhakarwadi Recipe,0.0
6958,Bottle Gourd Ice Cream Recipe - Lauki Ice Cream,0.0
6922,ब्रोकली पनीर और मूंगफली मसाला रेसिपी - Broccoli Paneer And Peanut Masala (Recipe In Hindi),0.0
5962,शिमला मिर्च मसाला रेसिपी - Capsicum Masala Gravy (Recipe In Hindi),0.0
6962,कच्चे आम और नारियल की चटनी रेसिपी - Raw Mango Coconut Chutney Recipe,0.0
6963,Easy Homemade Sugar Free Dates Flavored Yogurt Recipe,0.0
6965,गुजराती पालक ढोकला रेसिपी - Gujarati Palak Dhokla Recipe,0.0
6967,Gujarati Palak Dhokla Recipe - Steamed Spinach Lentil Cakes,0.0
6968,Chatpata Aam Panna Recipe,0.0
5964,कश्मीरी राजमा रेसिपी - Kashmiri Rajma (Recipe in Hindi),0.0
5965,मिंट वेजिटेबल मोइली रेसिपी - Mixed Vegetables Cooked In Minty Coconut Milk (Recipe In Hindi),0.0
5966,राबोडी शिमला मिर्च की सब्ज़ी रेसिपी - Rajasthani Curry with Corn Papad (Recipe In Hindi),0.0
6942,Konkani Style Avnas Ambe Sasam Recipe-Fruit Salad with Coconut,0.0
5968,पत्ता गोभी और छाछ की सब्ज़ी रेसिपी - Cabbage & Buttermilk Curry (Recipe In Hindi),0.0
6939,Badam Pottukadalai Ladoo Recipe - Almond Chana Dal Ladoo,0.0
6937,Sweet Pretzels Recipe - Bhonge Ladoo,0.0
6935,दाल पालक रेसिपी - Dal Palak (Recipe In Hindi),0.0
6934,दही वाली भिन्डी रेसिपी - Dahi Bhindi (Recipe In Hindi),0.0
5969,अरबी दही वाली सब्ज़ी रेसिपी - Arbi Dahi Wali Sabzi (Recipe In Hindi),0.0
6930,सब्जा शिकंजी रेसिपी - Chia Seeds Shikanji (Recipe In Hindi),0.0
6929,ओटमील डोसा रेसिपी - Savoury Oatmeal Breakfast Crepes (Recipe In Hindi),0.0
6928,Beetroot Chutney Recipe,0.0
6926,चना दाल और मेथी की सब्ज़ी रेसिपी - Chana Dal & Methi Ki Sabzi (Recipe In Hindi),0.0
6925,पनीर दो प्याज़ा रेसिपी - Paneer Do Pyaza (Recipe In Hindi),0.0
6924,राजमा सागवाला रेसिपी - Dry Kidney Beans And Spinach Stir Fry (Recipe In Hindi),0.0
6923,जुन्का रेसिपी - Spicy Gram Flour Sabzi (Recipe In Hindi),0.0
7092,मटर मसाला रेसिपी - Matar Masala Recipe,0.0
7093,How To Make Homemade Idiyappam Recipe - Rice Sevai Recipe,0.0
5923,Sundakkai (Turkey Berries) Raita Recipe,0.0
7242,Oats Uttapam topped with Paneer Recipe,0.0
5828,Palak Baingan Ki Sabzi Recipe (Spinach Eggplant Stir Fry),0.0
7237,मुत्तई कुंजहम्बू रेसिपी - South Indian Egg Curry Recipe,0.0
7238,कोल्हापुरी पालक अंडे की करी रेसिपी - Kolhapuri Palak Egg Curry Recipe,0.0
7239,चेट्टिनाड मसाला पाउडर रेसिपी - Chettinad Masala Powder Recipe,0.0
5826,Curd Rice Recipe With Mint Flavour,0.0
5825,Karantaka Style Seke Undlaka/ Undlige Recipe (Mini steamed sweet dumplings Recipe),0.0
5820,Watermelon Seeds And Pumpkin Seeds Podi Recipe,0.0
7255,पालक धनिया डोसा रेसिपी - Spinach And Coriander Dosa Recipe,0.0
7246,घी रोस्ट डोसा रेसिपी - Homemade Crisp Ghee Roast Dosa (Recipe In Hindi),0.0
7247,कुलीथ तिल चटनी रेसिपी - Horsegram Sesame Chutney Recipe,0.0
5818,महाराष्ट्रियन आलू भूजने रेसिपी - Potato Stir Fry (Recipe In Hindi),0.0
7250,Thalipeeth Bhajani Recipe -Typical Maharashtrian Multigrain Flour Mix,0.0
5814,Chettinad Inippu Seeyam Recipe,0.0
7253,Multigrain Paneer Dahi Vada Recipe,0.0
7234,Chana Dal And Methi Ki Sabzi Recipe,0.0
7232,Ajwaini Kache Kele Ki Sabzi Recipe -Plantains Cooked With Caraway Seeds,0.0
7231,शिमला मिर्च भज्जी रेसिपी - Capsicum Bajji Recipe,0.0
7230,चिकन पकोरा रेसिपी - Chicken Pakora Recipe,0.0
7229,Oats and Rajma Cutlet Recipe,0.0
5838,Grilled Cherry Tomato Pickle Recipe,0.0
7225,Easy Sabudana Vada With Arrowroot Powder Recipe,0.0
7224,केसर पिस्ता लस्सी रेसिपी - Kesar Pista Lassi Recipe,0.0
5842,Savoury Carrot And Coriander Pancakes Recipe,0.0
7222,Microwave Oats Milk Halwa Recipe,0.0
7219,Suran Fodi Recipe - Goan Semolina Crusted Yam,0.0
7218,मसाला डोसा रेसिपी लाल चटनी के साथ - Masala Dosa With Red Chutney Recipe,0.0
7216,Kalmi Kabab Recipe - Mughlai Style Chicken Tangdi Kebab,0.0
5855,Avarekaalu Obbatu Recipe ( Sweet Paratha stuffed with Field Beans Recipe),0.0
7214,Mango Falooda Recipe,0.0
5856,Manjal Poosanikai Sambar Recipe (Yellow Pumpkin in Toor Dal Recipe),0.0
7210,Moong Dal Idli With Thengai Milagai Podi Recipe,0.0
5813,Mango Tofu Smoothie Recipe,0.0
7256,ड्राई फ्रूट हलवा रेसिपी - Dry Fruit Halwa Recipe,0.0
7206,कसी हुई ककड़ी का रायता रेसिपी - Grated Cucumber Raita Recipe,0.0
5784,Rava Pongal Recipe,0.0
7282,Mangai Inji Pickle Recipe- Instant Mango Ginger Pickle,0.0
7283,बीटरूट पराठा रेसिपी - Whole Wheat Beetroot Paratha Recipe,0.0
5787,Hayagreeva Recipe,0.0
7287,Paneer Bread Balls Recipe -Cottage Cheese & Bread Croquettes,0.0
7289,हरे बीन्स एग स्क्रैम्बल रेसिपी - Green Beans Egg Scramble Recipe,0.0
7290,लौकी रायता रेसिपी - Lauki Raita Recipe,0.0
5777,Instant Masala Beans Idli Recipe,0.0
7258,टमाटर और कढ़ी पत्ते की चटनी रेसिपी - Tomato Curry Leaf Chutney Recipe,0.0
5776,मटर पुलाव रेसिपी - Peas Pulao Recipe,0.0
7294,Paneer And Badam Milk Recipe,0.0
7295,गुजराती खट्टा मग रेसिपी - Gujarati Khatta Mag Recipe,0.0
7296,पंजाबी मेथी कढ़ी रेसिपी - Punjabi Methi Kadhi Recipe,0.0
5775,पत्ता गोभी पचड़ी रेसिपी - Cabbage Pachadi (Recipe In Hindi),0.0
5774,नारियल मूंगफली की चटनी रेसिपी - Coconut Peanut Chutney (Recipe In Hindi),0.0
7281,Chow Chow Pasi Paruppu Poriyal Recipe - Chayote Squash And Moong Stir Fry,0.0
7279,Baby Corn Carrot Sabzi Recipe,0.0
5797,Ginger Walnut Chutney,0.0
7277,महाराष्ट्रियन कढ़ी रेसिपी - Maharashtrian Kadhi Recipe,0.0
5798,कराटे बटाते पूड़ी सांगले रेसिपी - Konkani Style Bitter Gourd And Potato Curry (Recipe In Hindi),0.0
5802,Beans Vepudu Recipe (Andhra Style Beans Cooked With Spicy Sesame Spicy Mix),0.0
5804,Makhan Recipe (Homemade Butter),0.0
5809,Khajoor (Thekua) Recipe,0.0
7270,"Til Moongphali Aur Kundru Sabzi Recipe - Sesame, Peanuts And Ivy Gourd Stir Fry",0.0
7268,मुंग पानी रेसिपी - Mung Pani Recipe,0.0
7267,पनीर बिरयानी रेसिपी - Paneer Biryani Recipe,0.0
7266,Thotakura Vepudu Recipe - Andhra Style Amaranth Greens Stir Fry,0.0
7264,Mango Ladoo Recipe,0.0
5811,Goan Style Dhayanche Fov Recipe (Curd Poha Recipe),0.0
7261,कॉर्न और ड्रमस्टिक सलाद रेसिपी - Corn And Drumstick Leaves Salad Recipe,0.0
7260,वेजिटेबल पराठा रोल रेसिपी - Healthy Vegetable Paratha Rolls Recipe,0.0
7259,Egg Sholay Kebab Recipe,0.0
7209,How To Roast A Papad,0.0
7205,धनिये वाला तड़का रायता रेसिपी - Sweet & Spicy Coriander Tadka Raita (Recipe In Hindi),0.0
7095,Butter Coriander & Lemon Sweet Corn Recipe,0.0
7125,Hurali Kalu Chutney Recipe - Horse Gram Chutney Recipe,0.0
5917,Carrots And Coriander Fritters Recipe,0.0
5915,Carrot & Cheese Filled Idli Recipe,0.0
5910,Green Chana Chutney (Green Chickpea Chutney) Recipe,0.0
7122,Spiced Buttermilk With Coriander And Ginger Recipe,0.0
5909,Okra Idli Recipe (Ladyfinger Idli),0.0
7124,"South Indian Kosambari Recipe With Raw Mango, Cucumber, Carrot & Beetroot",0.0
7126,Farali Dhokla - Kuttu Ka Dhokla Recipe,0.0
5897,Homemade Multigrain Baby Cereal Recipe (Baby Porridge),0.0
7127,Pudina Chutney Recipe,0.0
7128,केरला स्टाइल अप्पम रेसिपी - Kerala Style Appam Recipe,0.0
7132,Baked Bhakarwadi Recipe,0.0
7134,Broccoli Rava Idli Recipe,0.0
7138,Pheki Mathri Recipe - Crispy Fried Savoury Fritters,0.0
7140,Kerala Style Kanji Payar Recipe,0.0
7118,चिकन शोले कबाब रेसिपी - Chicken Sholay Kebab Recipe,0.0
7117,कश्मीरी दही बैंगन रेसिपी - Kashmiri Dahi Baingan Recipe,0.0
5920,Pineapple Mawa Delight Recipe,0.0
7114,Homemade Chikoo Ice Cream Recipe,0.0
7111,Sweet and Spicy Raw Mango Chutney Recipe,0.0
7109,Yellow Pumpkin Dal Recipe,0.0
7108,आलू पोहा रेसिपी- Aloo Poha Recipe,0.0
7107,धुगारे बैंगन रेसिपी - Dhungare Baingan Recipe,0.0
7106,Crispy Oven Roasted Curried Chickpeas Recipe,0.0
7105,Gajar Shalgam Ka Paani Wala Achar Recipe - Carrot And Turnip Pickle,0.0
7103,Carrot Methi Jowar Thepla Recipe,0.0
7102,Milagai Podi Uthappam Recipe - Spicy Chilli Powder Pancake Recipe,0.0
7100,Moong Dal Potli Recipe - With Baked Option,0.0
7099,Green Moong Dal And Vegetable Idli Recipe,0.0
7098,Buckwheat Cracker Recipe,0.0
7097,Dal Vangi Recipe - Spicy Lentils with Roasted Eggplant,0.0
7096,Spinach And Coriander Dosa Recipe,0.0
5898,Pudina Khara Pongal Recipe (Rice and Lentils Cooked With Mint Leaves & Mild Spices),0.0
5891,Futi Kadi Recipe,0.0
5858,Thonnai Idli Recipe (Dried Leaves Idli),0.0
7190,Aam Ka Panna Recipe With Jaggery,0.0
7182,Palak Makki Ki Roti Recipe - Spicy Spinach Cornmeal Flatbread Recipe),0.0
5869,Grain Free Chocolate Porridge Recipe,0.0
7186,Aam Ka Panna Recipe - Raw Mango Juice Recipe,0.0
7187,Traditional Shahi Tukda Recipe - Hyderabadi Double Ka Meetha,0.0
7188,Vegan Jackfruit Ice Cream Recipe With Coconut Milk,0.0
7189,Kopparai Thengai Milagai Podi Recipe - Dry Coconut Chutney Podi,0.0
5867,Godhumai Idli Recipe (Instant Whole Wheat Flour Idli),0.0
7152,Kerala Style Appam Recipe - Fermented Rice Pancakes With Coconut,0.0
7194,How To Make Homemade Yogurt - Curd,0.0
7199,Raw Mango Coconut Chutney Recipe,0.0
7200,Mosaru Kodubale Recipe - Yogurt-Rice Flour Fritters,0.0
7201,Kesar Pista Lassi Recipe - Saffron & Pista Lassi Recipe,0.0
5862,Rajasthani Style Oliya Recipe (Sweetened Rice Yogurt Pudding Recipe),0.0
5861,Andhra Style Nalla Karam Podi Recipe,0.0
7181,Thandu Keerai Sambar Recipe - Amaranth Greens Sambar Recipe,0.0
7180,अंकुरित कोल्लु सांबर रेसिपी - Sprouted Kollu Sambar Recipe,0.0
7179,बैंगन मेथी का भरता रेसिपी अनार के साथ - Baingan Methi Ka Bharta Recipe,0.0
7177,Vepilakatti - Lime Leaves Pickle Recipe,0.0
7175,Semiya Payasam Recipe - Vermicelli Kheer Recipe,0.0
7174,सुखी सुरन मसाला सब्ज़ी रेसिपी - Sukhi Suran Masala Sabzi Recipe,0.0
5872,Tamil Nadu Style Badam Puri Recipe (Almond Stuffed Whole Wheat Puri Recipe),0.0
5873,Mirchi Ka Kuta Recipe,0.0
7170,Moong Dal Idli Recipe,0.0
5878,Malvani Vatli Dal Recipe,0.0
5879,Mor Kali (Kazhi) Recipe (Savory Rice Flour Breakfast Pudding),0.0
7164,Cabbage Bhurji Recipe,0.0
7159,Ukadpendi Recipe - Maharashtrian Style Spiced Rice Flour Porridge,0.0
7158,Kesar Pista Phirni Recipe,0.0
7156,Green Coriander Coconut Chutney Recipe,0.0
7155,गाजर शिमला मिर्च पोरियल रेसिपी - Carrot Capsicum Poriyal Recipe,0.0
7154,Ragi & Oats Rava Idli Recipe-Finger Millet and Oats Idli,0.0
9453,Pumpkin Thoran Recipe - South Indian Pumpkin Sabzi,0.0
9454,Potato Vindaloo Recipe,0.0
9455,Green Chutney Recipe - Coriander Mint Chutney Recipe,0.0
12113,Oriya Special Dalma (Recipe In Hindi),0.0
12106,Raw Mango Carrot Cucumber Salad Recipe With Peanuts,0.0
3927,"Quinoa Foxtail Millet Rice | For Sambar, Dal, Rajma Chawal & Curries",0.0
12109,Fish Fry Recipe - Kerala Style Fish Split,0.0
12110,Meetha Daliya With Milk & Fruits Recipe - Broken Wheat Porridge,0.0
12111,Whole Wheat Naan Recipe,0.0
3926,Andhra Dondakaya Ulli Kura Karam Recipe | Dondakaya Poriyal | Kovakkai Curry,0.0
3924,Togari Bele Tovve Recipe - Toor Dal Rasam,0.0
3935,Konkani Style Vali Bendi Recipe-Malabar Spinach Curry,0.0
3922,Aloo Bhindi Recipe Flavored With Mustard And Poppy Seeds,0.0
12117,Matar Poha Recipe (Flattened Rice Stir Fry with Green Peas),0.0
12118,South Indian Grilled Fish With Spicy Fusion Sauce Recipe,0.0
3920,Plain Dalia Recipe- How To Cook Broken Wheat In Pressure Cooker,0.0
12122,Pudina Moong Dal Recipe (Mint Moong Dal),0.0
12124,Masala Palak Bhurji Recipe (Masala Palak Bhurji),0.0
3928,South Indian Style Sorakkai Kootu Recipe - Bottle Gourd Cooked with Lentils,0.0
12102,Konkani Style Karate Batate Puddi Sagle Recipe - Bitter Gourd & Potato Curry,0.0
3898,Karwar Style Kairichi Udid Methi Recipe (Raw Mango Methi Curry),0.0
12087,Puffed Rice Upma (Recipe In Hindi),0.0
12076,South Indian Case Tiger Joint Recipe (Plantine's Lotus Past Surrey),0.0
12077,Peanut Saffron Barfi Recipe,0.0
12079,Ada Pradhaman Recipe - Kerala Style Rice Ada Pudding With Jaggery & Coconut Milk,0.0
3946,Kashmiri Style Kokur Yakhni Recipe-Chicken Cooked In Yogurt,0.0
3945,Navrang Dal Recipe,0.0
12083,Broccoli and Tofu Vegetable Recipe - Broccoli and Tofu Green Curry (Recipe In Hindi),0.0
12089,Avarekalu Usli Recipe - Avarekalu Usli Recipe,0.0
12101,No Onion No Garlic Aloo Gajar Ki Sabzi Recipe,0.0
12090,Ragi Or Finger Millet Powder/ Malt Recipe for Babies 6 Months & Above,0.0
12092,Pepper Tea Recipe - Kali Mirch Chai Recipe,0.0
12094,Kumbalakai Majjige Huli Recipe- Ash Gourd Buttermilk Curry,0.0
3944,Quinoa Phirnee Recipe (Quinoa Milk Pudding),0.0
12098,Andhra Style Sorakaya Kura Recipe - Bottle Gourd And Toor Dal Recipe,0.0
12100,Kongunadu Style Senai Kilangu Masala Recipe - Yam in Spicy Gravy,0.0
12126,Mint Coriander Spice Pulao Recipe,0.0
3918,Raw Papaya Thoran Recipe,0.0
12131,Pudina Moong Dal Recipe,0.0
12175,Diwali Cornflakes Mixture Recipe - A Savory Evening Tea Snack,0.0
12163,Achari Aloo (Recipe In Hindi),0.0
12164,Goan Style Kulkuls Recipe (Honey glazed wheat Curls Recipe),0.0
12168,Mango Phirni Recipe - Mango Rice Pudding Recipe,0.0
3902,Odia Style Chuin Aloo Besara Recipe-Potato & Drumsticks Fry In Mustard Paste,0.0
12173,Gujarati Meetha Pudla Recipe With Caramelized Bananas,0.0
12174,Kaju Pakoda Recipe (Cashew Nut Fritters),0.0
12176,Inji Thogayal Recipe - Spicy & Delicious Ginger Chutney,0.0
12132,Chiroti Recipe - Delicious Crispy Layered Sweet Puri,0.0
12177,Moong Dal Dosa Recipe,0.0
12178,Crunchy corn and capsicum chaat recipe - Corn and Bell Peppers Chaat,0.0
12179,Aam Peda Recipe - Delicious Mango Peda Recipe,0.0
12180,Tamil Nadu Style Milagu Thattai Recipe (Peppered Dal-Rice Fritters),0.0
12182,Doi Shorshe Chingri - Prawn Mustard Curry Recipe,0.0
12183,Paneer and Green Peas Paratha Recipe,0.0
12162,Amrood Raita Recipe,0.0
12161,Maharashtrian Vegetable Amboli Recipe (Savory Lentil Pancake Topped With Vegetables),0.0
12160,Katachi Amti Recipe (Spicy Accompaniment To Maharashtrian Puran Poli),0.0
3903,Maharashtrian Style Farasbi Chi Bhaji Recipe - Beans Cooked With Peanuts,0.0
12158,Dal Fry Recipe,0.0
12156,Pumpkin Coconut Ladoo Recipe,0.0
12154,Kashmiri Style Apple Tamatar Sabzi Recipe - No Onion No Garlic,0.0
12153,Boondi Raita Recipe Spiced With Black Salt (Recipe In Hindi),0.0
3907,Ridge Gourd Tambli Recipe - Spicy Ridge Gourd in Coconut Curry,0.0
12146,Spiced Rajma Pulao Recipe - Spiced Kidney Bean Rice,0.0
3910,Malvani Kala Chana Masala Recipe - Spicy Kala Chana Curry,0.0
3911,Omakka Curry Recipe - Kerala Style Papaya Curry,0.0
12139,Gulkand Kala Jamun Recipe,0.0
12137,Maharashtrian Achar Ka Masala (Pickle Mix Recipe),0.0
12136,Radish Soup Recipe,0.0
12135,How To Make Homemade Kashmiri Masala/ Spice Mix Recipe,0.0
12133,Savory Flattened Rice & Potato Breakfast (Recipe In Hindi),0.0
12075,Kala Chana Salad Recipe,0.0
12074,Jowar Dhani Chivda Recipe,0.0
12073,Kare Badge Badge Papa Badge Badge Badge |,0.0
11996,Dhingri Dolma (Recipe In Hindi),0.0
11987,Kashmir Style Bom Chount/Wangan Recipe-Spicy Apple Brinjal Curry,0.0
4002,Panasa Pottu Pappu Koora Recipe - Jackfruit & Dal Curry,0.0
11989,Vazhakkai Podimas Recipe (Ayurvedic Recipe With No Onion No Garlic),0.0
4000,Konkani Style Alasande Randayi Recipe-Black Eyed Beans and Yam Gravy,0.0
11992,Moong Dal Karara Recipe,0.0
3998,Karwar Style Khatkhate Recipe (Mixed Vegetable Curry With Toor Dal & Coconut),0.0
11997,Rajasthani Gunday Pickle Recipe (Bird Lime Pickle),0.0
12011,Kanji Recipe - Probiotic Drink Made From Carrots & Beetroot,0.0
11998,Green Beans And Scrambled Egg Recipe,0.0
11999,Shahi Paneer Recipe - Shahi Paneer Recipe,0.0
12000,Egg Pakora Recipe,0.0
12001,Spicy Goan Style Mushrooms Recipe,0.0
3996,High Protein Zucchini & Corn Patty Recipe,0.0
3994,Kathirikai Rasavangi Recipe | Delicious Brinjal Currry Recipe | Eggplant in Tangu Coconut Curry,0.0
11986,Dahi Wale Tinda Ki Sabzi Recipe - Apple Gourd in Yogurt Curry,0.0
11984,Mushroom Thoran (Recipe In Hindi),0.0
11983,Salted Caramel Popcorn,0.0
11982,Vermicelli & Oats Kheer Recipe,0.0
11981,Bharwa Lauki (Recipe In Hindi),0.0
11980,Menthya Dose (Dosa Recipe With Methi Leaves),0.0
11978,Broccoli Malai Kofta Recipe,0.0
11976,Desiccated Coconut Coriander Chutney Recipe,0.0
11971,Beetroot Paratha Recipe - Whole Wheat Beetroot Paratha Recipe,0.0
11970,Shahi Tukda Gajar Halwa Shots With Rabri Recipe,0.0
11969,Raw Banana Chivda Recipe,0.0
11968,Puli Upma Recipe in Ragi Pachai - Ragi Flower Upma Recipe,0.0
4008,Tirunelveli Mor Kuzhambu Recipe,0.0
11965,Chaas Dahi Vada Recipe - Dahi Vada in Refreshing Buttermilk,0.0
4014,Dhania Wale Aloo Recipe - Coriander Potato Dry,0.0
11959,Maharashtrian Rice Flour Porridge Recipe,0.0
11958,Chingiri Paturi Recipe,0.0
12010,Stuffed Makai Paratha Recipe (Corn & Coriander Stuffed Flat Bread),0.0
3989,Kongunadu Style Senai Kilangu Masala Recipe - Yam in Spicy Gravy,0.0
12072,Sorekai Majjige Huli Recipe,0.0
3949,Goan Mushroom Xacuti Recipe,0.0
12047,Rajasthani Dal Recipe - Rajasthani Dal Recipe,0.0
3951,Saffron Paneer Peda Recipe,0.0
12049,Puli Koozh Recipe,0.0
12050,Chakka Erissery Recipe - Kerala Style Coconut Laced Jackfruit Sabzi,0.0
12052,Aal Ke Kofte (Recipe In Hindi),0.0
12053,Vepampoo Kara Kuzhambu Recipe (Dried Neem Flower Gravy),0.0
12057,Raab Recipe - Immunity Building Home Remedy Made From Millet Flour,0.0
12015,Punjabi Masala Lobia Vegetable Recipe - Black Eyed Peas Masala (Recipe In Hindi),0.0
12059,Banana Stem Thoran Recipe - Ayurvedic No Onion No Garlic Recipe,0.0
12062,Chettinad Vegetable Pulav Recipe -,0.0
12065,Papad Parathas Recipe,0.0
12066,Methi Bajra Poori Recipe,0.0
3948,Sweet Potato & Methi Stuffed Paratha Recipe,0.0
12070,Dahi Bhindi (Recipe In Hindi) Recipe,0.0
12046,Kerala Style Avial Recipe - Onam Sadya Recipe,0.0
3955,Tadkewali Masoor Dal Recipe,0.0
3956,Pineapple Jal Jeera Recipe - Sweet & Sour Pineapple Drink,0.0
3962,Keerai Masiyal Recipe | Simple Steamed Spinach with Tadka | Tamil Nadu Recipe,0.0
12035,Achari Paneer Tikka Recipe - Achari Paneer Tikka Recipe,0.0
12033,Punjabi Rajma Masala Recipe - Punjabi Rajma Masala (Recipe in Hindi),0.0
12032,Iyengar Style Whole Wheat & Oats Khara Biscuit Recipe (Savory Cookie Recipe),0.0
12031,Andhra Style Beetroot Vepudu Recipe (Stir Fried Beetroot),0.0
12028,Moong Dal Ladoo Recipe,0.0
3966,Menthi Aaku Badeela Koora Recipe - Besan Muthia Cooked With Methi Leaves,0.0
12026,Labongo Latika Recipe,0.0
12025,Curd Oats Recipe - Curd Rice Style Overnight Oats Recipe,0.0
3967,Konkani Style Southe Koddel Recipe-Mangalore Cucumber in Coconut curry,0.0
3968,Karnataka Style Bendekayi Gojju - Kayirasa Recipe,0.0
3970,Makhana Moongphali Kadhi With Samvat Rice Recipe,0.0
12019,Rava Pongal (Recipe In Hindi),0.0
3972,Bendakaya Noo Podi Kura Recipe - Ladies Finger With Sesame Spice Powder,0.0
3900,Muttaikose Poriyal Recipe - Purple Cabbage Poriyal | Red Cabbage Sabzi,0.0
12188,Bhoplya Cha Bharit Recipe – Maharashtrian Pumpkin Sabzi,0.0
11956,Tomato Rice With Basil Recipe,0.0
3797,Kuruku Kaalan Recipe - Raw Bananas in Coconut Curry,0.0
12345,Rajasthani Khoya Matar Sabzi Recipe,0.0
12346,Kalyana Veetu Senai Curry Recipe,0.0
12347,One Pot Vangi Bhath Recipe In Hindi,0.0
3799,Kothamalli Karuveppilai Sadam Recipe - Coriander And Curry Leaves Rice,0.0
12354,Milagu Pirattal Poriyal (Recipe In Hindi),0.0
12355,Green Chilli Vegetable Recipe,0.0
12358,Green Peas Nimona (Recipe In Hindi),0.0
12341,Moong Dal Idli With Thengai Milagai Podi Recipe,0.0
12363,Cabbage Poricha Kootu Recipe (Red Cabbage) - South Indian Cabbage Dal,0.0
12366,Mango Tofu Smoothie Recipe,0.0
12368,Keerai Karamani Kuzhambu- Palak Lobia Curry Recipe,0.0
3796,Jaggery Sweetened Apple Oatmeal Recipe,0.0
12370,Chatpatti Makai Masala Recipe,0.0
12371,Bedmi Poori Recipe - Spiced Split Black Lentil Pooris,0.0
12344,Pineapple Ladoo Recipe,0.0
12340,Veggie Rava Idli (Recipe In Hindi),0.0
12189,Mixed Vegetable Pulao Recipe,0.0
3818,Maharashtrian Style Dashmi Roti Recipe (Jaggery Flatbread),0.0
12317,Basundi / Rabri Recipe,0.0
12318,Oriya Style Moong Dalma (Recipe In Hindi),0.0
3819,Jeera Rice Recipe | Jeera Pulao | Cumin Flavoured Ghee Rice,0.0
12320,Chicken Dum Biryani Recipe,0.0
12321,Mughlai Style Chicken Haleem Recipe,0.0
12322,Kerala Style Pazham Pori Recipe (Banana Fry),0.0
3812,Vadyancho Ross Recipe (Ash Gourd Chips Curry),0.0
12339,Palak And Peas Kachori Recipe,0.0
12327,Kashmiri Style Modur Pulao Recipe - Kashmiri Sweet Pulao,0.0
3809,Maharashtrian Ambat Goda Dal Recipe,0.0
12329,Nandan Kozhi Recipe - Kerala Style Chicken Curry,0.0
12333,Milk Peda Recipe,0.0
12336,Ghoogri Recipe - Jowar Upma,0.0
3807,Palak Tambuli Recipe - Udupi Style Spinach Tambli,0.0
12372,Instant Cucumber Pickle Recipe,0.0
3795,Punjabi Mooli Ki Bhurji Recipe,0.0
12374,Sabbasige Soppu Dosa Recipe (Dill Leaves Sweet Dosa),0.0
3771,Goan Bimbla Uddamethi Recipe,0.0
12413,Rajasthani Kanji Vada Recipe,0.0
3772,Karwar Style Ambade Udid Methi Recipe - Hog Plum Curry,0.0
12416,Green Apple Rasam Recipe,0.0
12417,Spicy Goan Mushroom Recipe - Spicy Goan Style Mushrooms Recipe,0.0
12418,Jal Jeera Recipe,0.0
12419,Nimbu Chunda Recipe (Lemon Chutney) - No Cook And Oil Free,0.0
12421,Capsicum Chutney (Recipe In Hindi),0.0
12375,Fried Poha Chivda Recipe - Flatten Rice Spicy Mixture,0.0
12422,Rajasthani Kachri Puli Vegetable Recipe - Wild Cucumber and Beans Vegetable,0.0
3769,Bengali Bhetki Macher Paturi Recipe (Barramundi Fish Wrapped in Banana Leaf),0.0
12425,Lemon Rice Recipe - Illuminated plain / pictured,0.0
3768,Carrot Porial Recipe - South Indian Style Carrot Stir Fry,0.0
3767,Vazhaithandu Poriyal Recipe | Banana Stem Curry with No Onion and No Garlic,0.0
12429,Bengali Aloo Potol and Dalna Recipe - Bengali Aloo Potol er Dalna (Recipe In Hindi),0.0
12410,Stuffed Potato Cutlet Recipe With Mint Mayo,0.0
12409,Chenai Kizhangu Masiyal-South Indian Style Yam Masiyal,0.0
3778,Gujarati Lasaniya Batata Recipe - Garlic Potato Curry,0.0
12406,Green Chana Chutney (Recipe In Hindi),0.0
12405,Kerala Style Kanji Payar Recipe,0.0
3784,Gajjar Halwa Recipe | Carrot Halwa | Indian Carrot Pudding,0.0
12398,Kabuli Chana Rasam Recipe,0.0
12397,Chow Chow Thoran (Poriyal) Recipe,0.0
3790,Konkani Style Maskasangi Magge Koddel Recipe-Drumstick and Mangalore Cucumber Curry,0.0
12389,Ulundhu Kali Recipe (Urad Dal Sweet),0.0
3791,Stuffed Karela With Aloo Recipe,0.0
3792,Eggplant In Mustard Poppy Seed Yogurt Gravy Recipe-Begun Doi Sorse Posto bata Jhol,0.0
12381,Kashmiri Rogan Josh Recipe - Mutton in Red Curry,0.0
12380,Methi Malai Matar Recipe - Fenugreek Peas Curry With Cream,0.0
12379,Orange Rasam Recipe - Orange Rasam Recipe,0.0
12378,Oats Chivda Recipe- Oats Poha Mixture- No Onion No Garlic,0.0
12377,Pan Fried Onion Pakora Recipe - A Perfect Diwali & Evening Snack,0.0
12315,Aamras Recipe,0.0
12313,Matar Butter Masala Recipe,0.0
3822,Bhoplya Cha Bharit Recipe – Maharashtrian Pumpkin Sabzi,0.0
12232,Amritsari Fish Fry Recipe,0.0
12221,Soya Keema Masala Recipe,0.0
3879,Vazhaithandu Pachadi Recipe - Banana Stem Raita,0.0
12225,Mawa Gujiya With Badam and Pista Recipe,0.0
12226,No Onion No Garlic Cabbage Kofta Curry Recipe,0.0
12228,Chettinad Rasam Powder Recipe,0.0
12231,Aluchi Bhaji Recipe - Maharashtrian Style Colocasia Leaves Curry,0.0
12233,Chickpea Sundal Recipe,0.0
3873,Karwar Style Surana Bhaji Recipe - Hot and Sour Yam Dry Curry,0.0
12234,Maharashtrian Green Chilli Thecha Recipe,0.0
12235,Baale Dindu Kadale Palya - Banana Stem Curry With Chickpeas Recipe,0.0
12236,Menthi Vankaya Recipe - Andhra Style Fenugreek Spiced Baingan,0.0
12237,Cauliflower & Cucumber Raita (Recipe In Hindi),0.0
12238,Karuveppilai Kuzhambu Recipe (Tangy & Spicy Curry Leaves Curry),0.0
3875,Keerai Karamani Kuzhambu- Palak Lobia Curry Recipe,0.0
3883,Bengali Bhaja Masala Recipe,0.0
3884,Bengali Style Basanti Pulao Recipe | Mishti or Mithe Pulao,0.0
12218,Gujarati Lasaniya Batata Recipe - Garlic Potato Curry,0.0
3887,Jhure-Jhure Aloo Bhaja Recipe,0.0
12214,Mushroom Baby Corn Kaalimirri Recipe - Pepper Cashew Gravy,0.0
3888,हरे मूंग की सब्ज़ी - Green Moong Dal Sabzi (Recipe In Hindi),0.0
12212,Gobi Biryani (Recipe In Hindi),0.0
12211,Oats Methi Muthia Recipe-Healthy Diabetic Friendly Muthia,0.0
12210,Rasawala Dhokla Recipe,0.0
12209,Peas Pulao Recipe - Peas Pulao Recipe,0.0
12208,Hariyali Matar Recipe,0.0
12207,Drumstick Leaves Ragi Roti Recipe - Moringa Millet Flat Bread,0.0
3889,Telangana Style Barada Palya Recipe - Chana Dal Dry Sabzi,0.0
12200,Nungu Payasam Recipe - Ice Apple/ Tender Palm Fruit Payasam,0.0
12197,Aloo Bhindi Recipe Flavored With Mustard And Poppy Seeds,0.0
12195,Amla Thogayal Recipe,0.0
12190,Raw Banana Thoran Recipe - Raw Banana Thoran (Recipe In Hindi),0.0
12246,Motiya Chilman Pulao Recipe - Motiya Chilman Pulao Recipe,0.0
3871,Palak Tovve Recipe - South Indian Dal Palak With Coconut,0.0
3826,Rava Kakdi Thalipeeth Recipe (Maharashtrian Style Semolina-Cucumber Flatbread),0.0
12298,Mavinakayi Chitranna Recipe - Spiced Raw Mango Tempered Rice,0.0
12288,Ellu Sadam (Recipe In Hindi),0.0
12291,Green Moong Dal Sabzi (Recipe In Hindi),0.0
12293,Atta Biscuit Recipe (Whole Wheat Flour Cookies Spiced with Cardamom),0.0
3845,Mooli Jowar Ki Roti Recipe - Mullangi Kambu Chapathi,0.0
12296,Almond And Besan Ladoo Recipe,0.0
12297,Spicy Mullangi Thogayal Recipe (Radish Chutney),0.0
3842,Coconut Rice Pulao With Coconut Cream Recipe,0.0
12252,Long Brinjal Poriyal Masala Recipe - Green Baingan Sabzi,0.0
12304,Apple Jalebi Recipe,0.0
12305,Karnataka Style Jackfruit Moong Dal Payasa Recipe,0.0
12306,Jaisalmer Kala Chana Kadhi Recipe - Rajasthani Chick Curry,0.0
12307,Boiled Peanut Raita Recipe,0.0
3835,Kuvar Pak Recipe,0.0
12309,Sabudana Khatti Meethi Namkeen Recipe,0.0
12287,Ragi Masala Twisters Recipe-Healthy Snack,0.0
12286,Apple Onion Chutney (Recipe In Hindi),0.0
12284,Dry Navratan Korma Recipe,0.0
3852,Doddapatre Tambuli Recipe (Karpooravalli Thayir Pachadi),0.0
12281,Maharashtrian Kadhi Recipe - Maharashtrian Kadhi Recipe,0.0
12278,Khatti Meethi Tinda Sabzi (Recipe In Hindi),0.0
3853,Bajra Kaddu Ki Roti Recipe - Bajra Pumpkin Roti Recipe,0.0
12272,Mavinakayi Chutney Recipe - South Canara Raw Mango Chutney,0.0
12271,Homemade Lemon Sevai Recipe - Lemon Idiyappam Recipe,0.0
12267,Chocolate Kaju Katli Recipe - Chocolate Kaju Barfi,0.0
12266,Ribbon Pakoda Recipe - South Indian Tea Time Snack,0.0
12265,Ajwain Puri Recipe - Puri Flavoured With Carom Seeds,0.0
3859,Bharva Bhindi Recipe - Pan Fried Stuffed Okra With Spices & Peanuts,0.0
12260,Sweet Corn & Avarakkai Sundal Recipe,0.0
3860,Lemongrass Coconut Rice Recipe,0.0
3867,Vankaya Gasagasala Kura | Andhra Style Eggplant Poppy Seeds Curry Recipe,0.0
12253,Dahi Suran Ki Kadhi Recipe - Yam Cooked In Yogurt Curry,0.0
11957,Aloo Bonda Recipe (Deep Fried Snack With Potato Filling),0.0
11951,Punjabi Style Boondi Kadhi Recipe,0.0
4939,बंगाली फूल गोभीर पतुरी रेसिपी - Bengali Phool Gobhir Paturi (Recipe In Hindi),0.0
11660,Dal Dhokli Recipe With Sprouted Moong Dal,0.0
4123,Biuli Dal Er Boda Recipe - Bengali Style Urad Dal Vada,0.0
4122,Potato And Pointed Gourd Sabzi (Recipe In Hindi),0.0
4121,Crispy Paneer Pakora Recipe With Garlic Chutney,0.0
4120,Ellu Kuzhambu Recipe- Sesame Seeds Kuzhambu,0.0
11656,Assamese Narasingh Masor Jhol Recipe (Fish In Curry Leaves Gravy),0.0
4119,Matar Mushroom Curry (Recipe In Hindi),0.0
4117,Sabakki Upittu Recipe (South Indian Style Sabudana Khichdi),0.0
11647,Cauliflower Thoran Recipe (Kerala Style Cauliflower),0.0
4114,Zarda Pulav Recipe (Rice Flavoured With Nuts And Saffron),0.0
11663,Apple Burfi Recipe,0.0
11664,Kerala Style Sugiyan Recipe (Sweet Moong Dal Bondas),0.0
11665,Carrot And Coriander Soup Recipe,0.0
11666,Makki Ki Baked Mathri Recipe (Baked Cornmeal Flaky Biscuit),0.0
4112,Poha Buttermilk Idli Recipe,0.0
11648,Atte Ka Halwa Recipe - Whole Wheat Flour Halwa with Khoya,0.0
4124,Thabdi Peda (Recipe In Hindi),0.0
11715,South Indian Coconut Chutney (Recipe In Hindi),0.0
11633,Punjabi Sabut Moong Ki Dal (Recipe In Hindi),0.0
11623,Beetroot Chutney (Recipe In Hindi),0.0
4134,Caramelized Ripe Plantains Without Added Sugar Recipe (Caramelized Nendran),0.0
11627,Pudalangai Milagu Kootu Recipe,0.0
4133,Classic South Indian Rava Idli Recipe,0.0
4132,Kerala Style Whole Wheat Parotta Recipe,0.0
4129,Mint And Pomegranate Raita Recipe,0.0
11634,Poha Ladoo With Chocolate And Coconut (Recipe In Hindi),0.0
11645,Horsegram Chutney (Recipe In Hindi),0.0
4128,Semiya Kesari Recipe,0.0
4125,Kerala Style Vegetable Stew (Recipe In Hindi),0.0
11639,Kiwi Guava Spritzer Recipe,0.0
11641,Stuffed Half Moon Shaped Kaju Burfi Recipe,0.0
11643,Maa Ki Dal Recipe - Punjabi Style Black Urad Dal Recipe,0.0
11644,Mini Chilli Cheese Aloo Kulcha Recipe,0.0
4111,Murungai Keerai Puttu - Drumstick Leaves Puttu Recipe,0.0
11669,Palak Pakora Recipe,0.0
11670,Ragi Sankati Recipe - Andhra Style Ragi Mudda,0.0
4097,Bengali Dumpa Thalimpu Recipe - Bangaladumpa Talimpu Recipe,0.0
11696,Carrot Semolina Phirni Recipe,0.0
11697,Tomato Kurma Recipe - Thakkali Kurma For Biryani & Parotta,0.0
11698,Keri Na Gotla Nu Shaak Recipe - Gujarati Style Ripe Mango Curry,0.0
11699,Kashmiri Style Bharit Marchavangun Recipe-Stuffed Chillies,0.0
11700,Kerala Pazham Pori Recipe - Banana Fritters Recipe | Nedra Pazham Fry,0.0
11701,Thandai Kulfi Recipe - Holi Recipe,0.0
11705,Karantaka Style Seke Undlaka/ Undlige Recipe (Mini steamed sweet dumplings Recipe),0.0
11671,Bhindi Raita Recipe (Okra Salad),0.0
11706,Homemade Easy Gulab Jamun Recipe - Delicious & Tasty,0.0
11707,Aamras Ki Kadhi Recipe - Mango Kadhi Recipe,0.0
11709,Quick and Easy Bread Upma Recipe,0.0
11710,Rava Ladoo Recipe | Sooji Laddu Recipe,0.0
11711,Mixed Millet Phulka Recipe - Ragi Jowar Bajra Wheat Phulka,0.0
11712,Pavakka Theeyal Recipe - Spicy & Tangy Karela In Tamarind Gravy,0.0
11694,Jeera Hing Aloo (Recipe In Hindi),0.0
4098,Multani Kaali Arbi (Recipe In Hindi),0.0
11692,Jeera Milagu Rasam Recipe - South Indian Pepper Cumin Rasam,0.0
4100,Kesar Pista Lassi Recipe - Saffron & Pista Lassi Recipe,0.0
4101,Vadu Mangai Pickle Recipe - Tender Small Raw Mango Pickle,0.0
11687,Dhaba Style Egg Curry Recipe,0.0
11683,Sukhe Chole Recipe - Dry Masala Chickpeas,0.0
11681,Oil Free Gujarati Undhiyu Recipe - No Onion No Garlic,0.0
11680,Karnataka Style Orange Peels Curry Recipe,0.0
11679,Kerala Style Chakka Pal Kozhukattai Recipe-Rice Dumpling In Jackfruit flavored Coconut Milk,0.0
11678,Achari Paneer Masala Recipe,0.0
4107,Chatpata Baby Potato Recipe,0.0
4108,Besan Halwa Recipe,0.0
11675,Aam Ki Launji Recipe,0.0
11674,Chettinad Takkali Sadam Recipe,0.0
11673,Sheer Khurma Recipe - Seviyan or Vermicelli Kheer Pudding,0.0
4109,Homemade Crisp Ghee Roast Dosa (Recipe In Hindi),0.0
11621,Doddapatre Soppina Chitranna Recipe (Spiced Indian Thyme Rice),0.0
4135,Masaura And Potato Tarkari Recipe,0.0
4139,Chana Dal Pulao Recipe,0.0
4154,Amla Achaar Recipe | Hot & Sweet Indian Gooseberry Pickle,0.0
4159,Maharashtrian Bakar Bhaji Recipe,0.0
4157,Instant Kalakand Recipe -Indian Festive Sweet Recipe,0.0
11551,Coriander and Coconut Chutney Recipe - Green Coriander And Coconut Chutney (Recipe (In Hindi),0.0
11552,Hyderabadi Chand Biscuits Recipe,0.0
11553,Mullu Murukku Recipe - Mullu Murukku Recipe,0.0
4156,Mango Rice Recipe,0.0
11556,Carrot Pulao Recipe - Carrot Rice (Recipe),0.0
4153,Chana Dal Chutney (Recipe In Hindi),0.0
11557,Gur Paare Recipe (A traditional Punjabi Wedding Sweet),0.0
11559,Lauki Badi Ki Sabzi (Recipe In Hindi),0.0
11560,Indian Beaten Coffee Recipe | Dalgona Coffee,0.0
11561,Murungakkai Mor Kuzhambu Recipe-Drumstick Buttermilk Curry,0.0
11562,Dried Neem Flower Flavored Rice (Recipe in Hindi),0.0
11564,Stuffed Gilka Recipe (Maharashtrian Style Stuffed Silk Squash),0.0
11548,Karnataka Special Huli Tovve Recipe,0.0
11545,Fulkopir Paturi Recipe,0.0
11543,Guilt Free Coconut Barfi Recipe,0.0
11542,Baked Fish Crisps Recipe (Fish Fry In Oven),0.0
11539,Green Chana Chutney (Green Chickpea Chutney) Recipe,0.0
4161,Rajasthani Sweet & Spicy Ker Sangri Sabzi Recipe,0.0
11536,Nawabi Paneer Curry Recipe - Nawabi Paneer Curry Recipe,0.0
4164,"Chettinad Fish Fry With Roasted Corn, Onions And Carrots With French Beans Recipe",0.0
4165,Moringa Masoor Dal Recipe,0.0
11533,Oats Ven Pongal Recipe,0.0
11532,Bhindi and Capsicum Sabzi Recipe,0.0
4171,Homemade Chikoo Ice Cream Recipe,0.0
11528,Kakdi Chi Koshimbir Recipe - Maharashtrian Style Cucumber Salad,0.0
11527,Konkani Style Avnas Ambe Sasam Recipe-Fruit Salad with Coconut,0.0
4174,Quick and Easy Bread Upma (Recipe In Hindi),0.0
11524,Mullangi Curry Recipe,0.0
11522,Foxtail Millet Pongal Recipe,0.0
11565,Drumstick Spinach Juice Recipe,0.0
11567,Broken Wheat Upma Or Dalia Khichdi Recipe for Babies & Toddlers,0.0
4140,Badusha Recipe | Balushahi Recipe - Sweet Indian Doughnut,0.0
11607,Paneer Satay Recipe,0.0
11599,Karnataka Style Gasagase Payasa Recipe- Poppy seed Payasam,0.0
11600,Chawli Ki Phali & Aloo Sabzi Recipe,0.0
11602,Sooji Halwa Breakfast Bowl Recipe,0.0
4145,Moong Dal Rasam / Retired Pappu Charu Recipe (Lemon Infused Indian Lentil Soup),0.0
11605,Boiled Egg With Salt And Pepper Recipe - Finger Food For Babies Above 9 Months,0.0
4144,Cucumber Green Chilli Raita (Recipe In Hindi),0.0
11608,Pumpkin Almond Recipe - Ach Gert Surri With Dal,0.0
11568,Name Cucumber Salad Recipe - Quickcomber sausage,0.0
11610,Grilled lentil recipe,0.0
4143,Hurali Kalu Chutney Recipe - Horse Gram Chutney Recipe,0.0
11613,Lauki Burfi With Paneer Recipe - Bottle Gourd Fudge With Cottage Cheese,0.0
11614,Menthi Aaku Badeela Koora Recipe - Besan Muthia Cooked With Methi Leaves,0.0
11616,Sesame Kameer Good Ride (Orange Khair),0.0
4142,Ripe Guava Chutney Recipe (Amrood Ki Chutney),0.0
11595,Kashmiri Kokur T Nadir Recipe-Chicken and Lotus Stem Curry,0.0
4147,Whole Wheat Lachha Paratha Recipe,0.0
11591,Palak (Spinach) Puri Recipe,0.0
11586,Malpua Recipe with Rabri (A Spiced Indian Pancake with Milk Pudding),0.0
11585,Rice Recipe - Steamed Rice Recipe,0.0
4148,Khatti Meethi Tinda Recipe (Recipe In Hindi),0.0
11583,Meethe Chawal Recipe - Zarda Pulao,0.0
11582,Karpooravalli Chutney Recipe (Tamil Nadu Chutney With Big Thyme),0.0
4151,Mushroom Thoran Recipe-Kerala Style Mushroom Sabzi,0.0
11580,Thandai Srikhand Tart Recipe,0.0
11579,Pumpkin Peas Palya Recipe,0.0
11578,Mishti Doi Recipe - Traditional Bengali Sweet Yogurt,0.0
11575,Spinach Coriander Dosa Recipe - Spinach and Coriander Dosa Recipe,0.0
11574,Nendra Pazham Pulissery Recipe - Ayurvedic Recipe,0.0
11572,Broccoli And Aloo Poriyal Recipe - South Indian Broccoli And Potato Stir Fry,0.0
11571,Whole Wheat Flour Murukku Recipe,0.0
11569,Crispy Vegetable Recipe - Crispy Bhujia,0.0
11714,Smoked Tandoori Paneer Tikka Recipe,0.0
11716,Khatti Meethi Tindora Sabzi Recipe - Gujarati Tindora Nu Shaak,0.0
11949,Whole Wheat Sonth Ke Ladoo Recipe,0.0
4047,Bhaat Na Rasawala Muthia Dhokla Recipe | Gujarati Rasiya Dhokla,0.0
11868,Ajwain Puri Recipe,0.0
11871,Ragi Nippattu Recipe With Peanuts And Sesame - Ragi Thattai / Chekkalu,0.0
4052,Turai Moong Dal (Recipe In Hindi),0.0
4051,Veggie Rava Idli Recipe- Healthy Breakfast Idli,0.0
4050,Instant Bengali Aam Doi Recipe - No Cook Sweet Mango Yogurt,0.0
11877,Andhra Style Raw Soup Recipe -Ra Tamarind Juice,0.0
11881,Date Obbattu Recipe (Date Puran Poli),0.0
4059,Sabudana Khichdi Recipe With Vegetables (No Onion No Garlic Fasting/Vrat Recipes),0.0
11883,Kiwi Sondesh Recipe,0.0
11887,Thakkali Rasam Recipe - Thakkali Rasam Recipe,0.0
11888,Chow Chow Thakkali Kootu Recipe - Chayote Squash In Dal Coconut Curry,0.0
11889,Sour Mint Potato Recipe - Tangy Mint Potatoes (Recipe In Hindi),0.0
4045,Pudina Dahi Chutney Recipe- Mint Yoghurt Dip,0.0
4044,Gulab Sandesh Recipe - Cottage Cheese Flavored with Rose Water,0.0
4057,Kerala Style Konju Curry With Thengakothu Recipe (Kerala Style Prawn Curry),0.0
11854,Punjabi Bhindi Kadhi Recipe - Punjabi Bhindi Kadhi Recipe,0.0
4096,Fenugreek cream cheese recipe,0.0
11838,Maharashtrian Kalanyachi Bhakri Recipe With Groundnut Chutney,0.0
11829,Kathiawadi Adad Dal Recipe - Spicy Urad Dal,0.0
11832,Passion Fruit- Shrikhand Shots Recipe,0.0
11833,Anda Bhurji Recipe - Anda Bhurji,0.0
11834,Aloo Gobi Ki Sabzi (Recipe In Hindi),0.0
4064,Papad Raita Recipe,0.0
11836,"Beetroot, Carrot & Cucumber Salad with Peanuts Recipe",0.0
11839,Saffron Pistachio Firni Recipe,0.0
11853,Healthy Spinach Idli Recipe (Steamed Spinach Savory Cake),0.0
11843,Sweet Lime Soda Recipe (Sweet Lime Soda),0.0
11844,Vaangi Bhaat (Recipe In Hindi),0.0
11847,Punjabi Style Espresso Coffee Recipe,0.0
11848,Suran Moongphali Curry,0.0
11849,Vempampoo Rice Recipe (Dried Neem Flowers Rice),0.0
11850,Menthe / Fenugreek Seeds Tambli Recipe (Karnataka Recipes),0.0
4043,Pudina Chutney Recipe,0.0
4042,Drumstick Leaves Kadhi Pakora Recipe - Moringa Kadhi Pakora,0.0
11897,Green Chutney Aloo Chaat Recipe - Green Chutney Aloo Chaat Recipe,0.0
11938,Chow Chow Thoran (Recipe In Hindi),0.0
11928,Kovakkai Podi Curry Recipe,0.0
11929,Easy Creamy Chicken Curry Recipe,0.0
11930,Pudina Dahi Chutney Recipe - Pudina Dahi Chutney Recipe,0.0
11933,Green Legume Fry Recipe - Green Moong Sprout Fry,0.0
11934,Marwari Gatta Kadhi Recipe - Marwari Gatte Ki Kadhi Recipe,0.0
4026,Bhaat Na Rasawala Muthia Dhokla Recipe | Gujarati Rasiya Dhokla,0.0
11939,Gajar Lauki Juice Recipe,0.0
11898,Healthy Carrot Methi and Mooli Thepla Recipe,0.0
11941,Karnataka Style Ellu Bella Recipe (Sankrati Mix Recipe),0.0
11942,Peanut Curry Recipe,0.0
4021,Green Beans And Scrambled Egg Recipe,0.0
11945,Mughlai Bhindi Recipe,0.0
11946,Biryani Masala Powder Recipe,0.0
11947,Peanut Chaat With Spiced Yogurt Recipe,0.0
11927,Chettinad Style Tomato Vermicelli Upma Recipe,0.0
11926,Matar Millet Pulao Recipe - Peas Pulao Recipe,0.0
11923,Chickpea Pulses Recipe with Coconut (Bengali Chickpeas with Fried Coconut Solution),0.0
4029,Peas In Onion Tomato Gravy Recipe,0.0
11920,Khamiri Roti Recipe,0.0
4032,Chatpate Aloo Recipe With Sesame Seeds,0.0
4033,Rajma Kofta In Milk And Poppy Seed Gravy Recipe,0.0
11917,Oats And Spinach Pongal Recipe,0.0
11914,Corn Korma (Recipe In Hindi),0.0
11913,Mugachi Usal Recipe -Spicy Moong Sprouted Sabzi,0.0
4038,Mithi Mathri Recipe (Crispy Fried Sweet Fritters),0.0
11907,Masala Roasted Aloo Recipe - Masala Roasted Potato Recipe,0.0
11906,Badge m Badge Badge Mia Gai Badge / Badge Badge,0.0
4041,Banana Sheera Recipe - Sweet Banana Halwa/ Pudding,0.0
11902,Creamy Dal Makhani (Recipe In Hindi),0.0
11901,Podi Potta Pachhai Kathirikai | Brinjal Stir Fry Recipe With Curry Powder,0.0
11899,Bengali Aloo Jhinge Poshto Curry Recipe - Bengali Aloo Jhinge Posto Curry (Recipe In Hindi),0.0
11828,"South Indian Style Green Moong Sprouts, Raw Mango Salad Recipe",0.0
11826,Maharashtrian Gavachi Kheer Recipe (Whole Cracked Wheat Pudding),0.0
11825,Hyderabadi Style Cells Recipe - Hyderabadi Style Kuska Recipe,0.0
4081,Sev Puri Recipe (Papdi Chaat) - Indian Street Food Evening Snack,0.0
4085,Makki Ki Puri Recipe - complete recipe of Makki,0.0
4084,Ingi Mangai Sadam Recipe,0.0
11746,Dry Navratan Korma (Recipe In Hindi),0.0
11747,Madurai Spicy Tomato Chutney Recipe,0.0
4083,Beetroot and Fig Chutney Recipe,0.0
11752,Baby Corn Carrot Sabzi Recipe,0.0
11755,Konkani Style Vengaya Sagle Recipe - Eggplant Drumstick Curry,0.0
11767,Kothamalli Thovayal Recipe (Dry Coriander Leaves Chutney),0.0
11756,Kerala Style Fish Curry Recipe,0.0
11759,Masala Roti (Recipe in Hindi),0.0
11762,Chicken Donne Biryani Recipe - Bangalore Shivaji Military Style,0.0
11763,Andey Ki Kheer Recipe - Egg White Kheer,0.0
4079,Vellai Seedai Recipe - Krishna Janmashtami | Gokulashtami Recipe,0.0
11765,Tomato Onion Cucumber Raita (Recipe In Hindi),0.0
11743,Dum Murgh Kali Mirch Recipe - Chicken In Rich White Gravy,0.0
11742,Sorekai Majjige Huli Recipe (Bottle Gourd In Coconut Yogurt Curry Recipe),0.0
4089,Carrot Beans Thoran Recipe - Kerala Thoran For Onam Sadya,0.0
11739,Achari Masala Powder Recipe,0.0
11737,Chettinad Style Chilli Gobhi Recipe,0.0
11735,Broccoli & Bell Pepper Zunka Recipe,0.0
11734,Savory Flax Seed Multigrain Crackers Recipe,0.0
11733,Bengali Style Cholar Dal Recipe-Chana Dal,0.0
11731,Malvani Masala Powder Recipe,0.0
11730,Karachi Biscuits Recipe,0.0
11728,Konkani Style Maskasangi Magge Koddel Recipe-Drumstick and Mangalore Cucumber Curry,0.0
11727,Tamarind Ginger Chutney,0.0
4091,Spicy Peanut Butter Recipe,0.0
4094,Brahmi Chutney Recipe - Brahmi Chutney (Recipe In Hindi),0.0
11721,Karwar Style Bibya Usal Recipe (Spiced Cashew Nut Sabzi),0.0
11720,Whole Masala Gobhi Recipe - Spiced Whole Roasted Cauliflower Masala,0.0
11718,Bengali Beetroot And Raw Banana Chop Recipe (Spiced Cutlet Recipe),0.0
11766,Pudina Idli Recipe - Mint Flavoured Idli,0.0
11770,Moong Dal Tikki Recipe,0.0
4065,Badanekaayi Gojju Recipe,0.0
11815,Grilled Cherry Tomato Pickle Recipe,0.0
11803,Mango Curry Recipe - Mango Curry Recipe,0.0
11804,Avalakki Bella Usuli Recipe (Jaggery & Flattened Rice),0.0
4072,Instant Tindora And Carrot Pickle Recipe,0.0
11811,Thotakura Undalu Recipe (Crispy Amaranth Leaves Balls),0.0
11812,Anda Bhurji Recipe,0.0
4068,Mooga Gathi Recipe - Mooga Gathi (Recipe In Hindi),0.0
11816,Nei Appam Recipe Using Rice Flour,0.0
11772,Amaranth Leaves Khichdi Recipe,0.0
11817,Paal Kozhukattai Recipe With Bananas - With Vegan Option,0.0
11819,Stuffed Matar & Gobi Paratha Recipe (Green Pea & Cauliflower Flat Bread),0.0
11820,Instant Mixed Vegetable Pickle Recipe,0.0
4067,Parwal Masala Recipe - Parwal Masala Recipe,0.0
11822,Til Ke Aloo (Recipe),0.0
11823,Kaju Butter Masala Recipe,0.0
4076,Spinach Yogurt Salad Recipe - Spinach Raita Recipe,0.0
4077,Spring Onion Potato Sabzi Recipe,0.0
11793,Iyengar Style Thavala Adai Recipe,0.0
11792,Lemon Pepper Fish Recipe,0.0
11791,Beetroot & Spinach Nimki Recipe (on named),0.0
11790,Red Rice Dosa Recipe (Red Rice Dosa),0.0
11788,Oats Uttapam topped with Paneer Recipe,0.0
11786,Baked Banana Chips Recipe - Baked Banana Chips Recipe,0.0
11785,Sesame Peanut Potato Mix Recipe,0.0
11784,Pumpkin Erissery Recipe - Kerala Pumpkin Coconut Curry,0.0
11783,Chow Chow and Carrot Kootu Recipe,0.0
11782,Turmeric Milk Recipe,0.0
11781,Suran Kofta Curry Recipe - Yam Kofta Curry,0.0
11779,Narkel Naru Ladoo Recipe With Grated Coconut,0.0
11777,Bengali Langcha Recipe With Mawa,0.0
11774,Farali Pattice Recipe - A Popular Fasting Food,0.0
11773,Chole Semiya Pulao Recipe - Chickpea Vermicelli Pulao,0.0
3766,Manathakkali Keerai Poricha Kootu Recipe,0.0
12433,Sabbakki Rava Idli Recipe- Sabudana Rava Idli,0.0
3765,Mullangi Poriyal recipe - South Indian Style Radish Stir Fry,0.0
13066,Bengali Doi Potol Recipe (Pointed Gourd In Thick Yogurt Based Gravy),0.0
3512,Crunchy ladyfinger and onion masala recipe,0.0
3509,Carrot and Cucumber Thalipeeth Recipe,0.0
13061,Chakkra Pongali Recipe (Andhra Style Sweet Pongal),0.0
13062,Sobji Diye Bhaja Muger Dal Recipe,0.0
3508,Kerala Style Ulli Theeyal Recipe,0.0
13065,Pudina & Dhaniya Raita Recipe,0.0
3506,"Oats, Dates And Dry Fruits Ladoo Recipe",0.0
13055,Aloo Bhindi (Recipe In Hindi),0.0
13070,Rajasthani Ghevar Recipe,0.0
13071,Chaman Qaliya (Recipe In Hindi),0.0
3503,Yogurt Based Bottle Gourd Sabzi (Recipe In Hindi),0.0
13074,Karwar Style Surana Bhaji Recipe - Hot and Sour Yam Dry Curry,0.0
3501,Sprouted Moong Dhokla Recipe,0.0
13077,Tindora Sambharo Recipe,0.0
3513,Pahadi Chicken Curry Recipe,0.0
13051,Bloomed Potato Cheesy Muffins Recipe,0.0
13138,Karnataka Style Utthatthi Payasa Recipe - Dry Dates Kheer,0.0
13028,Pineapple Lassi Recipe - Pineapple Lassi Recipe,0.0
3531,Surati Jowar Vada Recipe,0.0
13021,Chow Chow Poricha Kootu Recipe - Chow Chow Poricha Kootu Recipe,0.0
3529,Rose Gulkand Phirni (Recipe In Hindi),0.0
13023,Carrots Coriander Pakora Recipe - Carrots and Coriander Fritters Recipe,0.0
13026,Tirunelveli Buttermilk Broth Recipe,0.0
13027,Amla Methi Sukhi Sabzi Recipe - Healthy Diabetic Sabzi,0.0
13030,Green Spinach & Oats Cutlet Recipe,0.0
3516,Egg Butter Masala Recipe,0.0
3526,Chai Ka Masala Recipe - Homemade Spice Powder for Tea,0.0
13032,Tomato Gojju (South Indian Style Tomato Curry Recipe),0.0
13038,Kandathipli And Arisi Thipli Rasam Recipe,0.0
3525,Pudina Lassi Recipe,0.0
3520,Dry Jamun Recipe,0.0
13043,Traditional Shahi Tukda Recipe - Hyderabadi Double Ka Meetha,0.0
13078,Chanar Paturi (Recipe In Hindi),0.0
13079,Makhana Moongphali Ki Kadhi Recipe - Navratri Fasting/Vrat Recipe,0.0
13080,Karwar Style Kalingana Polo Recipe - Watermelon Rind Dosa,0.0
3479,Diabetic Friendly Green Moong Dal/ Mung Beans Soup Recipe,0.0
13111,Thakkali Gotsu Recipe | Thakkali Curry | Spicy & Tangy Tomato Gravy,0.0
13112,Raw Mango Raita Recipe,0.0
3482,Jain Style Corn Palak Recipe,0.0
13116,Raw Banana Bajji Recipe- Balekai Bajji | Vazhakkai Bajji,0.0
13117,Tofu Masala Rice Recipe (Tofu Pulao),0.0
13122,Thandai Phirni Recipe - A Delicious Indian Rice Dessert,0.0
3478,Masala Roasted Aloo Recipe,0.0
3500,Refreshing Sweet Lime Soda Recipe,0.0
13126,Kadai Chole Recipe,0.0
13130,Kaanole Recipe (Maharashtrian Steamed Wheat Flour Sweet),0.0
3477,Dry Palak Dal Sabzi (Recipe In Hindi),0.0
13134,Goan Style Mushroom Shagoti Recipe,0.0
3475,Gujarati Vagharela Mag Recipe - Moong Sprouts Sabzi Recipe,0.0
13136,Vagharelo Bhaat Recipe - Gujarati Masala Rice,0.0
3483,South Indian Filter Coffee Recipe With Filter Coffee Powder,0.0
3484,Maharashtrian Style Kala Chana Cooked In Koli Masala Recipe,0.0
3486,Banana Apple Mash Recipe,0.0
3487,Kashmiri Mutton Yakhni Recipe,0.0
13100,Simple Steamed Indian Beet Salad Recipe,0.0
3491,Beetroot Tambuli (Beetroot Raita With Coconut) Recipe,0.0
13098,Chettinad Sweet Paniyaram Recipe,0.0
13096,Tok Dal Recipe (Bengali Style Masoor Dal),0.0
3492,Pumpkin Raita (Recipe In Hindi),0.0
13094,Aloo Baingan Ki Sabzi (Recipe In Hindi),0.0
3494,How to Make Quinoa Flour Recipe,0.0
3495,Carrot and Beans Poriyal (Recipe In Hindi),0.0
3497,Malpua With Rose And Saffron Syrup Recipe,0.0
13085,Amtekai Gojju Recipe - Indian Hog Plum Curry,0.0
13084,Kanda Kairichi Chutney Recipe,0.0
13083,Pudina Idli Recipe,0.0
13082,Potato And Cauliflower In Peanut Curry Recipe,0.0
13019,Karnataka Style Chicken Saaru Recipe,0.0
3532,Pirandai Oorugai Recipe - Pirandai Pickle Recipe,0.0
13017,Zunka Recipes (Spicy Gram Flour),0.0
12939,Chettinad Beans & Cauliflower Poriyal Recipe - Chettinad Beans & Cauliflower Poriyal (Recipe In Hindi),0.0
12931,Bread Batata Vada Recipe-Crispy Bread Bonda Stuffed With Spicy Aloo,0.0
12933,Beetroot Poriyal Sabzi Recipe For Babies And Toddlers Over 10 months,0.0
12934,Chow Chow Kothamli Chutney Recipe - Chow Chow Kothamalli Chutney Recipe,0.0
12935,Haleem Kebab Recipe,0.0
3577,Punjabi Dal Tadka (Recipe In Hindi),0.0
12938,Baked Paneer Bread Pakora Recipe,0.0
3576,Kanchipuram Idlis Recipe,0.0
12954,Wheat Bikaner Khichdi Recipe (Wheat Kernel and Moong Dal Khichdi),0.0
3575,Aam Ki Launji Pickle Recipe - Sweet & Spicy Mango Pickle,0.0
12945,Kashmiri Saag Recipe - Kashmiri Saag Recipe,0.0
3573,Double Beans Sundal (Recipe In Hindi),0.0
3568,Smoked Tandoori Chicken Recipe - Classic North Indian Chicken Recipe,0.0
3567,Thotakura Vepudu Recipe - Andhra Style Amaranth Greens Stir Fry,0.0
3565,Vendakkai Poriyal (Recipe In Hindi),0.0
12930,Awadhi Style Zarda Pulao Recipe,0.0
12928,Coconut Rice Pulao With Coconut Cream Recipe,0.0
3578,Haleem Ke Kebab Recipe,0.0
3579,Jolada Roti Recipe - Jowar Bhakri,0.0
12925,Oatmeal Dosa Recipe - Savory Oatmeal Breakfast Crepes (Recipe In Hindi),0.0
3580,Ridge Gourd With Black Gram Dal (Recipe In Hindi),0.0
12923,Thalassery Chicken Biriyani Recipe,0.0
3583,Mashed Vegetables With Rice (Recipe In Hindi),0.0
12920,Carrot Peanut Chutney Recipe,0.0
12919,Varan Bhaat Recipe,0.0
12917,Rajasthani Sev Tamatar Ki Sabzi (Recipe In Hindi),0.0
12915,Mavinakayi Chutney Recipe - Mavinakai Chutney Recipe,0.0
3587,Lauki Yakhni Recipe - Bottle Gourd In Yogurt Gravy,0.0
3588,Lemon Rice (Recipe In Hindi),0.0
12908,Jal Jeera Recipe - Sweet And Sour Cumin Water Recipe,0.0
3589,Maharashtrian Kadhi Recipe,0.0
12906,Kathirikai Rasa Vangi Recipe - Kathirikai Rasa Vangi Recipe,0.0
12953,Vellarikka Manga Curry Recipe - Cucumber Mango Pulissery,0.0
3564,Thengai Saadam (Spiced Coconut Rice) Recipe,0.0
13014,Goan Style Black Chickpeas And Cucumber Masala Recipe (Taushem Tondak),0.0
3544,Spicy Cabbage Rice Recipe,0.0
3555,Aloo Posto Recipe - Potato Posto Recipe,0.0
12994,Punjabi Style Black Eyed Beans Curry (Recipe In Hindi),0.0
3548,Gavar Pumpkin Sabji (Recipe In Hindi),0.0
3546,Potato Kurma (Recipe In Hindi),0.0
3545,No Onion No Garlic Sweet Pepper Sabji (Recipe In Hindi),0.0
12999,Urad Dal Vada Recipe (Non Deep Fried),0.0
13001,Aval Mixture Recipe - Poha Chivda,0.0
3563,Kacche Aam Ki Launji Recipe,0.0
13002,Punjabi Bhindi Kadhi Recipe - Roasted Okra In Yogurt Curry,0.0
13003,Adrak Chai Recipe - Indian Style Ginger Tea,0.0
13004,Menthe Hittu Recipe (Roasted Fenugreek Chutney Powder),0.0
13005,Raw Banana Chivda Recipe,0.0
13011,Chana Dal & Methi Ki Sabzi (Recipe in Hindi),0.0
3533,Sabudana Kheer (Recipe In Hindi),0.0
3556,Kothamalli Thogayal Recipe,0.0
12989,Almond and Cashew Nut Mushroom Curry Recipe,0.0
12985,Carrot And Beans Poriyal Recipe For Babies And Toddlers,0.0
3558,Mohan Bhog Recipe - Bengali Style Sooji Ka Halwa,0.0
12982,Peanut Garlic Chutney Powder Recipe,0.0
12981,Tamil Nadu Style Vazha Thandu Thogayal Recipe (Banana Stem Chutney Recipe),0.0
12980,Cabbage Capsicum Sabzi Recipe - Cabbage Capsicum Vegetable Recipe,0.0
12979,Murg Badami Recipe - Chicken In Almond Gravy,0.0
12978,Bitter Gourd Juice Recipe - Karela Juice,0.0
3559,Amritsari Sookhi Dal Recipe,0.0
12973,Goondh Paani Recipe - Sweet Gum Tree Almond Drink Recipe,0.0
12972,Velvet Rajma Kebab Recipe,0.0
12970,Malabar Prawn Curry Recipe,0.0
12968,Pineapple Chicken Tikka Recipe,0.0
12966,Spicy Mushroom And Broccoli Stir Fry Recipe Flavored With Tandoori Mayo,0.0
3561,Doodh Dudhi (Recipe In Hindi),0.0
12961,Lauki Yakhini (Recipe In Hindi),0.0
13137,No Onion No Garlic Raw Tomato Sabzi Recipe,0.0
13141,Paka Kela Ki Sabzi (Recipe In Hindi),0.0
12436,Kosamalli Recipe (Chettinad Style Brinjal and Potato Mash),0.0
13295,Tandoori Aloo Tikka Recipe - Indian Spiced Roasted Smoked Potatoes,0.0
13286,Carrots & Sweet Potato Stuffed Paratha Recipe,0.0
3438,Rajasthani Dal Baaple Churma Recipe,0.0
13289,Raw Mango Coconut Chutney Recipe,0.0
13290,Ridge Gourd Tambli Recipe - Spicy Ridge Gourd in Coconut Curry,0.0
13291,Attukal Mochai Kuzhambu Recipe-Mutton Leg & Field Beans Gravy,0.0
13292,Karwar Style Anasa Patal Bhaji Recipe-Pineapple cooked with coconut,0.0
13297,Bajra & Dal Cheela Recipe (Spicy Pearl Millet & Lentil Crepe Recipe),0.0
13283,Shorshe Maach Recipe - Bengali Style Mustard Fish Curry,0.0
13299,Kela Besani Sabzi Recipe,0.0
13300,Amlechi Uddamethi Recipe - Goan Raw Mango Curry,0.0
13302,Karamani Sundal Recipe - Karamani Sundal Recipe,0.0
13303,Oriya Special Dalma Recipe,0.0
3437,Kathirikkai Thogayal Recipe - Thuvaiyal (Spicy Brinjal Chutney Recipe),0.0
13305,No Onion No Garlic Raw Tomato Sabzi (Recipe In Hindi),0.0
13285,Kathiyawadi Shaak Recipe,0.0
13281,Tomato Garlic Chutney Recipe - Tomato Garlic Chutney Recipe,0.0
3473,Ridge Gourd Peel Chutney Recipe,0.0
13268,Nagori Puri Recipe (Semolina Puri),0.0
13259,Crispy Palak Pakora Recipe - Monsoon Snack,0.0
13260,Papad Ki Sabzi Recipe (Papad Ki Sabzi),0.0
13262,Bengali Style Chingri Posto Recipe (Prawns Cooked In Poppy Seed Gravy),0.0
3442,Cheese Broccoli Fritter Recipe - Pan Fried Broccoli Pakora,0.0
13264,Grape Wright Recipe,0.0
13267,Sweet Boondi / Meethi Boondi Recipe,0.0
13269,No Onion No Garlic Black Eyed Beans Curry (Recipe In Hindi),0.0
13279,Almond Elachi Kulfi Recipe,0.0
13271,Besan Aur Pyaz Ka Cheela Recipe - Roz Ka Khana With Figaro Olive Oil,0.0
13272,Vazhaithandu Mor Kootu Recipe (Tamil Nadu Style Banana Stem Recipe),0.0
13273,Restaurant Style Chicken 65 Recipe,0.0
3441,Tamarind Chilli Potato Recipe,0.0
13277,Tomato Garlic Chutney (Recipe In Hindi),0.0
13278,Mango Sago Kheer Recipe - Sabudana Kheer With Mangoes,0.0
13306,Carrots And Coriander Fritters Recipe,0.0
13307,Pineapple Jal Jeera Recipe,0.0
13308,Vazhaipoo Paruppu Usili Recipe - Banana Flower Paruppu Usili,0.0
3421,Spicy & Masaledar Aloo Gobi & Beans Tawa Sabzi Recipe,0.0
13335,Andhra Style Peanut Chutney Recipe,0.0
3425,Spiced Coconut Rice (Recipe in Hindi),0.0
3423,Palak Paneer Paratha (Recipe In Hindi),0.0
13339,Jeera Aloo Sabzi (Recipe In Hindi),0.0
13340,Gujarati Palak Dhokla Recipe - Gujarati Palak Dhokla Recipe,0.0
3422,Cabbage And Carrot Thoran (Recipe In Hindi),0.0
13343,Vankaya Gasagasala Kura | Andhra Style Eggplant Poppy Seeds Curry Recipe,0.0
3436,Coconut Kewra Drink Recipe,0.0
13344,Healthy Snack Bowl Recipe,0.0
13345,Whole Wheat Spinach Paratha Recipe,0.0
13347,Kashmiri Style Mutton Gogji Syun Recipe - Mutton & Turnip,0.0
3420,Spicy Baby Potatoes (Recipe In Hindi),0.0
3417,Coconut Peanut Chutney Recipe (No Onion No Garlic Recipe),0.0
13350,Bharli Bhendi Recipe - Maharashtrian Style Stuffed Bhindi,0.0
13334,Vegetable Chops Recipe,0.0
13333,Makki Ki Puri Recipe (Maize Flour Fried Indian Bread),0.0
13332,Coconut Jaggery Burfi Recipe,0.0
13331,Chukku Kaapi Recipe - Dry Ginger Coffee,0.0
13328,Thonnai Idli Recipe (Dried Leaves Idli),0.0
13326,Restaurant Style Green Peas Masala Recipe,0.0
13324,Green Chutney Aloo Chaat Recipe,0.0
13323,Chettinad Vegetable Pulao Recipe,0.0
3427,Masala Lachha Paratha Recipe,0.0
13320,Murungai Keerai Sambar Recipe - Drumstick Leaves Sambar,0.0
3428,Achari Masala Recipe For Fresh Pickles,0.0
13318,Lauki Ki Kheer (Recipe In Hindi),0.0
13317,Steamed Cauliflower Curry Recipe (Healthy Stir Fry),0.0
13316,Dry Fruits Suzhiyam (Boorelu) With Black Rice Recipe,0.0
3430,Tofu Bhurji Recipe,0.0
3433,Menthe Tambli Recipe,0.0
13313,Andhra Dondakaya Ulli Kura Karam Recipe | Andhra Kovakkai Fry,0.0
13258,Besan Barfi Recipe,0.0
3443,Ukad Recipe (Maharashtrian Rice Flour Porridge),0.0
3444,Vegan Kofta Curry Recipe (Recipe In Hindi),0.0
13177,Whole Wheat Lachha Paratha Recipe-Multilayered Layered Indian Flat Bread,0.0
13166,Carrot Methi Pachadi (Recipe In Hindi),0.0
13167,"Kala Chana Salad Recipe With Carrots, Cucumber & Tomatoes",0.0
13168,Kesar Pista Lassi Recipe,0.0
13170,Carrot Methi Jowar Thepla Recipe,0.0
3470,Dum Ka Murgh (Lagan Ka Murgh) Recipe,0.0
13173,Mushroom Poha Cutlets Recipe,0.0
6146,Stuffed Potato Cutlet Recipe With Mint Mayo,0.0
13189,Chamadumpa Vepudu Recipe - Andhra Style Colocasia Stir Fry,0.0
13179,Oats And Coconut Dosa Recipe,0.0
3467,Goan Style Chana Dal Payasam Recipe,0.0
13182,Avocado Raita Recipe,0.0
13184,Spicy Potatoes and Lady's Finger Stir Fry (Recipe In Hindi),0.0
13185,Soft & Delicious Ragi Mudde Recipe - Karnataka Style Ragi Balls,0.0
13187,Sambar Rice Recipe - South Indian Sambar Rice (Recipe),0.0
13165,Indian Chicken Keema Sliders Recipe,0.0
13164,Chow Chow Verkadalai Masala Curry Recipe - Chayote Peanut Poriyal Recipe,0.0
13162,Doddapatre Tambuli Recipe (Karpooravalli Thayir Pachadi),0.0
13161,Baked Beans Potato Chaat Recipe - Aloo Chaat Recipe With Baked Beans,0.0
13160,Paan Gulkand Sharbat Recipe,0.0
13159,Vazhaipoo Podimas Recipe - Banana Flower Poriyal/ Sabzi,0.0
13158,Pazhutha Manga Pachadi Recipe - Kerala Style Ripe Mango Curry,0.0
13156,Sweet & Spicy Coriander Tadka Raita (Recipe In Hindi),0.0
13155,Nadan Meen Kari Recipe (Kerala Style Fish Curry),0.0
13154,Parwal Masala Recipe - No Onion No Garlic Recipe,0.0
13153,Stuffed Mooli Paratha Recipe With Radish Greens,0.0
3471,Telangana Style Barada Palya Recipe - Chana Dal Dry Sabzi,0.0
13148,Oats Uppu Kozhukattai Recipe,0.0
13146,Sugarcane Kheer Recipe - Sugarcane Kheer Recipe,0.0
13145,Bendekaayi Gojju (Lady Finger In Coconut Curry) Recipe,0.0
3472,Roasted Cauliflower (Recipe In Hindi),0.0
13143,Kerala Style Egg Roast Curry Recipe - Kerala Style Egg Roast Curry Recipe,0.0
3466,Raw Mango Raita,0.0
13193,Beetroot Halwa Recipe (With Vegan Option),0.0
13252,Atar Payesh Recipe (Sitaphal Kheer),0.0
3451,Sukhi Aloo Sabzi (Recipe In Hindi),0.0
13224,Kashmiri Dahi Baingan Recipe - Kashmiri Dahi Baingan Recipe,0.0
13226,Kumro Patai Ilish Paturi Recipe - Hilsa Fish In Pumpkin Leaves,0.0
13227,Pudalangai Thogayal Recipe (Snake Gourd Chutney Recipe),0.0
13232,Rajasthani Dal Muthia Recipe,0.0
3452,Chow Chow Thoran Recipe,0.0
13239,Manganem Recipe - Goan Style Chana Dal Payasam,0.0
13241,Rose Flavoured Golden Almond Milk Recipe - Badam Doodh,0.0
3464,Fruit Pachadi Recipe,0.0
13242,Dal Tadka Recipe - Dal Tadka Recipe Flavored With Lemon And Coriander,0.0
3450,Oats Unni Appam/ Nei Appam Recipe,0.0
13246,Bengali Style Cholar Dal Recipe,0.0
13248,Kaleji Ka Faal Recipe-Mutton Liver Pepper Fry,0.0
3449,Kavuni Arisi Payasam Recipe - Black Rice Kheer,0.0
3448,Pumpkin Dal with Garlic Tadka Recipe,0.0
3454,Uppu Seedai Recipe - Krishna Janmashtami | Gokulashtami,0.0
13222,Sakkare Achhu Recipe (Festive Sugar Figurines),0.0
13219,Mango Orange Recipe | Want semolina lighter | Mango Shir,0.0
3455,Calicut Payyoli Chicken Fry Recipe,0.0
13216,Okra Idli Recipe (Ladyfinger Idli),0.0
13215,Kerala Style Beetroot Pachadi (Recipe In Hindi),0.0
13214,Coconut Coconut Chili Powder Recipe - Mr. Coconut Chutney Bodi,0.0
3457,Beans Karam Recipe (Beans Curry),0.0
13210,Dondakkai Puli Curry Recipe,0.0
13208,Puli Koozh Recipe - Rice Flour Porridge In Tamarind,0.0
3461,No Onion No Garlic Raw Tomato Curry (Recipe In Hindi),0.0
13204,Thecha Paniyaram Recipe,0.0
13203,Zafrani Mawa Cake Recipe (Saffron Flavored Milk Cake),0.0
13201,Garlic And Pepper Mushroom Stir Fry Recipe,0.0
13200,Tomato Quinoa Recipe - With A South Indian Twist,0.0
13199,Palak Puri Recipe,0.0
13197,Namak Para Recipe (Deep Fried Biscuits),0.0
3590,Perum Payaru Theeyal Recipe (Kerala Style Black Eyed Bean Curry),0.0
12903,Vendakkai Varuval Recipe - Tamil Nadu Style Okra Stir Fry,0.0
3591,Strawberry And Sooji Halwa Recipe,0.0
12594,Golden Turmeric Almond Saffron Milk Shot Recipe,0.0
12583,Dhaba Style Egg Curry,0.0
3708,Eggplant In Mustard Poppy Seed Yogurt Gravy Recipe-Begun Doi Sorse Posto bata Jhol,0.0
3706,Gujarati Vaghareli Mag (Recipe in Hindi),0.0
12589,Puli Keerai (Recipe In Hindi),0.0
12590,Palak Kadhi Recipe,0.0
3704,Thatte Idli Recipe,0.0
12595,Suran Moongphali Curry Recipe (Yam/Jimikand Curry with Peanuts),0.0
3711,Alu Vadi Or Patrode Recipe - Maharashtrian Snack With Colocasia Leaves,0.0
12597,Calcutta Style Chicken Biryani Recipe,0.0
12598,Sprouted Methi & Kachha Aam Salad Recipe,0.0
12601,Quick Prawn Tikka Masala Recipe,0.0
3702,Karwar Style Dali Ambat Ani Maska Sang Recipe-Toor Dal & Drumsticks Pod Curry,0.0
3701,Karwar Style Kelya Sasav Recipe-Ripened Banana Relish,0.0
3700,Kothamalli Kozhukattai (Coriander Rice) Recipe,0.0
12582,Raw Mango Cucumber Salad Recipe with Roasted Peanuts,0.0
3712,Mozzarella Stuffed Potato Balls Recipe,0.0
12898,Sweet Potato & Neem Leaves Vegetable Curry (Recipe in Hindi),0.0
12567,Vazhakkai Poriyal Recipe - Raw banana Roast With Pepper,0.0
12558,Plain Dalia Recipe- How To Cook Broken Wheat In Pressure Cooker,0.0
12559,Bhagar Recipe - Maharashtrian Style Spicy Barnyard Millet Pulao,0.0
3720,Mysore Rasam Recipe,0.0
12562,Homemade Rice Puttu Recipe | Kerala Matta Rice or Basmati Rice,0.0
12564,Vegetarian Shami Kebab Recipe (Chane Ke Kebab),0.0
12566,Medu Vada Recipe (Traditional Fried Urad Dal Vada Using Vada Maker),0.0
12568,Godhumai Idli Recipe (Instant Whole Wheat Flour Idli),0.0
12579,Andhra Style Karivepaku Pachadi Recipe (Curry Leaf Chutney Recipe),0.0
12570,Habshi Halwa Recipe,0.0
12572,Moong Dal Idli & Dosa Batter Recipe,0.0
12573,Khajur Satori Recipe (Dates Flatbread),0.0
12576,Oats Ven Pongal (Recipe In Hindi),0.0
3713,Konkani Style Phanna Doddak Recipe-Tempered Dosa Recipe,0.0
12578,Green Chutney Recipe,0.0
3697,Sookha Bhujia Bhel Recipe,0.0
12610,Kaccha Kela Aur Bhindi Ki Sabzi Recipe,0.0
12611,Wheat Grass Rasam Recipe,0.0
3685,Brahmi Chutney Recipe,0.0
12639,Black Chana Masala (Recipe In Hindi),0.0
3687,Vegan Instant Coffee Recipe,0.0
12641,Dahi Suran Ki Kadhi Recipe,0.0
12643,Cheesy Aloo Paratha (Recipe In Hindi),0.0
12644,Atukula Ladoo Recipe - Sweetened Poha Energy Balls,0.0
12645,Apple Tea Latte Recipe,0.0
12647,Punjabi Sabut Moong Ki Dal Recipe,0.0
3695,Ratalu Ki Chutney Recipe - Yam Chutney Recipe,0.0
12648,"Raw Papaya, Apple & Carrot Salad Recipe",0.0
3684,Veg Chilli Milli (Recipe In Hindi),0.0
12651,Rajma Galouti Kebab Recipe,0.0
12653,Kela Methi Bhajiya Recipe,0.0
12658,Paneer Butter Masala (Recipe In Hindi),0.0
12661,Karela Masala Sabzi (Recipe In Hindi),0.0
12638,Goan Mackerel Curry (Bangdyache Hooman) Recipe,0.0
12637,Oriya Kakharu Phula Bhaja Recipe (Pumpkin Flower Fritters),0.0
12634,Garlic Kheer (Recipe In Hindi),0.0
3692,Coconut Peanut Chutney (Recipe In Hindi),0.0
12632,Dahi Gujiya Recipe,0.0
12631,No Onion No Garlic Rajasthani Gatte Ki Kadhi Recipe,0.0
12630,Pineapple Kesari Bhath Recipe - Sweet Semolina Pudding,0.0
12628,"Bengali Style Tomato Khejur Er Chaatni (Tomato, Cranberry and Dates Chutney )Recipe",0.0
12626,Masala Chai Kulfi Recipe With Bourbon Chocolate Syrup,0.0
3693,Moong Dal Ke Kebab Recipe,0.0
12623,Andhra Style Paruppu Podi Recipe - Dal Podi,0.0
3694,Milagu Ven Pongal Recipe Made With Figaro Olive Oil,0.0
12620,Knol Khol Flavored With Asafoetida (Recipe In Hindi),0.0
12619,Val Papdi Bhaji Recipe - Goan Style Flat Beans Dry Sabzi,0.0
12618,Andhra Style Kandi Pachadi (Recipe In Hindi),0.0
12616,Thengai Poornam Kozhukattai & Uppu Kozhukattai Recipe,0.0
12615,Jhurre Jhule Aloo Bhaja Recipe,0.0
3721,Sabji Shikanji Recipe - Chia Seeds Shikanji,0.0
12551,Mango Rice Recipe,0.0
12549,Moong Dal Ke Kebab Recipe - Moong Dal Kebab Recipe,0.0
12475,Uttarakhand Mooli Thechua Recipe - Uttarakhand Mooli Thechua Recipe,0.0
12461,Masoor Dal And Palak Khichdi Recipe,0.0
12463,Sweet Dashami Recipe (Maharashtrian Flatbread Made With Wheat Flour & Sugarcane Juice),0.0
3755,Garlic And Pepper Mushroom Stir Fry Recipe,0.0
12467,Homemade Mysore Pak Recipe | Traditional Recipe Made With Ghee,0.0
12469,Aloo Gobhi Matar Ki Sabzi (Recipe In Hindi),0.0
12473,Apple Pie Ice Cream Recipe,0.0
12476,Pumpkin Coconut Ladoo (Recipe In Hindi),0.0
12491,Bengali Aam Chingri Recipe - Prawn Mango Curry In Mustard Sauce,0.0
3749,Baked Beans & Potatoes Chaat Recipe,0.0
12482,Pudalangai Priya Recipe - Pudalangai Poriyal Recipe,0.0
12483,Foxtail Millet Nippattu Recipe,0.0
12484,Beetroot Soup Recipe - Indian Style Beetroot Soup Recipe,0.0
12485,Makhana Moongphali Kadhi With Samvat Rice Recipe,0.0
3746,Hariyali Mutton Curry Recipe,0.0
12460,Methi Matar Pulao Recipe - Fenugreek Green Peas Pulao,0.0
12459,Red Chilli and Tomato Khichdi Recipe - Red Chilli and Tomato Pachadi (Recipe In Hindi),0.0
12458,Patta Gobi Sabzi Recipe - Cabbage Tomato Sabzi,0.0
3756,Ambade Kaarle Lonche Recipe - Hog Plums & Bitter Gourd Pickle,0.0
3757,Kashmiri Dahi Baingan Recipe,0.0
12454,Nagli Rao Upma Recipe - Healthy Ragi Rao Upma Recipe,0.0
12452,Chiba Dhokli Recipe,0.0
3758,Rice Pudding Recipe (Bengali Style Rice Pudding),0.0
12449,Ram Ladoo Recipe,0.0
3760,Stir Fried Carrot And Green Beans Recipe,0.0
3761,Mahali Kizhangu Thayir Urugaai Recipe (Mahali Root Curd Pickle),0.0
12446,Rajasthani Badi Ki Vegetable Recipe - Rajasthani Badi Ki Sabzi (Recipe In Hindi),0.0
3764,Andhra Style Vankaya Kothimeera Karam Koora Recipe,0.0
12443,Curd Rice Recipe With Mint Flavour,0.0
12441,Kolhapuri Khanda Lasun Masala Spice Mix Recipe,0.0
12439,No Onion No Garlic Black Eyed Beans Curry Recipe,0.0
12438,Up to Rice Pongal Recipe -Kodo Millet Pongal,0.0
12490,Bharwa Besan Mirch Recipe - Bharwa Besan Mirch Recipe,0.0
3745,Kerala Style Egg Cashew Curry Recipe,0.0
12543,Sweet Peas Porridge Recipe | Confirmation site Borridge,0.0
3737,Khajoor Imli Ki Chutney With Panch Phoran Masala Recipe,0.0
3739,Field Thepla Recipe,0.0
12522,Ambe Dal Recipe - Maharashtrian Salad with Raw Mango & Chana Dal,0.0
12523,Nongu Pal Recipe - Nongu Paal Recipe,0.0
3738,Creamy and Delicious Fruit Custard Recipe,0.0
12525,Curd Jantikalu Recipe - Crispy Curd Snacks,0.0
12526,Roasted Peanut & Fried Gram Chikki Recipe,0.0
12530,Spicy Tomato Uttapam With Garlic Recipe,0.0
12493,Dal Chawal/ Paruppu Sadam -Baby & Toddler Recipe above 10 months,0.0
12532,Choco Badam Barfi / Choco Almond Fudge Recipe,0.0
12533,Chana dal and fenugreek vegetable recipe,0.0
12534,Kollu Thogayal Recipe (Horsegram Chutney),0.0
3724,Maharashtrian Narali Bhaat Recipe (Sweetened Coconut Rice),0.0
12538,Creamy Kulfi Kebab Recipe With Tandoori Mayo Recipe,0.0
3723,Homemade Butter Naan Recipe - Soft Yogurt Bread,0.0
12517,Corn and Onion Raita (Recipe in Hindi),0.0
12516,Maharastrian Kairichi Amti Recipe - Raw Mango Curry Recipe,0.0
12513,Climb Broth Recipe | Two Tamarind Broth | Bearing Coconut Surrey,0.0
12512,Aloo Tamatari (Recipe In Hindi),0.0
3740,"Green Peas, Potato and Paneer Tikki Recipe",0.0
12509,Protein Rich Soy Dosa Recipe,0.0
12508,Curd Oats Recipe,0.0
12507,Potato Stir Fry (Recipe In Hindi),0.0
12505,Cucumber Pineapple Raw Mango Salad Recipe,0.0
12504,Milagu Jeera Sadam Recipe - Milagu Jeera Sadam,0.0
12503,Gujarati Khichu Recipe - Steamed Rice Flour Savory Donuts,0.0
3743,Aloo Kulcha Recipe (Spiced Potato Stuffed Indian Flat Bread),0.0
12501,Nariyal Ki Kheer Recipe - Coconut Pudding,0.0
12500,Sweet & Spicy Amla Chutney Recipe,0.0
12499,Coriander Chicken Roast Recipe,0.0
12498,Bhagara Peetha Recipe - Baghara Pitha,0.0
12494,Sour-Sweet Mango Marmalade Recipe,0.0
3681,Raw Banana and Bhendi Vegetable Recipe - Raw Banana & Ladies Finger Stir Fry,0.0
3678,Pitor Ki Sabzi Recipe,0.0
3677,Beetroot Carrot Radish Salad Recipe - Radish & Beetroot Salad,0.0
3612,Verusenaga Sambar Recipe,0.0
12820,Carrot Poriyal Recipe - Steamed Carrot Stir Fry,0.0
12821,Palak Gobi Sabzi (Recipe In Hindi),0.0
3614,Oriya Style Rice Kheer (Recipe In Hindi),0.0
12824,Ammini Kozhukattai (Rice Flour Dumplings) Recipe,0.0
12826,Baked Mathri Recipe (Non Fried Tea Time Snack),0.0
12827,Walnut Burfi Recipe - Akhrot Barfi,0.0
12829,Gawarphali Ki Sabzi Recipe -Cluster Beans Sabzi,0.0
12839,Baingan/Eggplant Pakora Recipe,0.0
12831,Bharma Baingan Ki Sabzi Recipe - Spicy Stuffed Brinjals,0.0
12832,Dry Fruits Meetha Paneer Paratha Recipe,0.0
12833,Paniyaram Muttai Masala Recipe - Spicy Egg Curry Made In Paniyaram Pan,0.0
12835,Corn And Drumstick Leaves Salad Recipe,0.0
12836,Mango Pulusu Recipe - Mamidi Pandu Pulusu Recipe,0.0
12837,Karwar Style Dali Thoy Recipe - Toor dal Curry,0.0
12818,Kashmiri Kulith Ki Dal Recipe - Horse Gram Dal Recipe,0.0
3619,Choto Aloor Dum Recipe,0.0
3620,Sago Kheer Recipe - Tapioca Milk Pudding,0.0
12811,Kathirikai Rasavangi Recipe - Eggplant is a Tangy Coconut Gravy,0.0
12810,Bharwa Karela (Recipe In Hindi),0.0
12808,Coriander Potato Recipe - Dhania Wale Aloo,0.0
3621,Sattu's Salted Sorbet Recipe,0.0
12806,Buckwheat Corn Dhokla Recipe,0.0
3624,Gujarati Kadhi With Milk And Mint Recipe,0.0
3625,Kothu Kari Kuzhambu Recipe - Mutton Keema Curry,0.0
12801,Bhindi Raita (Recipe In Hindi),0.0
12799,Nawabi Paneer Curry Recipe,0.0
12798,Konkani Style Vaingana Kaap Recipe - Shallow Fried Eggplant With Semolina,0.0
12797,Rava Fried Prawns Recipe,0.0
3627,Thandai Mousse Recipe,0.0
12790,Gajar Amla Raita Recipe - Carrot Gooseberry Raita Recipe,0.0
3629,Kheer Puli Pitha | Bengali Pitha Recipe,0.0
12838,Spiced Rajma Pulao Recipe,0.0
12843,Kerala Style Cauliflower Kurma (Recipe In Hindi),0.0
3630,Kashmiri Kesar Pulao Recipe,0.0
12885,Gujarati Kachariyu Recipe - Spiced Sesame And Coconut Ladoos,0.0
3594,Panjiri Ladoo (Recipe In Hindi),0.0
12877,Sprouted Green Gram Kosambari Recipe- With Pomegranates,0.0
12878,Jackfruit Seed Modak Recipe,0.0
12879,Whole Wheat Masala Papdi Recipe / Kadak Puri Recipe,0.0
12880,Vazaithandu Neer Mor Recipe - Plantain Stem Buttermilk,0.0
12881,Maharashtrian Aloo Bhujne (Recipe In Hindi),0.0
12886,Vazhakkai Milagu Kootu Recipe - Plantains Pepper Curry,0.0
12844,Tofu & Capsicum Paratha Recipe (Stuffed Tofu Flatbread),0.0
12887,Mughlai Bhindi Recipe,0.0
3593,Kollu Rasam Recipe - Healthy Horse Gram Rasam,0.0
12892,Chukku Copy Recipe - Dry Ginger Coffee Recipe,0.0
12893,Gutti Vankaya Recipe - Andhra Style Stuffed Brinjal,0.0
12895,Kashmiri Kesar Pulao - Saffron Fennel Rice Recipe,0.0
3592,Kathiyawadi Stuffed Onion Recipe,0.0
12874,Kerala Pumpkin Pachadi Recipe (Parangikai Pachadi),0.0
12873,Gil-E-Firdaus Recipe (Creamy & Sweet Bottlegourd Pudding),0.0
12869,Maharastrian Bhadang Recipe,0.0
12867,Homemade Soft Idli (Recipe In Hindi),0.0
12865,Kerala Style Kappa Ulathiyathu Recipe - Tapioca Stir Fry Recipe,0.0
12864,Nuchinunde / Nucchina Unde Recipe -Karnataka Style Dal Steamed Pakora,0.0
12861,Spicy Yogurt Chapati/Roti Recipe,0.0
12860,Sajjappa Recipe (Stuffed Sweetened Coconut Pastry),0.0
12858,Pineapple Mawa Delight Recipe,0.0
12857,Angoori Rasmalai Recipe,0.0
3603,Gujarati Tawa Handvo Recipe With Sweet Corn,0.0
3605,Green Chilli Pickle Recipe (Gujarati Raiwala Marcha),0.0
12852,Makhan Bada Recipe,0.0
12849,Dahi Wali Singhare Ki Sabzi Recipe,0.0
12848,Badami Paneer Masala Recipe -Paneer In Almond Gravy,0.0
3609,Rajasthani Hari Mirch Ka Maas Recipe,0.0
12845,Kerala Style Chakka Adai Recipe-Rice Flour and Jackfruit Flatbread,0.0
12787,Peter's Vegetable Recipe,0.0
12783,Tawa Paratha Recipe - Plain Paratha,0.0
12668,Aloo Broccoli Sabzi (Recipe in Hindi),0.0
12716,Grated Cucumber Raita Recipe,0.0
12708,Matar Ajwain Ki Puri (Recipe In Hindi),0.0
12710,Lucknowi Murgh Biryani Recipe - Awadhi Style Chicken Biryani,0.0
12711,Roasted Colocasia Stir Fry With Ajwain (Recipe In Hindi),0.0
12713,Warqi Paratha Recipe,0.0
12714,Bengali Sita Bhog Recipe,0.0
12715,Dal Shorba Recipe,0.0
3660,Awadh Style Bakarkhani Roti Recipe ( Thick Spiced Flatbread Recipe ),0.0
12728,Paneer Bread Balls Recipe -Cottage Cheese & Bread Croquettes,0.0
12719,Yellow Cucumber Pachadi (Recipe In Hindi),0.0
12720,Kurukku Kaalan Recipe,0.0
12722,Oriya Mitha Dali (Recipe In Hindi),0.0
12723,Sweet Pretzels Recipe - Bhonge Ladoo,0.0
12725,Masoor Dal Aur Rajma Masala Recipe,0.0
3656,Kerala style drumstick spinach pose recipe,0.0
12706,Egg Masoor Dal (Recipe In Hindi),0.0
12704,Karnataka Style Bendekayi Gojju - Kayirasa Recipe,0.0
3661,Instant Baked Potato Tikki Recipe - Instant Baked Aloo Tikki Recipe,0.0
3666,Bengali Style Cholar Dal Recipe,0.0
3672,Saunf Wali Hari Gobi Sabzi (Recipe In Hindi),0.0
12695,Ginger Lemon Black Tea Recipe,0.0
12692,"Guilt-free Amaranth, Dates and Almond Ladoo Recipe",0.0
12691,Turmeric Latte Recipe,0.0
12689,Rajasthani Chawla Dhokla Recipe,0.0
12686,South Indian Rice and Lentil Pudding (Recipe In Hindi),0.0
3675,Chocolate Flavoured 7 Cup Burfi Recipe,0.0
12680,Spiced Kumbh Pulao Recipe,0.0
12677,Mughlai Aloo Matar Gobi (Recipe In Hindi),0.0
12674,Aloo Beetroot and Baby Corn Mixed Sabzi Recipe,0.0
12672,Village Style Pepper Rasam (Recipe In Hindi),0.0
12670,Wheat Ladoo With Jaggery Recipe,0.0
12669,Goan Style Dhayanche Fov Recipe (Curd Poha Recipe),0.0
12727,"Sweet Corn, Methi & Tomato Rice Recipe",0.0
12729,Sandah Guri Recipe (Assamese Roasted Rice Flour Porridge),0.0
12781,Lemon Juice Recipe - Lemon Saaru Recipe,0.0
12772,Khatta Meetha Petha Recipe,0.0
12764,Chenna Poda Recipe,0.0
12767,Aval Puttu Recipe,0.0
3636,Lauki Aloo Sabzi (Recipe In Hindi),0.0
12769,Besan Aur Dahi Wali Kacche Kele Ki Sabzi Recipe,0.0
3635,Saffron Milk Pudding Recipe,0.0
12771,Kashmiri Style Tamatar Chaman Recipe -Paneer Cooked With Tomatoes,0.0
12773,Green Moong Dal And Vegetable Idli Recipe,0.0
12730,Aloo Chana In Mint Coriander Gravy Recipe,0.0
12775,Urad Ki Sukhi Dal (Recipe In Hindi),0.0
3634,Buckwheat Cracker Recipe,0.0
12777,Foxtail Millet Rava Idli (Recipe In Hindi),0.0
12778,Orange Rasmalai Recipe (Indian Cottage Cheese Pudding),0.0
12779,Lal Mas Biryani Recipe - Laal Maas Biryani Recipe,0.0
3631,Aratikaya Masala Pulusu Recipe - Raw Banana Stir Fry,0.0
3639,Mamidikaya Nuvvula Pachadi Recipe - Raw Mango Til Chutney Recipe,0.0
12760,Ripe Mango Pachadi Recipe - Ripe Mambazha Curry Recipe,0.0
12757,Vegan Jackfruit Ice Cream Recipe With Coconut Milk,0.0
12756,Aam Chunda Pickle Recipe - Gujarati Mango Chunda Recipe,0.0
12753,Ellu Sadam Recipe - Sesame Rice,0.0
12751,Methi Lachha Paratha Recipe,0.0
3641,Snake Gourd Salan Recipe (Snake Gourd Cooked In Tangy Spicy Peanut Sesame Curry),0.0
12748,Dahi Methi Puri Recipe - Fangrik Layaves Puri with Yogyurat,0.0
12746,Bengali Style Basanti Pulao Recipe,0.0
12745,Carrot Cauliflower Peas Sabzi Recipe - Carrot Cabbage Pea Vegetable Recipe,0.0
3643,Gojju Avalakki Recipe - Puli Aval,0.0
3646,Matta Rice Peas Pulao Recipe - Matta Rice Peas Pulao,0.0
12739,Broccoli Capsicum Junka Recipe - Broccoli & Bell Pepper Zunka (Recipe In Hindi),0.0
3647,Broccoli Peanut Oats Tikki Recipe,0.0
12734,Chettinad Sura Meen Kuzhambu Recipe (Shark Fish Curry),0.0
3655,Potoler Dolma Recipe - Potoler Dolma Recipe,0.0
12731,Urad dal vada recipe - urad dal vada recipe,0.0
11519,Mysore Chutney Recipe,0.0
11518,Maharashtrian Goda Masala Powder Recipe,0.0
11517,KhiraSaku ( Odiya Style Rice Pan Cake) Recipe,0.0
10031,Pumpkin Halwa (Kaddu Ka Halwa) Recipe,0.0
10022,Andhra Red Chilli Chutney Recipe,0.0
4701,खट्टी मीठी टमाटर की चटनी रेसिपी - Sweet and Spicy Tomato Chutney (Recipe In Hindi),0.0
4700,अदरक अखरोट चटनी रेसिपी - Ginger Walnut Chutney (Recipe In Hindi),0.0
10027,Orange Kulfi Recipe In Orange Shells,0.0
4699,रेड चिल्ली नारियल चटनी रेसिपी - Red Chilli Coconut Chutney (Recipe In Hindi),0.0
4698,कर्नाटका स्टाइल मूलांगी चटनी रेसिपी - Karnataka Style Moolangi Chutney (Recipe In Hindi),0.0
4697,Kumbakonam Filter Coffee Recipe,0.0
4703,मटर अजवाइन की पूरी रेसिपी - Matar Ajwain Ki Puri (Recipe In Hindi),0.0
4696,Bellada Coffee Recipe With Milk (Karnataka Style Filter Coffee With Jaggery),0.0
10037,Masala Chaas Recipe,0.0
10038,Karnataka Style Harive Soppu Bendi Recipe (Amaranth Leaves Cooked in Coconut Broth),0.0
10039,Matar Masala Recipe,0.0
10040,Pesara Pappu Pulusu Recipe,0.0
4693,पापड़ की सब्ज़ी रेसिपी - Papad Ki Sabzi (Recipe In Hindi),0.0
4702,फुल्का रेसिपी - Phulka (Recipe In Hindi),0.0
4706,केरला कडला करी रेसिपी - Kerala Kadala Curry (Recipe In Hindi),0.0
4670,Dahi Gujiya Recipe,0.0
10007,Bhoplyache Gharge Recipe (Maharashtrian Style Sweet Pumpkin Puris),0.0
4725,Thengai Sadam Recipe (A Quick and Healthy Coconut Rice),0.0
9999,Kathal Biryani Recipe- Raw Jackfruit Biryani Topped with Caramelised Onions,0.0
4724,सेनाइ पचड़ी रेसिपी - Elephant Yam Raita (Recipe In Hindi),0.0
4723,तिल और मूंगफली वाले आलू रेसिपी - Sesame Peanut Potato (Recipe In Hindi),0.0
4722,काया थोली थोरन रेसिपी - Raw Banana Thoran (Recipe In Hindi),0.0
10005,Instant Garlic Pickle Recipe,0.0
10008,Little Millet Pudding Recipe- Kootiki / Sama Pudding,0.0
10017,Maharashtrian Style Kakdichi Amti (Cucumber Gravy Recipe),0.0
4721,तुरई पचड़ी रेसिपी - Ridge Gourd Pachadi (Recipe In Hindi),0.0
10011,Gulab Jamun Recipe With Khoya,0.0
4719,हैदराबादी शाही मिक्स्ड वेजिटेबल करी रेसिपी - Hyderabadi Shahi Mixed Vegetable Curry (Recipe In Hindi),0.0
4718,ओरिया दालमा रेसिपी - Oriya Special Dalma (Recipe In Hindi),0.0
4715,भिंडी मसाला करी रेसिपी - Bhindi Masala Curry (Recipe In Hindi),0.0
10016,No Onion And No Garlic Aloo Gajar Matar Ki Sabzi Recipe,0.0
4691,Kavuni Arisi Paniyaram Recipe (Black Rice Paniyaram Recipe),0.0
4688,बूंदी और हरे प्याज की सब्ज़ी रेसिपी - Boondi And Spring Onion Greens Sabzi (Recipe in Hindi),0.0
4686,मूली के पत्तो का पोरियल रेसिपी - South Indian Style Radish Greens Stir Fry (Recipe In Hindi),0.0
4674,भरमा बैंगन और प्याज की सब्ज़ी रेसिपी - Bharma Baingan Aur Pyaaz Ki Sabzi (Recipe In Hindi),0.0
4677,दही सुरन की सब्ज़ी रेसिपी - Dahi Suran Ki Sabzi (Recipe In Hindi),0.0
4676,तमिल नाडु स्टाइल आलू मसियल रेसिपी - Tamil Nadu Style Potato Masiyal (Recipe In Hindi),0.0
10077,Rajasthani Kadhi Recipe,0.0
4675,सरसों वाली आलू भिंडी की सब्ज़ी रेसिपी - Aloo Bhindi (Recipe In Hindi),0.0
10080,Egg Kothu Paratha Recipe,0.0
10081,Moru Kachiyathu Recipe - Kerala Style Seasoned Buttermilk,0.0
4673,Karigadabu – Karnataka Style Karanji/ Gujiya recipe,0.0
10047,Vadyancho Ross Recipe (Ash Gourd Chips Curry),0.0
10087,Baked Jaggery Rasgulla Recipe,0.0
4672,Spinach & Cheese Gujiya Recipe,0.0
10090,"Gujarati Badshahi Pulao Recipe - A Rich Preparation Of Rice, Vegetables, Nuts And Spices",0.0
10091,Homemade Sev Recipe - Gram Flour Vermicelli Snack,0.0
10092,Brinjal Capsicum Sabji (Recipe In Hindi),0.0
10096,Ayala Fish Fry Recipe,0.0
4679,केरला स्टाइल ओकरा थोरन रेसिपी - Kerala Style Vendakkai Thoran (Recipe In Hindi),0.0
10072,Rose Flavoured Shahi Tukda Recipe,0.0
10071,Crispy Oven Roasted Curried Chickpeas Recipe,0.0
4681,गोबी के कोफ्ते रेसिपी - Gobi Ke Kofte (Recipe In Hindi),0.0
10068,Kashmiri Paneer Gravy Recipe,0.0
10066,Pudina Buttermilk Recipe,0.0
10065,Watermelon Rasam Recipe,0.0
4682,चनार दालना रेसिपी - Chanar Dalna (Recipe In Hindi),0.0
10063,Nankhatai Recipe - A Spiced Eggless Indian Cookie,0.0
4683,अमरंथ कीरई पोरियल रेसिपी - South Indian Amaranth Stir Fry (Recipe In Hindi),0.0
4684,ब्रोकली और आलू पोरियल रेसिपी - Broccoli And Aloo Poriyal Recipe (Recipe In Hindi),0.0
10060,Paneer Biryani Recipe,0.0
4685,आंध्रा स्टाइल टमाटी पचड़ी रेसिपी - Andhra Style Tamati Pachadi (Recipe In Hindi),0.0
10058,Cheese Garlic Naan Recipe,0.0
10053,Tamatar Gosht Recipe-Mutton In Tomato Curry,0.0
10049,Spicy Potato Roast Recipe (Recipe In Hindi),0.0
10048,Kadale Chutney Recipe - Fried Gram Chutney,0.0
9997,No Onion No Garlic Aloo Gajar Ki Sabzi (Recipe in Hindi),0.0
9996,Cabbage Thoran / Poriyal Recipe - Cabbage Thoran Recipe,0.0
9995,Iyengar Bakery Khara Biscuit Recipe,0.0
9920,Nolen Chawal Bhog Recipe (Rice Pudding With Nolen Jaggery),0.0
9912,Baked Banana Chips Recipe,0.0
9913,Tamil Nadu Style Pulses Broth Recipe - Fruit Lentil Surri,0.0
9914,Easy Sabudana Vada With Arrowroot Powder Recipe,0.0
9915,Andhra Style Pulihora Recipe (Spicy & Tangy Tamarind Rice),0.0
9916,Chocolate And Semolina Halwa Recipe,0.0
9919,Raw Mango Coconut Chutney Recipe,0.0
9921,Makhana Aloo Tikki Recipe (Spiced Lotus Seed Patties Recipe),0.0
4750,Kara Sevai Recipe (Lemon Vermicelli),0.0
9922,Peanut Chutney Podi Recipe,0.0
9923,Chicken Pasanda Recipe,0.0
9925,Hariyali Chicken Tikka Recipe,0.0
9928,Semma Rice Coconut Milk Sauce Recipe- Red Rice Sauce,0.0
9929,Badam Milk Recipe - Almond Milk,0.0
9931,Andhra Style Urlugadda Munagakaya Charu Recipe - Potato And Drumstick Gravy,0.0
9910,Broccoli Paneer and Peanut Masala Recipe - Broccoli Paneer and Peanut Masala (Recipe in Hindi),0.0
9909,Maharashtrian Style Dashmi Roti Recipe (Jaggery Flatbread),0.0
4752,Mixed Vegetable Poricha Kootu Recipe (Steamed Vegetable in Coconut and Lentil Curry),0.0
9907,Badam Sharbat Recipe - Almond Milk With Nuts & Spices,0.0
9906,Soya Keema Masala Recipe,0.0
9905,Methi Matar Pulao (Recipe In Hindi),0.0
9904,Chicken Malai Kabab Recipe,0.0
9901,Goan Style Baby / Baby / Baby Recipe,0.0
9900,Moong Dal Sookhi Sabzi (Recipe In Hindi),0.0
9899,Homemade Soft Idli Recipe - Steamed Rice and Lentil Cake,0.0
9898,Red Poha And Flax Seeds Ladoo Recipe,0.0
4756,Ragi Or Finger Millet Powder/ Malt Recipe for Babies 6 Months & Above,0.0
4757,Buttered Peas Puree Recipe For Babies Above 6 months,0.0
9893,Recipe - Vegetables in Coconut Gravy,0.0
9892,Mooli Ki Sabzi (Recipe In Hindi),0.0
9891,Fenugreek salt pare recipe,0.0
9890,Millet Pumpkin Bread Recipe - Millet Pumpkin Bread Recipe,0.0
9932,Shredded Mutton With Caramelized Onions Recipe,0.0
9936,Sweet Potato Sabzi Recipe,0.0
9992,Andhra Steel Kandi Attu Recipe (Tour Dal Dosa Recipe),0.0
4727,छोटो आलूर दम रेसिपी - Choto Aloor Dum (Recipe In Hindi),0.0
4735,परुप्पू रसम रेसिपी - Paruppu Rasam (Recipe In Hindi),0.0
4732,वेपम पु रसम रेसिपी - Neem Flower Rasam (Recipe In Hindi),0.0
4731,Papitha Nu Shaak Recipe (Raw Green Papaya Sabzi),0.0
4730,मूंग दाल तड़का रेसिपी - Moong Dal Tadka (Recipe In Hindi),0.0
9977,North Indian Sooji Halwa Recipe,0.0
4729,Beetroot Thoran Recipe,0.0
9982,High-Protein Peanut Chutney Recipe-Indian Style Peanut Chutney Without Coconut,0.0
9938,Achappam Recipe | Kerala Style Fried Rose Cookies,0.0
9983,Delicious Methi Chicken Curry - Murgh Methi Curry Recipe,0.0
9985,Mustard Green Chilli Pickle Recipe,0.0
9986,Easy Homemade Sugar Free Dates Flavored Yogurt Recipe,0.0
9988,Orange Peel Kuzhambu Recipe - Orange Peel Tamarind Based Curry,0.0
4726,Methi Thalipeeth Recipe (Fresh Fenugreek Leaves Flat Bread),0.0
9991,Poliyodharai / Puliyogare Recipe (using Millets),0.0
9969,Niramish Aloo Dum Sabzi (Recipe in Hindi),0.0
4736,मिलागु रसम रेसिपी - Village Style Pepper Rasam (Recipe In Hindi),0.0
4737,शिमला मिर्च मसाला पोरियल रेसिपी - Capsicum Masala Poriyal (Recipe In Hindi),0.0
4738,गाजर संतरा अखरोट रायता रेसिपी - Carrot Orange Walnut Raita (Recipe In Hindi),0.0
9959,Ragi & Oats Rava Idli Recipe-Finger Millet and Oats Idli,0.0
9958,Motichoor Modak Recipe - Motichoor Modak (Recipe In Hindi),0.0
4741,Sweet Ulundhu Kanji Recipe | Urad Dal Porridge,0.0
9954,Pudina Moong Dal Recipe,0.0
4742,पालक पनीर पराठा रेसिपी - Palak Paneer Paratha (Recipe In Hindi),0.0
4743,Rajma Aloo Cutlet Recipe (Tikki/Patty),0.0
4744,गोबी बिरयानी रेसिपी - Gobi Biryani (Recipe In Hindi),0.0
4745,केल्याची भाजी रेसिपी - Raw Banana Stir Fry (Recipe In Hindi),0.0
9943,Senai Pachadi Recipe (Elephant or Raita),0.0
4749,Pineapple Chicken Tikka Recipe,0.0
9941,Khira Gaintha Recipe - Rice Dumplings In Sweetened Milk,0.0
9940,Vazhaipoo Vadai Recipe (Banana Flower Fried Savoury Snack),0.0
9939,Kerala Style Mutton Stew Recipe,0.0
4671,पंजाबी चना मसाला रेसिपी - Punjabi Chana Masala (Recipe In Hindi),0.0
10099,Cauliflower Fried Rice (Recipe In Hindi),0.0
10345,High Protein Soya Dosa Recipe,0.0
10261,Pan Fried Brussel Sprouts Recipe,0.0
10252,Gajar Ka Halwa (Recipe In Hindi),0.0
10253,Vepilakatti - Lime Leaves Pickle Recipe,0.0
10256,Singhare Atte Ka Halwa/Sheera Recipe (Water Chestnut Flour Halwa Recipe),0.0
10257,Gajar Vadi Recipe - Maharashtrian Style Steamed Carrot Dumplings,0.0
4621,Sabudana Khichdi Recipe With Vegetables (No Onion No Garlic Fasting/Vrat Recipes),0.0
10260,Phulka (Recipe In Hindi),0.0
10262,Kerala Style Jack Fruit Seeds Stir Fry (Recipe In Hindi),0.0
4623,सोया कीमा मसाला रेसिपी - Soya Keema Masala (Recipe In Hindi),0.0
10263,Vegetable Dal Pakora Recipe,0.0
4620,एग मसूर दाल रेसिपी - Egg Masoor Dal (Recipe In Hindi),0.0
10267,Paneer Stuffed Ragi Paratha Recipe - High Protein Breakfast,0.0
10268,Tangy Corn Tamatar Bharta (Recipe In Hindi),0.0
10270,Buttered Peas Puree Recipe For Babies Above 6 months,0.0
4618,Goan Mackerel Curry (Bangdyache Hooman) Recipe,0.0
10251,Bhaji Miligai And Baby Potato Fry Recipe,0.0
10248,Stuffed Karela With Aloo Recipe,0.0
10103,Beetroot Stew with Coconut Milk Recipe (With a South Indian Flavor),0.0
4624,मटर कीमा रेसिपी - Matar Keema (Recipe In Hindi),0.0
10226,Bajri Methi Na Vada Recipe - Pearl Millet Flour Fritters,0.0
10227,Lauki Paratha Recipe - Bottle Gourd Flatbread,0.0
10228,Hunase Gojju Recipe,0.0
10230,No Onion No Garlic Aloo Makhana Sabzi (Recipe In Hindi),0.0
10232,Pumpkin Chapati Recipe,0.0
10233,Saffron Cream Milk Recipe,0.0
10235,Baingan Masala (Recipe In Hindi),0.0
10247,Palak Dhania Dosa (Recipe In Hindi),0.0
10237,Sprouted Ragi & Rajma Cutlets Recipe,0.0
10239,Carrot Capsicum Poriyal Recipe,0.0
10240,Paneer in White Gravy Recipe - No Onion No Garlic Recipe,0.0
10241,Thor Chal Recipe - Banana Stem Pulao Recipe,0.0
10245,Badam Halwa Recipe - Delicious Almond Halwa With Khoya,0.0
10246,Sweet Corn Poriyal (Recipe In Hindi),0.0
10274,Spinach And Paneer Samosa Recipe With Figaro Pure Olive Oil,0.0
10275,Carrot Puree Recipe - First Food For Babies,0.0
10278,Cranberry Whole Wheat Naan Recipe,0.0
10330,How to Cook Lentils (Dals/Pulses) in a Pressure Cooker,0.0
10317,Kathirikai Gotsu Recipe,0.0
4599,Corn Korma Recipe,0.0
10323,Chicken In Tomato Onion Gravy Recipe,0.0
10326,Chalimidi Recipe,0.0
10327,Cabbage Bhurji (Recipe In Hindi),0.0
10329,Tomato Onion Chutney Recipe With Coconut And Mint,0.0
4594,Udupi Style Heerekai Bajji Recipe-Ridge Gourd Fritters,0.0
4614,Kerala Style Kumbil Appam Recipe (Banana and Wheat Flour Dumpling),0.0
10332,Mor Milagai Recipe - South Indian Sun Dried Chillies,0.0
10334,Rajasthani Laal Maas Recipe-Mutton In Red Spicy Gravy,0.0
10336,Hariyali Paneer Tikka Masala Gravy Recipe -No Onion No Garlic Recipe,0.0
4593,Kothamalli Thovayal Recipe,0.0
4592,Tamil Nadu Style Potato Masiyal (Recipe In Hindi),0.0
4590,Ridge Gourd Chutney Recipe (Beerakaya Pachadi),0.0
10315,Instant Palkova Recipe (Milk Based Sweet Recipe),0.0
4600,South Indian Style Vazhaithandu Poriyal Recipe - Banana Stem Curry with No Onion and No Garlic,0.0
10307,Avarekalu Payasa Recipe - Broad Beans Payasa,0.0
4602,Khubani Ka Meetha Recipe (A Rich Hyderabadi Nawabi Dessert),0.0
10301,Thayir Vada Recipe (Spicy Fritter Soaked In Sweet Yogurt Recipe),0.0
4605,Hariyali Matar Recipe,0.0
4606,Matta Rice Peas Pulao Recipe,0.0
10297,Assamese Bilahir Tok Recipe,0.0
10296,Pohala Jhola Recipe (Pohala Fish Curry),0.0
4608,Chicken Cooked In Yogurt (Recipe In Hindi),0.0
4610,Verkadalai Sundal- Peanut Sundal Recipe,0.0
10291,Tamil Nadu Style Kothamali Aval Upma Recipe - Coriander Poha Recipe,0.0
10290,Whole Wheat Methi Garlic Naan Recipe | Oven Method with yeast,0.0
4611,Bharwa Parwal Sabzi Recipe -Stuffed Pointed Gourd Dry Vegetable,0.0
10284,Assamese Poita Bhat With Aloo Pitika Recipe,0.0
4613,बीटरूट पोरियल रेसिपी - Beetroot Poriyal (Recipe In Hindi),0.0
10282,Karnataka Style Badnekayi Mosaru Gojju Recipe,0.0
10224,Aloo Beans Sabzi Recipe - Potato & Beans Stir Fry,0.0
10223,Carrot Capsicum Poriyal Recipe,0.0
4625,कोल्लु रसम रेसिपी - Kollu Rasam (Recipe In Hindi),0.0
4659,दनयाचि आमटी रेसिपी - Maharashtrian Style Groundnut Curry (Recipe In Hindi),0.0
10139,Sweet Corn And Raw Mango Salad Recipe,0.0
10141,Maharastrian Style Bharli Bhindi Recipe - Stuffed Bhindi With Coconut,0.0
4661,Malpua With Rose And Saffron Syrup Recipe,0.0
4660,आल के कोफ्ते रेसिपी - Aal Ke Kofte (Recipe In Hindi),0.0
10146,Bitter gourd poriel recipe - Pavakkai Poriyal Recipe,0.0
10147,Bengali wash recipe,0.0
10150,Pudina Sooji & Oats Dhokla Recipe - Steamed Semolina Cake With Oats & Mint Leaves,0.0
4655,आंध्रा चमा डम्पा पुलुसु रेसिपी - Arbi With Sesame Tamarind Sauce (Recipe In Hindi),0.0
10151,Rajma and Corn Salad Recipe,0.0
10152,Bitter Gourd Chips Recipe,0.0
4658,Uttarakhand Style Black Gram Chainsoo Recipe,0.0
10156,Moolangi Tovve Recipe - Radish Curry,0.0
4657,केरला स्टाइल वेदक्कै उप्पादन रेसिपी - Okra Curry Without Coconut (Recipe In Hindi),0.0
10158,Carrot And Broccoli Poriyal Recipe,0.0
4662,Malpua Recipe with Rabri (A Spiced Indian Pancake with Milk Pudding),0.0
4665,लेमनग्रास कोकोनट राइस रेसिपी - Lemongrass Coconut Rice (Recipe In Hindi),0.0
10135,Bitter Gourd Peel Puri Recipe,0.0
10134,Chow Chow Milagu Kootu Recipe-Chayote Squash Cooked in Peppery Lentil Curry,0.0
10132,Parwal Ki Mithai Recipe -Pointed Gourd Sweet,0.0
4666,थेंगाई सादम रेसिपी - Spiced Coconut Rice (Recipe in Hindi),0.0
10129,Bellada Coffee Recipe With Milk (Karnataka Style Filter Coffee With Jaggery),0.0
10128,Mulangi Thoran Recipe - Radish Stir Fry With Coconut,0.0
4667,Creamy Mango Kulfi Recipe With Cream Cheese,0.0
4668,गोअन मसूरची उसली रेसिपी - Goan Masoorchi Usali (Recipe In Hindi),0.0
10120,Pathare Prabhu Roath Recipe (Semolina Cake),0.0
10113,Panjiri Recipe - Healthy Punjabi Dry Fruit Snack,0.0
10112,Matar Poha (Recipe In Hindi),0.0
4669,पालक तम्बूली रेसिपी - Palak Tambuli (Recipe In Hindi),0.0
10110,Ridge Gourd Pachadi Recipe - Ridge Gourd Chutney,0.0
10108,Laal Maas Biryani Recipe,0.0
10105,Palak Puri Recipe (Crispy Spinach Puri Snack),0.0
10159,Cabbage & Buttermilk Curry Recipe,0.0
4654,वांगी भात रेसिपी - Vaangi Bhaat (Recipe In Hindi),0.0
10221,One Pot Tomato Rice Recipe Using Preethi Electric Pressure Cooker - Thakkali Sadam,0.0
10206,Vegan Godhi Payasa Recipe - Lapsi Kheer,0.0
4634,चमन कालिया रेसिपी - Chaman Qaliya (Recipe In Hindi),0.0
10196,Green Moong Dal Sundal Recipe,0.0
4633,Sweet and Sour Mangalore Cucumber Chutney Recipe,0.0
10200,Instant Oats Rava Idli Recipe,0.0
10201,Maharashtrian Style Farasbi Chi Bhaji Recipe - Beans Cooked With Peanuts,0.0
10203,Beetroot Carrot Raita Recipe,0.0
4629,Bhutte Ka Kees Recipe,0.0
10162,Ragi Onion Uttapam Recipe - Wholesome Breakfast Recipe,0.0
10209,Spiced Beetroot Buttermilk Recipe,0.0
10210,North East Khapse Recipe (Deep Fried Biscuits From Arunachal),0.0
4627,लहसुनि चकुंदर रसम रेसिपी - Beetroot Garlic Lemon Rasam (Recipe In Hindi),0.0
10214,Baked Bitter Gourd Bhajji Recipe,0.0
4626,Spinach Foxtail Millet Dhokla Recipe,0.0
10220,Kadhai Paneer Recipe,0.0
10192,Lentil Bread Buttermilk Recipe (Lentil Piles in Yogurt Surri),0.0
4635,मुलाकुतल रेसिपी - Vegetables In Coconut Gravy (Recipe in Hindi),0.0
4636,भरवा लौकी रेसिपी - Bharwa Lauki (Recipe In Hindi),0.0
10188,Sweet Lime Soda Recipe,0.0
10185,Kobbari Charu Recipe - Coconut Milk & Dal Sambar Recipe,0.0
10184,Broccoli Rava Idli Recipe,0.0
4638,Bengali Posto Bhat Recipe (Poppy Seed Rice),0.0
10178,Senai Kizhangu Varuval Recipe,0.0
10177,Kerala Style Appam Recipe Without Yeast,0.0
4642,Bajra & Dal Cheela Recipe (Spicy Pearl Millet & Lentil Crepe Recipe),0.0
10174,Konkani Style Alasande Randayi Recipe-Black Eyed Beans and Yam Gravy,0.0
4645,Horsegram Sesame Chutney Recipe,0.0
10170,Gujarati Mooli Bajra Muthia Recipe - Radish And Bajra-Besan Dmplings,0.0
10168,Nolen Gurer Payesh Recipe,0.0
4648,Orange Kulfi Recipe In Orange Shells,0.0
4650,Buttered Carrot Fingers Recipe (Finger Food For Babies Over 9 Months),0.0
4653,वेपमपू राइस रेसिपी - Dried Neem Flower Flavoured Rice (Recipe In Hindi),0.0
9888,Pineapple Cucumber Salad Recipe With Lemon Dressing,0.0
4758,Moong Dal Pani Recipe- Dal Soup For Babies 6 months & above,0.0
9884,Grated Cucumber Raita Recipe,0.0
9602,Thandu Keerai Poriyal Recipe - Amaranth Leaves Stir Fry,0.0
4865,Thandai Shahi Tukda Recipe,0.0
9597,Instant Gor Kairi Lonche Recipe - Sweet Raw Mango Pickle,0.0
9598,Bottle Gourd Ice Cream Recipe - Lauki Ice Cream,0.0
9599,Ringan Methi Nu Shaak Recipe - Gujarati Style Eggplant & Fenugreek Leaves Sabzi,0.0
9600,Jowar Atta Roti Recipe - Sorghum Wheat Phulka Recipe,0.0
9601,Corn Halwa Recipe - Makki Ka Halwa,0.0
9603,Black Eyed Beans Sambar`Recipe,0.0
4868,बंगाली छिरेर पुलाव रेसिपी - Bengali Chirer Pulao (Recipe In Hindi),0.0
9604,Kovakka Thoran (Poriyal) Recipe,0.0
4864,कर्नाटका स्टाइल सोरक्कै पाल्या रेसिपी - Karnataka Style Sorakkai Palya (Recipe In Hindi),0.0
9607,Karatyacho Fodi Recipe - Pan Fried Bitter Gourd,0.0
9609,Palak Bhajia Recipe - Spinach Pakoras,0.0
9610,Pavakkai Poriyal Recipe - Karela Ki Sabzi,0.0
9611,Manga Ogre Recipe,0.0
4866,ठंडाई लड्डू रेसिपी - Thandai Ladoo (Recipe In Hindi),0.0
9592,Instant Khaman Dhokla Recipe,0.0
4761,Til Chikki Recipe - Healthy Sesame Bars,0.0
4873,A Creamy & Delicious Gulkand Kulfi Recipe,0.0
9568,Prawn Balchao Recipe,0.0
9569,Sabudana Sandige Recipe - Sabudana Vadam Recipe,0.0
4881,Beetroot And Chickpea Kebab/Tikki Recipe - Evening Snack,0.0
4876,फॉक्सटेल मिलेट रवा इडली रेसिपी - Foxtail Millet Rava Idli (Recipe In Hindi),0.0
9572,Sweet Potato & Neem Leaves Vegetable Curry Recipe,0.0
4875,Gajar Vadi Recipe - Maharashtrian Style Steamed Carrot Dumplings,0.0
9577,Vendakkai-Vazhakkai Mor Kuzhambu Recipe (Tamil Nadu Style Lady's Finger & Raw Banana Curry),0.0
4869,रागी कांजी रेसिपी - Ragi Kanji (Recipe In Hindi),0.0
9578,Rumali Roti Recipe,0.0
4871,मूंग दाल पालक चीला रेसिपी - Moong Dal Palak Cheela (Recipe In Hindi),0.0
9582,"Beetroot, Sweet Potato And Oatmeal Cutlet Recipe",0.0
9583,Punjabi Lobia Masala Recipe (Punjabi Style Black Eyed Beans Curry),0.0
9588,Andhra Style Multi Lentil Garelu (Vada Recipe),0.0
4870,मटर पोहा रेसिपी - Matar Poha (Recipe In Hindi),0.0
4863,बेंदेकाई गोज्जु रेसिपी - Bendekaayi Gojju (Recipe In Hindi),0.0
9613,Lauki Chana Dal (Recipe In Hindi),0.0
4862,टामटेर वांगन रेसिपी - Tamter Wangun (Recipe In Hindi),0.0
9653,Besan Oats Ladoo Recipe,0.0
9646,The Paruppu Podi Recipe - South Indian Spiced Dal Chutney Powder,0.0
9648,Maharashtrian Aunty Recipe,0.0
9649,Moolangi Tovve Recipe - Moolangi Tavve Recipe,0.0
9650,Onion Bajji Recipe -Vengaya Bajji/ South Indian Onion Pakora,0.0
4848,Spicy Yogurt Chapati/Roti Recipe,0.0
9652,Foxtail Millet Rava Idli Recipe,0.0
9654,Ada Pradhaman Recipe With Homemade Ada- Kerala Special Payasam Recipe,0.0
9616,Mirchi Pakodi (Recipe In Hindi),0.0
4847,वन पॉट वांगी भाथ रेसिपी - One Pot Vangi Bhath Recipe In Hindi,0.0
4846,Thandai Kulfi Recipe - Holi Recipe,0.0
9658,Chicken Sholay Kebab Recipe,0.0
9659,Mambazha Pulissery Recipe - Mango Mor Kuzhambu Recipe,0.0
9660,Savoury Baked Arbi Chips Recipe,0.0
4843,Chalimidi Recipe,0.0
9645,South Indian Onion Chutney Recipe,0.0
9644,Mushroom Methi Brown Rice Recipe,0.0
9643,Saffron Peda Recipe,0.0
9642,Tomato Onion Chutney Recipe - Tomato Onion Chutney Recipe,0.0
4851,Ragi Kanji / Porridge (Baby Food - 6 months onwards),0.0
4853,मिलागू जीरा सदम रेसिपी - Milagu Jeera Sadam (Recipe In Hindi),0.0
4854,गाजर और बीन्स का थोरन रेसिपी - Carrot and Beans Thoran (Recipe In Hindi),0.0
9636,Danyachi Amti Recipe (Maharashtrian Style Groundnut Curry),0.0
4855,Carrot Poriyal/Sabzi for Babies and Toddlers 10 Months and Above,0.0
9632,Menthya Matvadi Palya Recipe - Madhwa Brahmin Style Methi-Chana Dal Sabzi,0.0
9630,Muttaikose Poriyal Recipe - Purple Cabbage Poriyal | Red Cabbage Sabzi,0.0
4856,Buttered Green Peas with Cumin Powder - For Babies & Toddlers 10 Months and Above,0.0
4861,लिलवे की सब्ज़ी रेसिपी - Lilve Ki Sabzi (Recipe In Hindi),0.0
9624,Pepper Murukku Recipe - South Indian Style Chakli,0.0
9623,Karwar Style Kairichi Udid Methi Recipe (Raw Mango Methi Curry),0.0
9620,Kashmiri Chhir Chot Recipe- Rice Pancakes,0.0
9619,Vazhakkai Varuval Recipe- Raw Banana Roast Recipe,0.0
9567,Bengali Style Labra Recipe - Mix Vegetable Sabzi,0.0
9563,Kashmiri Phool Rogan Josh Recipe - Cauliflower in Red Curry,0.0
9561,Pepper Mushroom Stir Fry Recipe,0.0
9493,Whole Wheat Beetroot Paratha Recipe,0.0
4917,पनीर भुर्जी ग्रेवी रेसिपी - Paneer Bhurji Gravy (Recipe In Hindi),0.0
9487,Kasuri methi leaves recipe,0.0
9488,Dal Vangi Recipe - Spicy Lentils with Roasted Eggplant,0.0
4916,पापड़ एर डालना रेसिपी - Bengali Style Papad Curry (Recipe In Hindi),0.0
4915,कुकुम्बर मोर कोलंब रेसिपी - Cucumber Mor Kuzhambu (Recipe In Hindi),0.0
9492,Kovakka Thoran Recipe,0.0
9494,Karwar Style Khatkhate Recipe (Mixed Vegetable Curry With Toor Dal & Coconut),0.0
4910,इडली उपमा रेसिपी - Idli Upma (Recipe In Hindi),0.0
9495,Khatti Meethi Mirchi Ki Sabzi Recipe,0.0
9498,Peanut Curry Recipe,0.0
4913,मूंग दाल मेथी की सब्ज़ी रेसिपी - Moong Dal Methi Ki Sabzi (Recipe In Hindi),0.0
4912,बाजरा मटर की खिचड़ी रेसिपी - Bajra Matar Ki Khichdi (Recipe In Hindi),0.0
9505,Karnataka Style Kashi Halwa Recipe With Ash Gourd,0.0
4911,टमाटर उपमा रेसिपी - Tomato Upma (Recipe In Hindi),0.0
9484,Upar Ghee Laddu Recipe - Whole Wheat Flour & Banana Squares,0.0
9481,Karupatti Coffee Recipe,0.0
4918,शिमला मिर्च की सब्ज़ी रेसिपी - No Onion No Garlic Sweet Pepper Sabji (Recipe In Hindi),0.0
4921,Ulundhu Kali Recipe (Urad Dal Sweet),0.0
4923,डोली की रोटी - Doli Ki Roti (Recipe In Hindi),0.0
4924,महाराष्ट्रियन आलू भुजने रेसिपी - Maharashtrian Aloo Bhujne (Recipe In Hindi),0.0
4925,चनार पतुरी रेसिपी - Chanar Paturi (Recipe In Hindi),0.0
9472,Palak Paratha Recipe-Spiced Spinach Flatbread,0.0
9471,Buttered Carrot Fingers Recipe (Finger Food For Babies Over 9 Months),0.0
9470,Karnataka Style Ranjaka Recipe (Red Chili Chutney Recipe),0.0
4926,पत्तागोबी थोरन रेसिपी - Cabbage Thoran (Recipe In Hindi),0.0
4928,गोअन चना रोस रेसिपी - Goan Chana Ros (Recipe In Hindi),0.0
4929,ओरिया स्टाइल घण्टा तरकारी रेसिपी - Oriya Style Ghanta Tarkari (Recipe In Hindi),0.0
9463,Badam and Khus Khus Milk Recipe,0.0
4938,चेटिनाड बीन्स और गोभी पोरियल रेसिपी - Chettinad Beans & Cauliflower Poriyal (Recipe In Hindi),0.0
9459,Pyaaz Ki Sabzi (Recipe In Hindi),0.0
9457,Garlic Mint Chutney Recipe,0.0
9507,Kesar Pista Kulfi Recipe,0.0
9509,Karamani Poriyal (Recipe In Hindi),0.0
4883,वेजिटेबल राइस उपमा रेसिपी - Vegetable Rice Upma (Recipe In Hindi),0.0
9548,Aloo Parwal In Poppy Seed Masala Recipe,0.0
9541,Spinach Paneer Stuffed Oats Chila Recipe - Oats Cheela Recipe Stuffed With Creamy Palak Paneer,0.0
9543,Besan methi paratha recipe,0.0
4892,Thandai Mousse Cake Recipe With A Delicious Cardamom Sponge,0.0
9545,Green Chilli Vegetable Recipe (Green Chilli Vegetable),0.0
4891,तीखी मीठी कडला करी रेसिपी - Sweet & Spicy Kadala Curry (Recipe In Hindi),0.0
4890,Thandai Shrikhand Tart Recipe,0.0
4889,"Kesar Mawa Gujiya Recipe- Gujiya Stuffed With Saffron, Khoya & Nuts",0.0
9510,Green Chana Chutney Recipe - Green Chana Chutney Recipe,0.0
4888,Dal Chawal/ Paruppu Sadam -Baby & Toddler Recipe above 10 months,0.0
4886,Eggless Thandai Cookie Recipe,0.0
9555,Butter Coriander & Lemon Sweet Corn Recipe,0.0
9556,Kashmiri Style Dum Oluv Recipe - Dum Aloo Recipe,0.0
9558,Assamese Saaru Maas Diya Adar Jhol Recipe - Fish In Ginger Gravy,0.0
4884,ब्रोकली शिमला मिर्च जुन्का रेसिपी - Broccoli & Bell Pepper Zunka (Recipe In Hindi),0.0
9540,Tamil Nadu Style Karamani Murungakkai Kuzhambu Recipe-Black eyed Beans & Drumstick Curry,0.0
9539,Karwar Style Lasani Kadhi Recipe - Kokum And Coconut Milk Curry,0.0
9538,Pudina Mavinakayi Chutney Recipe - Mint Mango Chutney,0.0
4895,Thandai Phirni Recipe - A Delicious Indian Rice Dessert,0.0
4899,चेटिनाड स्टाइल पुंडु रसम रेसिपी - Garlic Rasam (Recipe In Hindi),0.0
4900,ओरिया स्टाइल मूंग दालमा रेसिपी - Oriya Style Moong Dalma (Recipe In Hindi),0.0
4901,लाल मिर्च थेचा रेसिपी - Red Chilli Thecha (Recipe In Hindi),0.0
9527,Achari Amla Mirchi Vegetable Recipe - Gooseberry & Green Chilli Vegetable,0.0
4902,बंगाली आलू पोटोल एर दालना रेसिपी - Bengali Aloo Potol er Dalna (Recipe In Hindi),0.0
4903,Oatmeal Dosa Recipe - Healthy Instant Oats Dosa Recipe,0.0
9523,Goan Sweet Khatkhati Recipe (Coconut Candy),0.0
9521,Kimami Sewai Recipe,0.0
9520,Allu Chutney Recipe - Ellu Chutney Recipe,0.0
4906,कोल्लु थोगयल - Horsegram Chutney (Recipe In Hindi),0.0
4907,चकुंदर और टमाटर की चटनी रेसिपी - Beetroot & Tomato Chutney (Recipe In Hindi),0.0
9514,Vegan Navratan Korma Recipe,0.0
9511,Chow Chow Curry Recipe - Chow Chow Curry Recipe,0.0
9662,Homemade Ice-Cream Cake Recipe,0.0
4842,Horsegram Idli Recipe - Kulith or Kollu Idli,0.0
4841,नारियल की चटनी रेसिपी - Coconut Chutney With Coconut Water (Recipe In Hindi),0.0
9814,Carrot and Beans Poriyal (Recipe In Hindi),0.0
9802,Hayagreeva Recipe,0.0
9804,Tomato Garlic Chutney Recipe,0.0
4794,Ragi Oatmeal Kanji Recipe - Healthy Diabetic Porridge Recipe,0.0
4791,बनाना ऐपल पिस्ता पोरीज रेसिपी - Banana Apple Porridge (Recipe In Hindi),0.0
4790,सब्ज़ी और चावल रेसिपी - Mashed Vegetables With Rice (Recipe In Hindi),0.0
4789,दाल और चावल रेसिपी - Mashed Dal Rice (Recipe In Hindi),0.0
9817,Watermelon And Pumpkin Seeds Podi Recipe,0.0
9831,Rajasthani Makki Ka Chatpata Dhokla Recipe,0.0
9818,Mutton Matar Keema Recipe -Minced Mutton With Green Peas,0.0
4788,आंध्रा स्टाइल कंदी पचड़ी रेसिपी - Andhra Style Kandi Pachadi (Recipe In Hindi),0.0
9820,Mumbai Style Pani Puri Recipe,0.0
9823,Paneer Makhana Gulgule Chaat Recipe - No Onion No Garlic,0.0
4787,Banana Apple Mash Recipe,0.0
9827,Aloo Palak Sabzi (Recipe In Hindi),0.0
4798,Kerala Style Chakka Varattiyathu Recipe- Ripe Jackfruit Halwa,0.0
9797,Carrot Chutney (Recipe In Hindi),0.0
9796,Delicious Breakfast Anda Ghotala Recipe With Butter Pav,0.0
9795,Panjiri Ladoo Recipe,0.0
9794,Raw Banana Dosa Recipe,0.0
9793,Vendakkai Poriyal Recipe (South Indian Style Okra Stir Fry Spiced With Sambar Powder),0.0
9791,Potato Bonda Recipe Flavoured With Sambar Powder,0.0
9790,Besan Aur Pyaz Ka Cheela (Recipe in Hindi),0.0
9789,Fruit Chili Chutney - Andhra Red Chili Chutney Recipe,0.0
9787,Aloo Gajar Matar Sabzi Recipe,0.0
9785,Gorikayi Palya Recipe - Karnataka Style Gawar Phali Sabzi,0.0
9783,Smoked Dhaba Dal Recipe,0.0
9782,Potato Bonda Recipe Flavoured With Sambar Powder in Hindi,0.0
9781,Homemade Whole Wheat Pav Recipe / Ladi Pav,0.0
9779,Traditional Steamed Modak Recipe (Ukadiche Modak With Rice flour),0.0
9778,Cabbage Besan Fry Recipe,0.0
9775,Strawberry Chutney Recipe - Strawberry Chutney Recipe,0.0
4785,भोगिची भाजी रेसिपी - Bhogichi Bhaji (Recipe In Hindi),0.0
9833,South Indian Amaranth Stir Fry (Recipe In Hindi),0.0
9773,Chow-Chow Kothamalli Chutney Recipe - Chayote Coriander Chutney,0.0
9874,Chicken Vindaloo Recipe,0.0
9862,Aloo Dum (Recipe In Hindi),0.0
9864,Chettinad Poondu Rasam Recipe | Spicy Garlic Rasam,0.0
9866,Bonda Mor Kuzhambu Recipe,0.0
4767,Broccoli & Bell Pepper Zunka Recipe,0.0
4766,Ragi Tawa Paratha - Healthy Vitamin Rich & Diabetic Friendly Paratha,0.0
9873,Aloo Chaat Recipe With Baked Beans - Roz Ka Khana With Figaro Olive Oil,0.0
4765,Ragi Halbai Recipe - Karnataka Style Ragi Halwa Recipe,0.0
9834,Arbi Ke Meethe Chande Recipe,0.0
9876,Karela Muthia Recipe - Bitter Gourd Steamed Dumplings,0.0
9877,Suran Fodi Recipe,0.0
4764,Moong Dal Khichdi Recipe For Babies And Toddlers Over 10 Months,0.0
9880,Kumbakonam Filter Coffee Recipe,0.0
4762,Green Moong Dal Cheela Recipe - Savory Green Mung Bean Pancakes,0.0
9882,Chettinad Style Puliogare Gojju Recipe,0.0
9861,Gujarati Kadhi With Milk And Mint Recipe,0.0
9860,South Indian Potato & Eggplant Sabzi (Recipe In Hindi,0.0
4768,Sweet Ragi Malt Recipe - Healthy Ragi Kanji/ Porridge Recipe,0.0
4774,Ragi Arisi Vella Puttu Recipe - Sweet Jaggery Ragi Puttu Recipe,0.0
9856,Crispy Crunchy Roti Ke Papad Recipe,0.0
4780,Carrot and Ginger Spiced Dosa Recipe,0.0
4781,Sabbasige Soppu Dosa Recipe (Dill Leaves Sweet Dosa),0.0
9851,Chettinad Style Chilli Gobhi Recipe,0.0
4782,Raw Banana Dosa Recipe,0.0
4783,Karnataka Style Heerekai Dosa Recipe-Ridge Gourd Dosa Recipe,0.0
9847,Chanar Paturi Recipe,0.0
9844,No Onion And No Garlic Aloo Gajar Matar Ki Sabzi (Recipe In Hindi),0.0
9842,Bird Lime Stir Fry (Recipe In Hindi),0.0
9840,Pepper Tea Recipe - Kali Mirch Chai,0.0
9838,Bengali Bhindi Doi Posto Recipe,0.0
4784,Andhra Style Kandi Attu Recipe (Toor Dal Dosa Recipe),0.0
9836,Panchmel Dal (Recipe In Hindi),0.0
9774,Gujarati Style Multigrain Masala Kadak Puri Recipe - Masala Mathri,0.0
9772,North Arcot Special Greens Rava Puliyodharai Recipe - Broken Wheat / Dalia Puliogare,0.0
9666,Bengali Style Shak Bhaja Recipe - Stir Fried Green Amaranth Leaves (Recipe in Hindi),0.0
9702,Gobhi Ke Kofte Recipe,0.0
9692,Caramel Folded Plum Cake Recipe,0.0
4832,कटाची आमटी रेसिपी - Katachi Amti (Recipe In Hindi),0.0
9695,Konkani Style Mooga Ghushi Recipe-Sprouted Whole Green Gram In Tangy Coconut Gravy,0.0
4830,पैन फ्राइड एवोकाडो कोफ्ता रेसिपी - Pan Fried Avocado Kofta (Recipe In Hindi),0.0
9699,Chia Seeds Shikanji Recipe,0.0
4829,Aval Dosa | Poha Dosa Recipe (Savory Flattened Rice Crepe),0.0
4828,Jackfruit Seed Modak Recipe,0.0
4821,लेमन सेवई रेसिपी - Lemon Sevai Recipe,0.0
9708,Togarikaayi Usli Recipe,0.0
4827,Kerala Style Chakka Pal Kozhukattai Recipe-Rice Dumpling In Jackfruit flavored Coconut Milk,0.0
9710,Kachcha Kela Masala Sabzi Recipe (Raw Banana with Tomatoes & Spices),0.0
4825,Tamil Nadu Style Pala Kottai Sambar Recipe - Mangalore Cucumber & Jackfruit Seed Sambar,0.0
9712,Coconut Chia Pudding Recipe,0.0
4824,Kerala Style Chakka Adai Recipe-Rice Flour and Jackfruit Flatbread,0.0
9690,Broccoli Rava Idli Recipe,0.0
4833,शाही वेजिटेबल पुलाव रेसिपी - Shahi Vegetable Pulao (Recipe In Hindi),0.0
4834,Oats And Coconut Dosa Recipe,0.0
9687,Matki Chi Usal Recipe - Spicy Moth Sprouted Salad,0.0
9686,Kesar Shrikhand Recipe - Greek Yogurt Pudding With Saffron,0.0
9684,Bajri Roti Recipe,0.0
4835,Vellai/Jaggery Dosa Recipe,0.0
9680,Egg Korma Recipe,0.0
4836,Carrot Podi Dosa Recipe,0.0
4838,Broccoli Puree With Butter and Garlic Recipe (For Babies/toddlers over 7 months),0.0
9674,Kokum Saar Recipe - Traditional Maharashtrian Kokum Drink,0.0
9673,Konkani Style Sol Kadhi Recipe - Kokum Flavored Coconut Curry,0.0
9672,Almond Pottukathalai No Recipe - No Almond Chana Dal,0.0
9670,Gujarati Adadiya Ladwa Recipe - Urad Dal Halwa with Nuts & Spices,0.0
4839,वीट ग्रास रसम रेसिपी - Wheat Grass Rasam (Recipe In Hindi),0.0
9668,Gujarati Vaghareli Mag Recipe - Whole Green Moong Dal Sabzi Recipe,0.0
9667,Kashmiri Style Haak T Thool Recipe - Greens Cooked With Eggs,0.0
4823,Broken Wheat Porridge For Babies And Toddler,0.0
4819,साल्टेड कैरेमल पॉपकॉर्न रेसिपी - Salted Caramel Popcorn,0.0
4800,Beetroot Poriyal Sabzi Recipe For Babies And Toddlers Over 10 months,0.0
9758,Anar & Aloo Pakora Recipe,0.0
9748,Paneer Kundan With Recipe,0.0
9751,High Protein Soya Idli & Dosa Batter Recipe,0.0
4809,Inji Thogayal Recipe - Spicy & Delicious Ginger Chutney,0.0
9753,Baingan Methi Ka Bharta Recipe,0.0
9754,Boondi Ki Kheer Recipe,0.0
4808,आयंगर स्टाइल मसाला टोस्ट रेसिपी - Iyengar Style Masala Toast,0.0
4806,सरागवो नु शाक रेसिपी - Drumstick Masala Sabzi,0.0
9717,Kalkandu (Kallusakkare) Pongal Recipe | Rice Pudding with Rock Candy,0.0
9760,Jeera Rice Recipe - Cumin And Ghee Flavored Rice,0.0
9761,Dahi Achari Bhindi Recipe - Dahi Achari Bhindi Recipe,0.0
9763,Paasi Paruppu Beans Poriyal Recipe - Moong Dal & French Beans Stir Fry,0.0
9764,Sesame Seeds Chutney (Recipe In Hindi),0.0
9767,Vegetable Biryani Recipe With Chatpata Aloo,0.0
9769,Farali Aaloo Pattice Recipe,0.0
9745,Aloo Methi Masala (Recipe In Hindi),0.0
9743,Jain Style Dal Makhani Recipe,0.0
9742,Petha Wadi Sabzi Recipe,0.0
4810,Badam Halwa Recipe - Delicious Almond Halwa With Khoya,0.0
4811,Ripe Jackfruit Cake Recipe- Goan Pansache Dhonas,0.0
9737,Rajasthani Govind Gatta Curry Recipe,0.0
4812,Jackfruit Idli Recipe - Pansu Idli,0.0
9733,Jowar Garlic Naan Recipe- Healthy Sorghum Naan,0.0
9731,Kashmiri Phool Rogan Josh (Recipe In Hindi),0.0
9728,Maheri Recipe,0.0
4815,Cranberry Whole Wheat Naan Recipe,0.0
9725,Mustard Egg Curry Recipe (Recipe In Hindi),0.0
9724,Steamed Sweet Corn Recipe Flavored with Chaat Masala Recipe,0.0
4817,Banana And Ragi Porridge Recipe For Babies And Toddlers,0.0
4818,सुरती जोवार वड़ा रेसिपी - Surati Jowar Vada,0.0
9720,Achari Paratha Roll Recipe,0.0
9718,Shakkarkandi ke Laddu | Sweet Potato Laddu Recipe,0.0
10343,Pomegranate Flavoured Stuffed Khandvi Recipe,0.0
10346,Doi Bhetki Recipe - Bengali Style Yogurt Fish Curry,0.0
4176,Ragi Halbai Recipe - Karnataka Style Ragi Halwa Recipe,0.0
11194,Assamese Style Ghila Pitha Recipe (Sweetened Rice Fritters Recipe),0.0
4290,Lehsun Amla Chutney Recipe - Garlic Gooseberry Chutney,0.0
4289,Jwarichya Lahyancha Chivda Recipe - Maharashtrian Style Popped Jowar Chivda,0.0
11189,Kerala Chicken Roast Recipe,0.0
11190,Kerala Style Taro Root Curry Recipe (Colocasia),0.0
4288,Aluchi Bhaji - Recipe In Hindi,0.0
4287,Puri For Pani Puri Recipe - Golagappa / Puchka Puri Recipe,0.0
11195,Lemon Coconut Chia Energy Balls Recipe,0.0
11185,Broccoli Egg Bhurji Recipe - Broccoli Egg Bhurji (Recipe In Hindi),0.0
11196,Whole Wheat Spinach And Tofu Paratha Recipe,0.0
11198,Mooli Bhurji Recipe - Radish Bhurji Recipe,0.0
4286,Ajwain Besan Ka Paratha Recipe (Masala Paratha),0.0
4285,Milagu Kozhambu Recipe,0.0
11202,Mushroom Thoran Recipe - Mushroom Thoran Recipe,0.0
4284,Peanut Banana Tiger Coconut Broth Recipe (Banana Stem Surri with Fruit Chickpeas Recipe),0.0
4292,Ajwaini Kache Kele Ki Sabzi Recipe -Plantains Cooked With Caraway Seeds,0.0
11183,Pudina Pyaz Kachumber Salad Recipe - Mint & Onion Salad,0.0
11272,Sarson Saag Pulao Recipe-Spinach Mustard Greens Pulao,0.0
11171,Maharashtrian Style Kothimbir Oats Vadi Recipe,0.0
11162,Sprouted Moong Dal Recipe,0.0
11164,Kerala Style Vendakka Uppadan Recipe,0.0
11165,Biryani Chamanthi Recipe - Biryani Chammanthi Recipe,0.0
11167,Saoji Methi Pulao Recipe - Maharashtrian Style Fenugreek Leaves Pulao,0.0
4300,High Protein Soya Idli Recipe,0.0
11170,Karwar Style Varan Kadhi Recipe - Toor Dal in Coconut Milk Curry,0.0
11172,Carrot Pachadi With Coconut Recipe - Carrot Coconut Pachadi Recipe,0.0
11182,Andhra Style Vegetarian Biryani with Soya Chunks Recipe,0.0
11174,Palak Pulao Recipe - Palak Pulao Recipe,0.0
11175,Carrot and Ginger Spiced Dosa Recipe,0.0
4295,Shallow Fried Oysters Recipe,0.0
11177,Dried Chole Recipe - Sukhe Chole Recipe,0.0
4293,Khamang Kakdi Recipe - Maharashtrian Cucumber Salad,0.0
11180,Kadhai Tofu Sabji (Recipe in Hindi),0.0
11204,Sweet & Spicy Ripe Mango Curry Recipe,0.0
11205,Karnataka Style Ranjaka Recipe - Karnataka Style Ranjaka Recipe,0.0
4283,Ginger Tea Recipe - Adrak Chai Recipe,0.0
11255,Sooji Manpasand Burfi Recipe - Semolina Coconut Fudge,0.0
11235,Chettinad Style Brinjal And Potato Mash Recipe,0.0
11238,How To Make Homemade Idiyappam Recipe - Rice Sevai Recipe,0.0
4272,Jal Jeera Recipe - Indian Spiced Lemonade,0.0
11243,Nei Appam / Unniyappam Recipe - Coconut Banana Fritters,0.0
11250,Methi Moong Dal Recipe,0.0
4268,Pappu Chekkalu Recipe - Andhra Style Spiced Rice Cracker,0.0
11257,Paneer Bhurji Gravy (Recipe In Hindi),0.0
11207,Palak Paneer Recipe,0.0
11259,Bharwa Karela With Sweet Potato Filling Recipe,0.0
11260,Kerala Cherupayar Curry Recipe (Green Moong and Yellow Moong Dal Recipe),0.0
11261,Rava Kakdi Thalipeeth Recipe (Maharashtrian Style Semolina-Cucumber Flatbread),0.0
4266,Beetroot Thoran Recipe,0.0
11266,Rajgira Ki Kheer Recipe,0.0
11269,Karuva Pillai Pachadi Recipe - Karuvepillai Pachadi Recipe,0.0
11234,Maharashtrian Batatyacha Kees Recipe (Pan Fried Spiced Potatoes with Peanuts),0.0
11233,Kasuri Malai Murgh Recipe,0.0
11232,Potato Vindaloo (Recipe In Hindi),0.0
11231,Paruppu Thogayal Recipe,0.0
11229,Methi Leaves Curry (Recipe In Hindi ),0.0
11228,Potato Stuffed Dal Dhokli (Recipe In Hindi),0.0
4274,Soya Chunk And Green Peas Sabzi Recipe,0.0
11225,Dibba Rotti/Minapa Rotti Recipe (Pan Idli Recipe),0.0
11222,Chettinad Vengaya Kosu Recipe - Chettinad Vengaya Kosu Recipe,0.0
11218,Baked Paneer Corn Kebab Recipe,0.0
11215,Bangalore Restaurant Style Sambar Recipe,0.0
11214,Mushroom Curry (Recipe),0.0
11212,Kashmiri Style Nadru Recipe - Kashmiri Style Nadru Yakhni Recipe,0.0
11211,Horsegram And Foxtail Millet Idli Recipe,0.0
11210,Dahi Sabudana Recipe (Savory Tapioca Pearls Seasoned with Yogurt),0.0
11209,Goan Style Brinjal Bharta Recipe,0.0
4281,Doli Ki Roti - Recipe in Hindi,0.0
11160,Chocolate Cheese Gujiya Recipe,0.0
11159,Pineapple Rasam Recipe,0.0
11157,Mullangi Mor Pachadi Recipe (Radish in spicy tempered Yogurt Gravy Recipe),0.0
4340,Suran Fodi Recipe - Goan Semolina Crusted Yam,0.0
10867,Kaddu Palak Roti Recipe (Pumpkin Spinach Flat Bread),0.0
4345,Baked Samosa Pinwheels Recipe,0.0
4344,Aloo Aur Mooli Ke Patto Ki Sabzi (Recipe In Hindi),0.0
4343,Gulkand Seviyan Kheer Recipe,0.0
10994,Andhra Steel Ingavu Charu Recipe - Asfoitida Flavored Tamarand Rasam,0.0
10995,Saunf Aloo (Fennel Potato Curry) Recipe,0.0
10997,South Indian Onion Chutney Recipe - South Indian Onion Chutney (Recipe),0.0
11023,Spicy Tomato Rice (Recipe),0.0
4338,Andhra Style Karivepaku Pachadi Recipe - Andhra Style Karivepaku Pachadi Recipe,0.0
10999,Gourd Raita Recipe - Grated Bottle Gourd Yogurt Salad,0.0
11001,Chettinad Vegetable Casserole Recipe - Chettinad Vegetable Pulao Recipe,0.0
11003,Maharashtrian Kakdi Thalipeeth Recipe - Spiced Cucumber Flat Bread,0.0
11004,Pudina Khara Pongal Recipe (Rice and Lentils Cooked With Mint Leaves & Mild Spices),0.0
4334,Makhana Ki Sabzi (Recipe in Hindi),0.0
10825,Peanut Pudding Recipe - Salt Pudding / Firm Mod Modak,0.0
10824,Lacha Onion Recipe - Masala Pickled Onions,0.0
10823,Corn only quiche recipe,0.0
4347,Raw Mango Masoor Dal Recipe - Raw Mango Masoor Dal Recipe,0.0
4348,Arbi Dahi Wali Sabzi (Recipe in Hindi),0.0
4350,Pudina Mavinakayi Chutney Recipe,0.0
10817,Papaya and Carrot Halwa Recipe,0.0
4354,Osmania Biscuits Recipe,0.0
4357,Kerala Style Vettu Cake Recipe (Eggless Wholewheat Tea Shop Cake),0.0
10812,Matar Besan and Paneer Cheela Recipe - Matar Besan and Paneer Cheela Recipe,0.0
10809,Masala Cornflakes Chicken Recipe,0.0
10806,Stuffed Radish Paneer Paratha Recipe,0.0
10804,Paka Kela Ki Sabzi Recipe | Paka Kela nu Shaak | Gujarati Jain Recipe,0.0
4362,Beetroot & Tomato Chutney (Recipe In Hindi),0.0
4365,Aloo Paneer Kebab Recipe - Potato Paneer Kebab Recipe,0.0
4371,Andhra Style Nalla Karam Podi Recipe,0.0
10796,Egg Sholay Kebab Recipe,0.0
4333,Thandai Kulfi Recipe,0.0
11025,South Indian Style Murungakkai Poriyal Recipe - Drumstick Stir Fry,0.0
11155,Beans Curry Recipe,0.0
11147,Carrot Semolina Phirni (Recipe In Hindi),0.0
4307,Goan Shepeche Polle Recipe,0.0
11062,Kesar Chai Recipe - A Delicious Saffron Flavored Indian Tea,0.0
11142,Bihari Shakarkand Bhujia Recipe - Spicy Sweet Potato Sabzi,0.0
11143,No Onion No Garlic Spiced Apple Tomato Curry Recipe,0.0
4304,Bengali Style Urad Dal Vada Recipe - Bengali Style Urad Dal Vada Recipe,0.0
11146,Ukadpendi Recipe - Maharashtrian Style Spiced Rice Flour Porridge,0.0
4303,Cabbage Thoran Recipe,0.0
11026,Kesar Mango Lassi Recipe - Saffron Mango Lassi Recipe,0.0
11149,Chana Dal Khichdi Recipe,0.0
4302,Mustard Vegetable Curry Recipe,0.0
11151,Ambur Star Chicken Biryani Recipe,0.0
11152,Punjabi Steel Bundi Kadhi Recipe,0.0
11153,Matar Ki Tehri Recipe - Fragrant rice cooked with spices and fresh peas,0.0
11154,Rawal Pindi Style Chole Recipe - Rawal Pindi Style Chole (Recipe in Hindi),0.0
11058,Tindora Sambharo Recipe - Instant Tendli Pickle,0.0
11057,Kerala pala pradham recipe,0.0
11055,Matar Samosa Recipe -Green Pea Samosa,0.0
4312,Cabbage Pachadi Recipe,0.0
11047,Pacha Manga Pachadi Recipe - Tamil Nadu Raw Mango Pachadi Recipe,0.0
11044,Makki and Methi Roti Recipe,0.0
11043,Beetroot Sambar Recipe,0.0
11041,Cheesy Garlic Broccoli Nuggets Recipe,0.0
4319,Andhra Style Vankaya Kothamira Karam Recipe - Andhra Style Vankaya Kothimeera Karam Recipe,0.0
11036,Chettinad Sweet Paniyaram Recipe - Chettinad Sweet Paniyaram Recipe,0.0
4326,Tomato Dosa Recipe,0.0
11034,Peerkangai Thogayal Recipe (Ridge Gourd Peel Chutney),0.0
11033,Rajasthani very roti recipe,0.0
11032,Aamras Recipe - Ripe Mango Ras,0.0
4329,Cauliflower Paneer Kofta Curry Recipe,0.0
11028,Cabbage and Carrot Sambharo Recipe - Gujarati Vegetable Stir Fry,0.0
4332,Sarson Chole Ka Saag Recipe - Kabuli Chana In Mustard Leaves Gravy,0.0
11270,Sour Arabi Vegetable Recipe - Colocasia in Yoghurt Curry,0.0
11273,Milagu Rasam Recipe - Village Style Pepper Rasam,0.0
10347,"Ginger, Lemon And Honey Kadha Recipe",0.0
11432,Gram flour and Chilli vegetable recipe,0.0
11419,Dal Tadka Recipe Flavored with Lemon and Coriander,0.0
4218,Senai Potato Fry Recipe-Yam Fry Recipe,0.0
11425,Dahi Batata Puri Chaat Recipe - Classic Indian Tea Time Snack,0.0
11429,Thandai Flavoured Rice Kheer Recipe,0.0
11430,Lemongrass Coconut Rice Recipe,0.0
11431,Tawa Amritsari Kulcha Recipe,0.0
4216,Achari Masala Puri Recipe,0.0
11416,Foxtail Millet Paruppu Adai With Keerai Recipe - Foxtail Millet and Lentil Crepes with Spinach,0.0
4214,Kashmiri Style Al Rogan Josh Recipe- Pumpkin In Red Curry,0.0
11444,Potato Achari Recipe,0.0
11447,Kerala Special Mambazha Puliserry Recipe,0.0
4210,Assamese Bilahir Tok Recipe,0.0
4208,Lemon Sevai Recipe - Lemon Sevai Recipe,0.0
4205,Mirchicha Chatka (Fire Roasted Chillies With Yogurt Recipe),0.0
11417,Pasta Payasam Recipe - Fusion Payasam With Pasta,0.0
11414,Omakka Curry Recipe - Kerala Style Papaya Curry,0.0
4261,Calamari Roast Recipe (Kerala Style Squid),0.0
11403,Bell Pepper Sabji Recipe-No Onion No Garlic,0.0
11391,Sweet and Spicy Tomato Chutney Recipe With Garlic,0.0
4227,Beetroot Carrot Raita Recipe,0.0
11395,Odia Style Chuin Aloo Besara Recipe-Potato & Drumsticks Fry In Mustard Paste,0.0
11396,Konkani Style Solkadhi Recipe - Kokum Drink,0.0
11400,Healthy Fulkopir Paturi Recipe (Bengali Style Cauliflower Dumplings),0.0
11401,Chettinad Beans & Cauliflower Poriyal Recipe (South Indian Stir Fry),0.0
11404,Chickpea Potato Recipe - Chatpata Baby Potato (Recipe),0.0
11413,Patishapta Recipe (Rice Crepe),0.0
11405,Rase Wale Aloo Recipe (Boiled Potato in Tangy Tomato Sauce),0.0
11406,Stuffed Mango Pickle Recipe - Gujarati Double Mango Pickle,0.0
11407,Biryani Chammanthi Recipe (Green Chutney Recipe),0.0
11408,Easy Gajar Halwa Recipe With Khoya Made In A Pressure Cooker,0.0
4222,Masala Paniyaram With Leftover Idli/Dosa Batter Recipe,0.0
4221,Amritsari Dry Dal Recipe - Amritsari Sookhi Dal Recipe,0.0
4201,Masala Lemonade Recipe,0.0
11459,Okra Curry Without Coconut (Recipe In Hindi),0.0
11462,Bengali Potol Bhaj Recipe-Bengali Steel Parwal Sabzi,0.0
11503,Ragi Halwa Recipe | Healthy Indian Sweet Made With Ragi,0.0
4181,Apple Cinnamon Modak Recipe,0.0
4178,Haryali Seekh Kebab Recipe,0.0
11499,Besan Arbi Roast Recipe - Spicy Colocasia Stir Fry,0.0
11500,Senai Potato Curry Recipe - Spicy Chettinad Style Yum Stir Pre,0.0
11501,Kashmiri Monj Haakh Recipe - Knol Khol Flavored With Asafoetida,0.0
11502,Crispy Palak Pakora Recipe,0.0
11504,Indian Festive Sweet Rice And Jamun Bhog Recipe,0.0
4197,Attirachi Kuzhambu Recipe - Spicy Mutton Gravy,0.0
4177,Pineapple Gojju Recipe (Karnataka Style Tangy And Spicy Pineapple Curry),0.0
11506,Raw Banana Raita Recipe,0.0
11508,Bengali Style Kucho Nimki Recipe (Diamond Shaped Salty Snacks),0.0
11512,Thalicha Thayir Sadam Recipe - Spicy Seasoned Curd Rice,0.0
11514,Marwadi Gatte Ki Kadhi Recipe - Gram Flour Dumpling In Yogurt Curry,0.0
11515,Whole Wheat Flour Chakli Recipe,0.0
11494,Andhra Style Cucumbers / Caramel Undalu Recipe (Rice Flour Chochonuth Fritters),0.0
4185,Stuffed Bitter Gourd Simmered In Yogurt Gravy (Recipe In Hindi),0.0
4187,Karigadab - Karnataka Style Karanji / Gujhiya Recipe,0.0
11487,Puli Upma Recipe - Tamarind & Reese Rao Upma,0.0
11486,Black Pepper Singhada Vegetable Recipe,0.0
4188,Beet and Avocado Chapati Recipe,0.0
11484,Pacha Manga Pachadi Recipe - Raw Mango Pachadi,0.0
4189,Tomato Dosa Recipe,0.0
11482,Methi Muthiya (Wheat Flour And Fenugreek Dumplings) Recipe,0.0
11478,Carrot Tadka Raita Recipe- Crunchy Grated Carrot In Yogurt,0.0
4194,Dahi Vada Recipe - Dahi Vada With Sweet & Spicy Chutney Recipe,0.0
11475,Goan Style Banana Halwa Recipe (Kelyacho Halwo),0.0
11473,Cabbage Onion Vada Recipe,0.0
4196,Futi Kadi Recipe,0.0
11470,Kerala Style Arabic Vegetable Recipe - Kerala Style Arbi Curry,0.0
11468,Mango Kalakand Recipe,0.0
11467,Tandoori Potatoes Recipe,0.0
11389,Pan Fried Onion Pakora Recipe - Pan Fried Onion Pakora Recipe,0.0
11388,Zucchini Keerai Thogayal Recipe - South Indian Tangy Spinach and Zucchini Chutney,0.0
4228,Homemade Idli Dosa Batter Recipe,0.0
11319,Garlic Dal Recipe,0.0
11309,Kambu Murukku (Recipe In Hindi),0.0
11310,Garlic Naan Without Yeast Recipe,0.0
11311,Coconut Ladoo Stuffed With Pistachios Recipe,0.0
4250,Recipe Salt Recipe - Moong Dal Upma,0.0
11317,Rajasthani Hare Chana Halwa Recipe - Rajasthani Hare Chane Ka Halwa (Recipe in Hindi),0.0
11318,Butter Garlic Naan Recipe - Garlic Flavoured Flatbread,0.0
11320,Recipe Shape Recipe,0.0
4244,Corn & Paneer Baked Samosa Recipe,0.0
11322,Mooli Raita Recipe - Radish Raita Recipe,0.0
4249,Carrot Custard Pudding Recipe,0.0
4245,Makhana Ka Raita Recipe,0.0
11326,Double Ka Meetha Recipe With Mixed Nuts Rabri,0.0
11327,Thalipeeth Bhajani Recipe -Typical Maharashtrian Multigrain Flour Mix,0.0
11330,Sweet & Spicy Totapuri Mango Chutney Recipe,0.0
4251,Matar Karanji /Gujiya Recipe (Maharashtrian Deep Fried Savoury Pastry),0.0
11305,Bhindi With Cashews and Coconut Sabzi Recipe,0.0
11303,Black Cherry Glazed Thandai Burfi Recipe,0.0
11302,Chironji and Makhane Kheer Recipe,0.0
4254,Konkani Style Pathravade/Pathrode Recipe-Colocasia Leaves Snack,0.0
11299,Mamidikaya Pesara Pappu Pachadi Recipe - Raw Mango & Dal Chutney,0.0
11298,Green Chutney Rava Dhokla Recipe - Sooji Dhokla,0.0
11296,Belle dosa recipe - lentil dosa,0.0
11294,Chironji dal recipe,0.0
11293,Golpapdi Recipe | Gur Papdi | Sukhdi recipe | Gujarati Gol Papdi,0.0
4255,No Onion No Garlic Cabbage Kofta Curry,0.0
4259,Spinach Wada Recipe (Spinach & Women's Gram Printers),0.0
11287,Chiba Dhokli Recipe,0.0
11285,Goan Style Sana Recipe (Soft Steamed Rice Cakes),0.0
11284,Raw Banana Stir Fry (Recipe In Hindi),0.0
11280,Phulkari Pulao (Recipe In Hindi),0.0
11277,Chili Bajji Recipe - Chili Bajji / Green Chili Fritters,0.0
11332,Andhra Style Pulses Recipes,0.0
11334,Sugarpare Recipe (Shankarpali),0.0
11386,Baked Modak and Karanji / Gujiya Recipe,0.0
11374,Aloo Amritsari (Recipe In Hindi),0.0
4238,Assamese Bhendir Sorsori Recipe (Okra In Mustard Sauce),0.0
11366,Rajasthani Style Oliya Recipe (Sweetened Rice Yogurt Pudding Recipe),0.0
11368,Surti Obbattu Recipe - Fruit & Nut Pooris In Saffron Milk,0.0
11369,Togarikalu Akki Recipe - Karnataka Style Rice Rava Upma with Fresh Pigeon Peas,0.0
4237,Pudalangai Milagu Kootu Recipe (South Indian Snake Gourd Curry),0.0
11371,Suva Methi Baingan Sabzi Recipe ( Eggplant in Dill and Methi leaves Curry Recipe),0.0
4235,Bengali Style Cholar Dal Recipe - Bengali Style Cholar Dal (Recipe In Hindi),0.0
11335,Cashew Bunch Recipe,0.0
11377,South Indian Style Sorakkai Kootu Recipe - Bottle Gourd Cooked with Lentils,0.0
4232,Sweet Yeast Malt Recipe - Healthy Yeast Kanji / Porridge Recipe,0.0
11379,Wheat Rava Halwa Recipe,0.0
11380,Chili Coriander and Capsicum Rusk Chutney Recipe,0.0
11381,Baked Masala Namak Para Recipe - Carom Seeds Spiced Biscuits,0.0
4230,Aam Pudina Ka Panna Recipe,0.0
11364,Kerala Style Vedakkai Pachadi Recipe - Kerala Style Vendakkai Pachadi (Recipe in Hindi),0.0
11363,Jaggery Sweetened Apple Oatmeal Recipe,0.0
11362,Vegetable Fried Mug Pulses Recipe - Bengali Style Mong Dal With Binta Vegetables,0.0
11361,Healthy Pumpkin Carrot Idli Recipe,0.0
11359,Badshahi Chicken Recipe,0.0
11358,Begun Basanti Recipe - Eggplant In Mustard Yogurt Curry,0.0
11355,Potato Bodi Fry Recipe (Spicy Potato Sabiji Prem Tamil Nadu),0.0
11354,Phool Gobi Sabzi (Recipe In Hindi),0.0
11352,Kesar Shahi Tukda With Rabdi Recipe (Saffron Bread Pudding With Spiced Milk Custard),0.0
11349,Erode Pallipalayam Chicken Fry Recipe,0.0
11348,Haldi Ki Sabzi Recipe,0.0
4240,Fruit Custard Recipe,0.0
11344,Raw Mango and Cucumber Salad Recipe - Raw Mango Cucumber Salad Recipe,0.0
11342,Bengali Egg Vegetable Recipe - Bengali Egg Curry (Recipe In Hindi),0.0
4242,Vaghareli Rotli Recipe - Vagharela Rotli Recipe,0.0
11337,Punjabi radish bhurji recipe,0.0
11336,7 Cups Burfi Recipe,0.0
4374,Chaat Masala Recipe - Chaat Masala Recipe,0.0
4375,Drumstick Masala Sabzi,0.0
10793,Gujarati Methi Na Dhebra Recipe,0.0
4521,Carrot Lemon Rice Recipe,0.0
10490,"Turmeric, Ginger And Chilli Pickle Recipe",0.0
4524,Gurellu Chutney Podi Recipe,0.0
4523,Moong Dal Pani Recipe- Dal Soup For Babies 6 months & above,0.0
10500,Aloo Bread Pakora Recipe,0.0
4522,Tandoori Style Soya Chaap Curry Recipe,0.0
10502,Instant Chilli Pickle Recipe,0.0
4520,Pachai Mor Kuzhambu Recipe,0.0
10487,Oats Cheela Recipe Stuffed With Creamy Palak Paneer,0.0
10506,One Pot Butter Chicken Khichdi Recipe,0.0
4515,Knol Khol in Yogurt (Recipe In Hindi),0.0
4510,Coriander Leaves Dry Curry (Recipe In Hindi),0.0
4508,Pink Dragon Fruit Kesari Recipe (Sooji Halwa with Dragon fruit),0.0
10511,Potato Vindaloo Recipe (Spicy Goan Potato Curry),0.0
10512,Crispy Chicken Dumplings Recipe,0.0
4527,Chettinad Inippu Seeyam Recipe,0.0
4530,Chicken Masala Fry Recipe,0.0
4381,Karnatak Style Hurigadale Tambittu Recipe - Gram Flour Ladoo,0.0
10470,Radhaballabhi Recipe (Bengali Stuffed Poori With Spiced Urad Dal),0.0
4549,Baked Bitter Gourd Bhajji Recipe - Karela Fritters,0.0
10461,Karuveppilai Chutney Podi Recipe - Curry Leaves Chutney Podi,0.0
10463,Anardana Chutney Recipe - Pomegranate Chutney (Recipe),0.0
10464,Healthy Jamun Cooler Recipe (Black Plum Juice),0.0
10465,Senai Kizhangu Gotsu Recipe - Spicy & Tangy Yam Curry Recipe,0.0
4547,Ragi Badam Soup Recipe,0.0
4546,Punjabi Style Creamy Cauliflower And Peas Curry (Recipe in Hindi),0.0
10484,Rajasthani Kadhi Recipe - Rajasthani Kadhi (Recipe In Hindi),0.0
4545,Keema Kaleji Recipe- Mutton Liver Mince,0.0
4542,Lauki Tamatar Ki Sabzi (Recipe In Hindi),0.0
4540,Konkani Style Batata Song Recipe - Dry Red Chili Potatoes Fry,0.0
4532,Bharwa Karela Masala Recipe,0.0
10482,Spinach Khandvi Recipe - Savory Gram Flour Pinwheels With Spinach,0.0
4531,"Andhra Style Chilakada Dumpa Pulusu Recipe (Sweet Potato in Tangy, Sweet & Spicy Curry Recipe)",0.0
10514,Moon Biscuits Recipe (Moon Shaped Baked Cookies),0.0
10516,Fruit Pachadi Recipe,0.0
4506,Semiya Payasam With Coconut Milk Recipe,0.0
10552,Bengali gram dal recipe,0.0
10542,North Indian Feni Recipe - Sevaiyan Kheer,0.0
10543,South Indian Papad Curry Recipe - Appalam Vathal Kuzhambu (Recipe),0.0
10544,Moong Dal Khichdi Recipe For Babies And Toddlers Over 10 Months,0.0
4487,Kara Kadubu Recipe (Malanad Style Steamed Spiced Rice Dumplings),0.0
10549,Raw Mango Murabba Recipe - Cinnamon Spiced Mango Jam,0.0
4485,Bengali Bhetki Macher Paturi Recipe (Barramundi Fish Wrapped in Banana Leaf),0.0
4483,Boti Masala Chaat Recipe,0.0
10519,Lu Potol Post Recipe (Lu Parwal In Poppy Seed Masala Recipe),0.0
4482,Chatpata Potato Canapes Recipe,0.0
10556,Wheat Millet Thepla Recipe - Bajra Masala Paratha,0.0
10557,Kaju Badam Ladoo Recipe,0.0
10559,Tomato Curry Leaf Chutney With No Onion No Garlic Recipe,0.0
10560,Rajasthani Goonde Vegetable Recipe (Bird Lime Stir Fry),0.0
10561,Baked Oats and Whole Wheat Kachori Stuffed with Peas Recipe,0.0
10541,Hyderabad Soy Biryani Recipe With Vegetables & Palak,0.0
4491,Lemongrass Coconut Rice (Recipe In Hindi),0.0
10538,Mustard Vegetable Curry Recipe,0.0
4494,Cottage Cheese And Peas Oatmeal Pancakes Recipe,0.0
4496,Colombi Rice Recipe - Maharashtrian Prawn Rice Recipe,0.0
4497,Traditional Panakam Recipe,0.0
4499,Avarekaalu Obbatu Recipe ( Sweet Paratha stuffed with Field Beans Recipe),0.0
10532,Katachi Amti (Recipe In Hindi),0.0
10531,One Pot Spicy Vegetable Pulao Recipe with Coconut Milk,0.0
10530,Bael Ka Sharbat Recipe - Wood Apple Squash Drink,0.0
10529,Kovakkai Podi Curry Recipe - Tamil Nadu Style Ivy Gourd Stir Fry,0.0
4501,Til Ke Laddu Recipe (Sesame Seeds Laddu Recipe),0.0
10525,Kalyana Veetu Senai Curry Recipe - South Indian Spicy Roasted Yam,0.0
4502,Mushroom Pasanda Recipe (Butter Fried Mushrooms in Tomato Almonds and Cream Gravy),0.0
4503,Authentic Nimki Recipe - Evening Tea Time Snack,0.0
4504,Uttaranchal Style Garwhali Kafuli Recipe (Spinach Curry),0.0
10520,Biryani Masala Powder Recipe - Biryani Masala Powder Recipe,0.0
10455,Egg Sholay Kebab Recipe,0.0
10454,Kothamalli Karuveppilai Sadam Recipe - Coriander And Curry Leaves Rice,0.0
10451,Vegan Mango Lassi Recipe,0.0
10380,Curd Rice With Carrots Recipe,0.0
10372,Puli Inji Recipe - Tamarind and Ginger Chutney,0.0
10375,Egg Pakora Recipe - Egg Fritters,0.0
10376,Aloo Matar Pudina Tikki Recipe,0.0
10377,Cabbage Besan Fry Recipe,0.0
10378,Gavar Ki Sabzi (Recipe),0.0
4582,Barnyard Millet Idli And Dosa Recipe,0.0
10382,Singhara Ato Chill Recipe (No Onion No Garlic Navratri Fasting / Fasting Recipe),0.0
10391,Suji Manda Pitha/Sweetened Coconut Stuffed Semolina Dumplings Recipe,0.0
4581,One Pot Aloo Gobi Sabzi Recipe Using Preethi Electric Pressure Cooker,0.0
10384,North Arcot Special Thavalai Dosai Recipe,0.0
10385,Oats Sugar Pongal Recipe,0.0
10386,Chatpata Lobia Chaat Recipe - Healthy Black Eyed Bean Snack,0.0
10387,Chettinad Style Pepper Cabbage Recipe - Cauliflower Pepper Fry Recipe,0.0
4580,Ajwaini Tamatar Bhindi (Recipe In Hindi),0.0
4585,Mango Ladoo Recipe,0.0
10369,Mushroom Methi Brown Rice Recipe,0.0
10366,Gilka Bhajji Recipe-Silk Squash Fritters,0.0
10365,Mooli Bhurji recipe,0.0
10363,Chotti Aloor Dum Recipe - Baby Potatoes In Tomato Gravy,0.0
10362,Maharashtrian Tandalachi Ukad Recipe - Rice Flour And Buttermilk Porridge,0.0
10361,Bengali Holud Mishti Pulao Recipe - Saffron Flavored Rice With Nuts,0.0
4588,Gujarati Kadhi Recipe,0.0
4589,Maharashtrian Gopalkala Recipe (Curd Poha With Fruits),0.0
10358,Spicy Tomato Rice - Tomato Pulihora Recipe,0.0
10357,Aval Payasam Recipe - Sweet Flattened Rice Payasam,0.0
10355,Dal Fara Recipe (Indian Stuffed Lentil Dumplings),0.0
10354,Banana Stem Chickpea Curry,0.0
10351,Raw Banana & Ajwain Paratha Recipe,0.0
10350,Paneer Tikka Pulao Recipe,0.0
10349,Red Chilli and Tomato Pachadi Recipe,0.0
10348,Maharashtrian Style Gajarachi Koshimbir Recipe -Carrot Salad,0.0
10390,Godhi Chutney Podi Recipe (Wheat Germ South Indian Spice Powder),0.0
4579,Agathi Keerai (Recipe In Hindi),0.0
10447,Brinjal Methi Bharta Recipe with Pomegranate - Baingan Methi Ka Bharta Recipe,0.0
10435,Basil Tea Recipe,0.0
10425,Paal Payasam Recipe - Rice Kheer / Pudding,0.0
10426,Spicy Indian Style Onion Rings Recipe,0.0
10428,Amritsari Gobi Matar Recipe (Punjabi Style Creamy Cauliflower and Peas Curry),0.0
10430,Thandai Ladoo (Recipe In Hindi) Recipe,0.0
4556,Vendakkai Vengayam Sambar Recipe (Okra in Tangy Lentil Curry),0.0
10433,Masaledar Moongphali Til Wale Aloo Recipe,0.0
10436,Mysore Chutney Recipe - Chana Dal Chutney,0.0
10396,Andhra Vankaya Fry Recipe With Peanuts - Brinjal Peanut Sabzi,0.0
10437,Mangai Inji Pickle Recipe- Instant Mango Ginger Pickle,0.0
4554,"Bread, Paneer and Potato Vada Recipe - Bread, Paneer & Potato Instant Vada Recipe",0.0
4552,Horse Gram Chutney Podi Recipe,0.0
10442,Lapsi Recipe - Sweetened Gujarati Broken Wheat,0.0
4550,Dry Fruit Burfi Recipe With Gulkand,0.0
10445,Apple Halwa (Recipe In Hindi),0.0
4559,Foxtail Millet Kheer Recipe (Millet Pudding With Saffron & Nuts),0.0
10418,Carrot Curd Rice Recipe - Curd Rice With Carrots Recipe,0.0
10417,Sweet and Spicy Raw Mango Chutney,0.0
4562,Mooli Aur Kaccha Kela Kofta Recipe (Grated Radish And Raw Banana Dumplings In Gravy),0.0
4564,Snake Gourd Kootu Recipe (Pudalangai Kootu),0.0
10411,Lemon 7 Up Cake Recipe,0.0
10410,Methi Moong Dal Recipe - Healthy Diabetic Friendly Recipe,0.0
10409,Maharashtrian Kulith Shengole Recipe - Spicy Horse Gram Flour Dumplings,0.0
4568,Mysore Style Avarekalu Rasam Recipe,0.0
4569,Coconut Chutney With Coconut Water (Recipe In Hindi),0.0
10405,Raw Mango Puliyogare Gojju Recipe With Peanuts,0.0
10404,Green Beans Egg Scramble Recipe - Green Beans Egg Scramble Recipe,0.0
4571,WeetBix Halwa Recipe,0.0
4572,Foxtail Millet Paruppu Adai With Keerai Recipe,0.0
4574,Andhra Style Kandagadda Vepudu Recipe - Yam Stir Fry Recipe,0.0
10399,Beans Vepudu Recipe (Andhra Style Beans Cooked With Spicy Sesame Spicy Mix),0.0
10397,Banana Apple Porridge Recipe (Banana Apple Porridge),0.0
4479,Dry Fruit & Nut Modak Recipe,0.0
10569,Tomato Curry Leaf Chutney Recipe - Tomato Curry Leaf Chutney Recipe,0.0
10570,Karnataka Style Gorai Kai Kara Recipe - Cluster Beans Chutney,0.0
4410,Thinai Thakkali Sadam Recipe (Foxtail Millet Tomato Rice),0.0
10693,Gulkand Chai Recipe - A Delicious Rose Flavored Indian Tea,0.0
10699,Instant Puliodarai Powder Recipe (Puliogare / Pulihora Powder),0.0
10701,Kabuli Chana Sundal Recipe - Chickpea Sundal Recipe,0.0
10705,Pista Burfi Recipe - Indian Spiced Pistachio Fudge,0.0
10706,No Onion No Garlic Lobia Masala Recipe In Electric Pressure Cooker,0.0
10708,Desiccated Coconut Coriander Chutney Recipe,0.0
10712,Dharwad Peda Recipe,0.0
10732,"Corn Salad With Radishes, Jalapeño And Lime In Mint Mayo Recipe",0.0
4408,Tamil Nadu Style Beetroot kootu Recipe,0.0
10714,Vegan Kofta Curry Recipe,0.0
10715,Chana Dal Chutney Recipe,0.0
10718,Beetroot Millet Paniyaram Recipe,0.0
10719,Kerala Style Tapioca with Coconut Curd Chutney Recipe,0.0
10722,Lentil Sauce Recipe - Stewed Coconut Milk Sauce,0.0
10692,Thulli Recipe (Broken Wheat Halwa),0.0
4411,Buy Manga Soya Sundal Recipe,0.0
4412,Kerala Cheriya Ulli Sambar Recipe,0.0
4415,Buckwheat Dosa Recipe,0.0
10687,Rava Chakli Recipe - Karnataka Style With Rava & Rice Flour,0.0
10686,Keerai Masiyal Recipe,0.0
4416,Coconut Kozhukattai Recipe,0.0
10683,Green Chilli Chicken Fry Recipe - Green Chilli Chicken Fry Recipe,0.0
4422,Aoria Special Dalma Recipe (Aoria Dal & Tarkari),0.0
10678,Stuffed Palak Paneer Paratha,0.0
4425,Goan Style Recheado Bangdo Recipe | Stuffed Mackerel,0.0
10674,For Chikki Recipe - Healthy Sesame Bars,0.0
10672,Carrot Chutney Recipe,0.0
10671,Roasted Chickpeas Recipe,0.0
4430,Gourd Peel Chutney Recipe - Bottle Gourd Peel Chutney Recipe,0.0
4433,Sukhe Methi Chole Recipe,0.0
4436,Besan vegetable recipe,0.0
4406,Niramish Aloo Dum Recipe,0.0
10733,Goan Poee Recipe,0.0
10659,Muttaikose Poriyal Recipe - Cabbage Stir fry With Coconut,0.0
4387,Karjikai (Karnataka Style Deep Fried Sweet Pastry Recipe),0.0
10770,Lentils and Mixed Grains Khichda Recipe,0.0
4390,Andhra Style Kandi Pachadi Recipe (Masoor Dal Chutney Recipe),0.0
10772,Banana Pomegranate Raita Recipe - Kela Anar Raita,0.0
10773,Dhania Wale Aloo Recipe - Coriander Potato Dry,0.0
4388,Andhra Style Vankaya Kothimeera Karam Recipe - Brinjal Cooked With Spicy Coriander Mix Recipe,0.0
10778,Carrot Orange Walnut Raita (Fruity Nutty Yogurt) Recipe,0.0
10781,Badam Halwa Recipe,0.0
10736,Potato Paneer Curry Without Onion And Garlic Recipe (Vrat Wale Aloo Paneer),0.0
10783,Badam Halwa Recipe,0.0
10784,Tender Coconut Ice Cream Recipe,0.0
10785,Milk Powder Chena Burfi Recipe,0.0
10786,Goan Style Sando Recipe (Steamed Rice Cakes Filled With Sweet Coconut),0.0
10787,"Til Moongphali Aur Kundru Sabzi Recipe - Sesame, Peanuts And Ivy Gourd Stir Fry",0.0
4382,Peerkangai Thogayal Recipe (Ridge Gourd Chutney),0.0
4392,Creamy Indian Butter Fish Recipe - Creamy Pabda Fish,0.0
10762,Hunase Gojju Recipe - Hunase Gojju Recipe,0.0
10760,Andhra Style Lettuce Pulp Recipe (Spinach Dal Recipe),0.0
4400,Arab Dahi Wali Sabz rode,0.0
10758,Karnataka Style Ragi Ujju Rotti Recipe,0.0
4401,Amla Chutney Recipe - Hot and Sweet Amla Chutney Recipe,0.0
10754,Beetroot Loni Sponge Dosa Recipe,0.0
4402,Doodh Jhinge Curry Recipe-Ridge Gourd Cooked In Milk,0.0
10749,Spicy Baby Potatoes Recipe,0.0
10748,Vegan Navratan Korma Recipe,0.0
10747,Green Moong Dal Sundal Recipe - Green Moong Dal Sundal Recipe,0.0
10746,Tamil Nadu Style White Paniyaram Recipe - Semi Sweet Rice & Dal Printers,0.0
4403,Avalakki Porridge In Warm Spiced Berries Recipe,0.0
10741,Sour Sweet Petha Recipe (Yellow Pumpkin Vegetable),0.0
10739,Kashmiri Style Shab Deg Recipe-Mutton Kofta and Turnip Curry,0.0
10738,Kerala Style Appam Recipe - Kerala Style Appam Recipe,0.0
10737,Fansi Muthia Nu Shaak Recipe - Green Beans With Gram Flour Dumplings,0.0
10660,Bengaluru Style Brinjal Gravy Recipe - For Biryani,0.0
4437,Kabuli Chana Rasam Recipe - Kabuli Chana Rasam,0.0
10573,Royal Bread Gulab Jamun Recipe,0.0
10600,Paneer and Green Peas Paratha Recipe - Paneer and Green Peas Paratha Recipe,0.0
10593,Chettinad Style Prawn Biryani Recipe,0.0
4468,Green Moong Dal Kootu with Raw Banana Peel Recipe,0.0
10596,Paal Kesari Recipe - South Indian Style Milk Kesari,0.0
4466,Broccoli Paneer And Peanut Masala Recipe,0.0
4464,Awadhi Style Sheermal Recipe - Sweet Flat Bread,0.0
10599,Mukhadi Halwa Recipe (Semolina & All Purpose Flour Halwa),0.0
10601,Kobari Charu recipe - Kobbari Charu Recipe,0.0
10610,Wheat Grass Shikanji - Wheat Grass Lemonade Recipe,0.0
10602,Basil Tincture Recipe (Or) - Herbal Drink From Basil,0.0
10604,Tamil Nadu Style Spicy Egg Fry Recipe,0.0
10605,Chirer Dudh Puli Recipe - Bengali Style Baten Rice Dumpling Milk,0.0
10606,Waffle Broth Recipe - Puppet's Yamarinta Crovy,0.0
10607,Kashmiri Style Modur Pulao With Pomegranate Recipe,0.0
10608,Elephant Yam Raita (Recipe In Hindi),0.0
10591,Gond Ke Ladoo Recipe - Edible Gum Ladoo,0.0
10590,Chole Masala Recipe - Dry Masala Chickpeas (Recipe),0.0
10589,Rajasthani Kachri Chutney Recipe - Rajasthani Kachri Ki Chutney Recipe,0.0
10588,Fasting Potato Paneer Recipe - Potato Paneer Curry Without Onion And Garlic Recipe,0.0
4469,Vegan Carrot Halwa Ice Cream Recipe,0.0
10586,Nellikai Oorugai / Amla Sambhario Recipe (Instant Gooseberry Piccile Recipe),0.0
4474,Sweet and Spicy Tomato Chutney Recipe,0.0
4476,Kerala Vendakkai Thoran Recipe,0.0
10583,Vedakkai Thoran Recipe - Kerala Style Bhindi Stir Fry,0.0
10582,Jodhpuri Aloo Recipe,0.0
10580,Stuffed Arbi Paratha Recipe,0.0
10579,Assamese Sweet Kordoi Recipe,0.0
10578,Sprouted Matki Chila Recipe with Spinach - Moth Bean Chila,0.0
10577,Kasuri Methi and Potato Frying Recipe,0.0
10576,Karela Dahi Puri Recipe - A Chatpata Chaat Made From Bitter Gourd,0.0
10575,Potlankaya Perugu Pachhadi Recipe (Curd & Sunke Gourad Chutney),0.0
4477,Kadle Bele Chutney Pudi Recipe,0.0
10609,White Pumpkin Mor Kuzhambu Recipe - Kerala Style White Pumpkin Curry,0.0
4463,Murmura Jaggery Laddu/ Pori Urundai Recipe,0.0
4438,Varan Bhat Recipe - Maharashtrino Dal Recipe,0.0
10647,Dahi Bhalla Papdi Chaat Recipe,0.0
10639,Rajasthani Style Dried Gatta Capsicum Vegetable Recipe,0.0
10640,Kerala Style Raw Banana and Suran Kotu Curry Recipe - Kerala Style Plantain & Yam Thoran Recipe,0.0
4451,Kheel Paniyaram Recipe - Kheel Paniyaram Recipe,0.0
4450,Konkani Style Koli Masala Recipe- Spice Mix,0.0
10644,Crispy Masala Peanuts Recipe - Gujarati Sing Bhujia,0.0
10645,Maa Ki Dal (Recipe),0.0
4445,Karnataka Style Aralu Sandige Recipe - Puffed Paddy Fryums,0.0
10613,Tofu Pulao Recipe,0.0
4444,Goan Sweet Churmo Recipe,0.0
10651,Togari Bell Thove Recipe - Tour Dal Juice,0.0
4443,Thengai Poornam Kozhukattai / Ukadiche Modak Recipe With Rice Flour,0.0
4442,Baked Vermicelli Malpua Recipe,0.0
10654,Nutty Aloo Paratha Recipe,0.0
10656,Masalewali Turai Sabzi Recipe - Masalawali Turai Sabzi Recipe,0.0
4452,"Sprouted Green Moong and Raw Mango Salad Recipe - Green Moong Sprouts, Raw Mango Salad Recipe",0.0
4454,Pulikuthi Upperi Recipe - Spicy & Tangy Palakkad Poriyal Recipe,0.0
4455,Yele Kadubu and Onion Chutney Recipe - Yele Kadubu Recipe With Sweet And Spicy Onion Chutney,0.0
10633,Maharashtrian Style Semolina and Yogurt Cake Recipe,0.0
10632,Pasi Paruppu Kosumalli Recipe (Spiced Lentil Salad Recipe),0.0
4456,Cauliflower Palak Methi Muthia Recipe,0.0
4457,Kauni Rice Paniyaram Recipe (Fruit Rice Paniyaram Recipe),0.0
4460,Karnataka Style Palak Dal or Palak Tovwe Recipe - Palak Dal,0.0
4462,Mushroom Pasanda Recipe,0.0
10627,Makhan Recipe (Homemade Butter),0.0
10626,Bengali Chirer Payesh / Poha Pudding Recipe With Nolen Gur,0.0
10625,Crunchy Ginger Capsicum Rice Recipe,0.0
10623,Roasted Cauliflower Recipe,0.0
10622,Karwar Style Ambade Udid Methi Recipe - Hog Plum Curry,0.0
10621,Thengai Sadam Recipe (A Quick and Healthy Coconut Rice),0.0
10617,Radish Soup Recipe,0.0
10616,Dubuk Vade Recipe - Khandeshi Gram Flour Dumpling Curry,0.0
18565,Maharashtrian Goda Masala Powder Recipe,0.0
